#{"t_start": 1784617009.6591253, "env_id": "None"}
r,l,t
-92.29078,164,8.199403
-169.36934,273,10.58773
-562.1858,500,15.354237
-545.5675,500,15.354279
-170.60513,500,19.153843
-156.7544,187,19.753013
-509.6937,500,21.915849
-68.17997,88,21.98363
-57.291355,88,24.159387
-70.839905,105,24.48991
-33.854176,82,26.475042
-750.99036,500,27.407719
-78.59957,108,29.813079
-506.16415,500,31.002028
-292.12427,304,31.078713
-67.07884,90,32.995614
-146.72784,191,35.009351
-267.8827,183,36.576297
-394.6972,500,37.140924
-402.8597,371,37.561058
-15.585555,20,37.612441
366.26593,171,41.810366
-125.95504,190,42.278892
-213.66782,259,43.010653
-161.00371,139,45.165246
-24.054077,38,46.062506
-314.20926,500,46.643064
-117.8599,93,47.932343
-53.734024,71,48.100536
-186.70483,308,49.153314
-93.85357,171,54.892993
-114.73753,220,54.928438
-156.21132,251,55.427082
-12.376003,13,55.692439
-656.03125,500,55.92972
-37.298653,53,56.886863
-86.47514,173,58.598582
-62.124477,84,60.262114
-408.90396,305,62.349722
-21.00875,36,63.296493
-97.96151,182,64.315071
-252.34773,500,65.654046
-219.88828,413,65.712415
-85.3735,131,66.053879
-33.28508,42,66.565743
-70.16154,115,66.777976
-112.45283,123,68.614695
-144.6424,176,69.431544
-25.21003,36,70.439677
-127.84811,160,70.493252
-126.57115,154,72.340216
-130.70195,268,72.670445
-113.33301,205,75.01646
-147.1606,144,75.973586
-42.273136,65,76.624019
-111.551636,134,79.004994
-90.09961,113,79.119382
-18.717607,25,79.616534
-279.63208,328,79.713572
-297.04453,500,81.4402
-43.307835,95,81.500824
-50.16096,49,82.478762
-181.1917,188,82.815001
-69.920135,86,83.42064
-76.33997,179,83.483585
-25.845783,58,83.827889
-41.037403,69,84.810816
-75.68631,125,85.4716
-113.879456,166,86.86732
-108.599,135,88.221988
-60.818295,116,89.151423
-67.14175,109,90.367572
-190.99127,278,90.404613
-30.366133,79,90.74393
-37.095413,51,91.793197
-59.78903,116,92.748967
-306.77805,451,92.923634
-61.300728,141,93.288455
-81.468094,99,93.863583
-96.42764,121,95.834636
-130.9043,135,99.6993
-126.99558,194,100.149886
-68.96399,93,100.968538
-32.65673,46,101.216489
-88.96496,273,101.771321
-32.447247,42,101.961875
-27.220375,31,102.420312
-6.781614,8,102.591191
-40.78212,65,103.276376
-45.741383,100,103.313679
232.55617,32,103.952729
-53.238102,73,104.09008
-41.57778,54,104.43589
-29.758732,33,104.764088
-32.262367,48,104.952259
-164.02477,244,105.027518
-14.553566,27,105.565404
-6.2466993,69,105.848533
-48.57194,53,106.042358
-16.640167,28,106.156111
-21.382906,37,106.621202
-31.882889,42,107.005117
-42.647842,61,107.305478
-21.860313,35,107.365846
-33.25521,48,108.061525
-29.233599,53,108.499903
-32.69483,43,108.964811
-31.553396,93,109.350862
-12.0484085,21,109.466279
-24.524626,35,110.076086
-29.526278,42,110.374244
-161.64395,265,110.469557
-23.53588,32,111.208211
-29.91217,32,111.265172
-17.310005,26,111.788639
-43.128086,102,112.429619
-119.575035,185,112.642756
-27.113735,48,112.863306
-60.470505,83,113.158658
-15.695549,33,113.703532
-31.522818,52,113.801555
-26.880892,44,113.907039
-25.692837,41,114.311253
-37.13076,59,115.407632
-25.681948,61,115.576899
-54.96096,70,115.893954
-36.457737,57,115.935347
-12.86865,18,115.97564
-27.313454,30,116.817223
-37.1448,59,117.517525
-39.740143,74,117.574156
-31.237963,41,117.765277
-37.64195,79,117.918132
-13.598228,19,117.95412
5.6884365,39,118.555845
-50.655422,71,119.01645
-19.386974,31,119.201042
-59.440495,84,119.631865
-58.203472,86,119.705654
-15.145518,29,119.82004
-18.061123,38,119.856294
-16.728905,42,120.565436
-22.040598,48,120.821744
-33.827286,56,121.02649
-60.749966,101,121.77685
-52.259983,70,122.078214
-24.318933,32,122.450121
48.268566,94,123.029228
-52.088436,81,123.983782
-30.525187,69,124.117826
-25.998644,60,124.443232
-58.60089,180,124.82547
-21.396908,46,125.102202
-20.616962,34,125.197257
-16.872633,30,125.909665
-65.414474,92,126.049094
-35.999218,52,126.088207
-14.676368,17,126.421881
-24.73787,35,126.67758
-40.833393,73,126.774424
-28.256968,42,127.294817
9.618855,22,127.766035
-78.33189,94,128.113437
-28.670156,39,129.062976
42.469578,67,129.410666
-37.85754,74,130.715233
-123.69337,198,131.211757
-56.652138,83,131.211796
-158.02794,222,131.730102
-22.95841,48,131.895857
-21.075087,27,131.967693
-18.12548,30,132.708074
-32.531258,40,132.936014
-45.603672,92,133.578469
-37.99851,61,134.208499
-79.88211,121,134.680444
-53.633472,55,134.816319
-16.78675,22,135.26878
-32.95675,44,135.613903
-70.049866,101,136.279743
-112.51053,181,136.819709
-33.751923,91,137.116443
-34.97052,55,137.428684
-50.31748,89,137.428724
-35.282887,37,137.891623
-16.16133,31,138.078771
-26.036636,38,138.672228
-22.967377,51,139.094016
-54.56907,113,139.169702
-18.38476,37,139.455361
-47.489456,98,139.4554
-18.673405,26,139.662738
-25.376755,54,140.545789
-30.843859,58,140.640242
-31.761114,52,140.737052
-10.016064,12,140.832652
79.324554,106,141.382118
-29.158024,39,141.476966
-30.85494,43,141.648324
-32.822014,50,141.884245
-13.909558,27,141.98347
-12.404808,14,142.202896
-30.083326,38,143.063064
-42.38321,63,143.063101
-47.45131,67,143.464489
-27.029678,34,143.788253
-69.1316,105,143.788296
-34.8664,50,144.111641
-19.640472,26,144.317739
-18.417908,21,144.564326
-23.22651,40,144.65906
-18.062372,23,144.916003
-18.42353,26,145.347055
-36.774033,83,145.418073
-18.639946,38,145.584058
-15.03583,22,148.370769
-20.791964,38,148.893631
-12.271319,20,148.960277
-47.701393,73,149.28393
-14.894818,20,149.475609
-13.280962,18,149.814256
-29.3122,72,149.976842
-9.010538,16,150.264639
-41.646988,55,150.406051
-11.052277,19,150.556765
-9.20677,12,150.764287
-13.9275255,25,151.019749
-12.33623,16,151.26527
-43.81707,78,151.783863
-30.591448,41,151.824917
-17.031158,29,152.146244
-36.384113,41,152.306834
-14.864052,19,152.433296
-15.929525,20,152.78224
-18.373543,34,153.33185
-32.461174,64,153.540916
-8.153379,11,153.578287
-16.450699,22,154.032597
-17.848755,23,154.089515
-19.679916,67,154.31942
-60.439114,88,154.435843
-16.168816,21,154.511566
-6.168292,7,154.610093
-15.058855,19,154.765688
-22.30709,28,155.199786
-18.399712,24,155.28199
-34.274506,40,155.405259
-8.092842,9,155.600473
-19.336843,26,155.856469
59.40591,89,156.067686
-36.533947,53,156.370213
-13.431292,41,156.502924
-17.453188,33,156.653251
-9.798869,10,156.961697
-22.472933,33,157.341323
-35.148045,48,157.341359
-14.011883,18,157.443202
-11.858084,12,157.668136
-30.189205,40,157.668183
-21.935293,31,158.132504
-18.432114,42,158.535232
-36.597485,45,158.619505
-16.55373,23,158.657328
-11.897939,16,158.914589
-55.53186,81,159.148423
-18.682606,26,159.205171
-13.251383,16,159.280192
-13.8578615,20,159.695755
-17.664406,28,159.773304
-19.919897,30,159.870315
-36.24826,58,159.946295
-10.92737,14,160.045695
-11.119664,13,160.180727
-13.102776,15,160.297547
-16.144653,25,160.374883
-9.7535305,15,160.413057
-13.998802,17,160.633341
-9.58378,12,160.735449
-12.007799,18,160.792712
-15.548892,24,160.995599
-14.718774,25,161.211469
5.6050158,7,161.370029
-15.036396,26,161.564184
-31.077621,52,161.929837
-21.81895,26,161.929876
-45.278282,60,162.065169
-22.848234,31,162.241826
-10.0185585,15,162.27863
-21.18769,29,162.692807
12.314009,27,162.852235
-28.424503,44,162.910116
-9.592329,10,162.947875
-33.17832,46,163.27775
-22.667103,31,163.545441
-24.54442,32,163.639452
-15.525804,16,163.889086
-28.485275,48,163.97231
-26.652939,44,164.22804
-29.880133,30,164.534435
-9.96511,17,164.609522
-24.981384,29,164.609557
-25.098732,46,164.666612
-8.904837,14,164.920593
-12.015285,15,164.957725
-14.597106,21,165.056679
-19.223392,28,165.28721
-16.185043,21,165.495194
-24.222818,27,165.552272
-11.896056,26,165.841228
-33.707603,48,165.972458
-12.806132,23,166.329641
-33.71353,44,166.446155
-14.499479,28,166.915736
-37.75621,54,167.114008
-12.200125,21,167.366093
-12.818467,19,167.519724
-36.99446,56,167.63332
-59.33998,100,167.689316
-15.708805,21,168.146268
-26.720482,29,168.184571
-29.888609,37,168.222576
-20.55754,35,168.440853
-19.69585,24,168.73111
-22.598042,30,168.843506
-19.6282,23,168.960336
-23.741629,36,169.018141
-14.896279,17,169.243525
-28.1193,46,169.76037
-24.853226,38,169.836108
-26.195936,46,169.996332
-31.159735,36,170.052902
-16.675627,21,170.268996
-21.037657,38,170.68121
-24.160715,33,170.717602
-16.236359,23,170.775407
-34.243565,47,171.070409
-11.523433,17,171.107858
-14.809362,30,171.420677
-19.95787,30,171.719666
-35.761177,54,171.873507
-12.1932955,23,172.218082
-31.467064,52,172.218118
-13.7131405,18,172.277112
-25.932308,42,172.353422
-10.039158,14,172.544618
-8.980987,15,172.855524
-26.242065,56,173.527306
-38.79983,60,173.689903
-31.837534,41,173.879002
-2.6540952,66,173.914818
-17.16052,24,174.398202
-22.364693,29,174.507899
-29.135536,44,174.67917
-7.49984,12,174.802244
-32.77737,62,174.970172
-14.709188,23,175.232701
-18.619432,36,176.086762
-13.344109,69,176.405289
-56.802177,87,176.463492
-47.45013,67,176.541986
-21.880245,35,176.855536
-16.597364,25,176.971281
-17.599087,25,177.028521
-33.500114,46,177.511183
-26.500711,27,177.549354
-14.4397,25,178.03651
-42.07856,58,178.231047
-28.768879,39,178.366881
-9.995111,19,178.463955
-11.621592,16,178.792111
-19.112406,33,178.948425
-13.8389015,16,179.270145
-75.09496,117,179.363109
-14.733718,26,179.363143
-37.18398,49,179.439422
-11.058483,15,179.634542
-15.188083,27,179.942426
-7.185006,8,180.148332
-19.358345,33,180.184605
-28.187681,40,180.280066
-34.315006,33,180.396679
-11.587202,13,180.496324
-13.686557,17,180.599242
-17.699593,22,180.826877
-18.268852,25,181.095198
-18.618572,23,181.331364
-22.440132,41,181.503099
-14.519904,20,181.750719
-39.921825,62,181.80597
-32.30635,51,182.196913
-28.089281,39,182.358086
-23.863005,27,182.415597
-20.729528,35,182.571297
-16.03548,20,182.687821
-9.1982565,15,182.783965
-10.937166,17,182.95911
-8.122168,13,182.996212
-10.333302,12,183.072302
-27.009178,48,183.565781
-27.782623,28,183.722979
-11.024817,18,184.096493
-23.743313,44,184.234895
-25.133116,50,184.469191
-11.423496,21,184.81776
-10.005742,13,184.856414
-22.079872,37,185.157718
-15.30587,21,185.375748
-42.702938,66,185.513911
-27.606932,37,185.718666
-22.136421,43,186.094436
-19.896893,39,186.227609
-24.94233,41,186.395309
-27.359987,37,186.508152
-20.586985,24,186.625411
-15.890588,20,186.840798
-11.491044,17,186.998468
-20.150606,35,187.275992
-21.40324,27,187.614032
-39.268314,66,187.710995
-9.975493,11,187.877052
-13.196908,17,188.086738
-28.67874,43,188.256736
-20.982615,27,188.449693
-10.645628,25,188.642348
-11.2521715,17,188.642387
-12.869265,29,189.217523
1.1351805,111,189.27306
-35.511677,60,189.707585
-56.834824,66,190.001158
-27.147387,38,190.111606
-20.457201,20,190.213431
-24.924646,45,190.270136
-10.278692,17,190.466846
-13.851922,21,190.719397
-15.490496,24,190.757082
-23.420982,38,191.008356
-15.793214,20,191.231733
-25.084675,41,191.462709
-27.732386,27,191.679214
-24.355312,33,192.012792
-11.450248,16,192.058551
-7.540565,8,192.265318
-31.628199,42,192.446171
-7.4161124,9,192.484255
-58.817413,80,192.659868
-12.20388,13,193.002772
-18.00699,25,193.102865
-22.307186,27,193.146087
-46.814556,56,193.432599
-19.313278,24,193.721877
-27.349129,41,193.972011
-31.424202,38,194.258466
-16.18417,29,194.332112
-33.833088,64,194.541246
-15.142615,20,194.69399
-6.9784384,11,194.787817
36.883316,26,194.902821
-22.440367,46,194.977865
-11.75367,15,195.053854
-8.129982,12,195.245302
-12.922118,20,195.490272
-16.57235,31,195.490309
-12.0192995,14,195.781632
-30.728508,44,195.876806
-13.162951,20,195.933308
-11.9075575,18,197.741919
-15.677979,16,197.817018
-8.541956,14,197.817057
-30.569122,56,198.044687
-7.443159,8,198.219069
-15.650764,20,198.256564
-24.35373,33,198.488506
-16.029243,16,198.585686
-27.959234,36,198.623081
-13.722772,19,198.703483
-7.870626,13,198.819195
-8.851371,12,198.895952
-15.954652,20,199.093526
-9.852394,11,199.154655
-14.947792,20,199.194338
-5.958255,8,199.309396
-25.876417,30,199.529927
-21.452467,31,199.954736
-10.345584,19,200.053355
-27.722536,37,200.136721
-15.495465,17,200.455516
-12.4542885,15,200.506291
-13.590288,17,200.650331
-30.22559,50,200.725063
-16.701048,23,201.19946
-14.987923,22,201.286518
-14.224952,30,201.369758
-16.332176,30,201.563294
-17.05692,20,201.792038
-8.136356,12,201.883121
-11.228118,13,202.218011
-26.80247,31,202.255829
-30.249424,38,202.294334
-12.468905,15,202.598266
-17.709536,34,202.79166
-24.986998,30,202.974271
-21.926924,35,203.120852
-12.119396,15,203.158662
13.238098,29,203.295692
-8.872302,10,203.539943
-11.037557,20,203.619932
-17.313541,22,203.719647
-24.148304,29,203.719684
-9.51053,12,203.853571
-8.77523,14,204.026736
-15.64858,20,204.184016
-14.511443,19,204.300428
-21.657476,29,204.336948
-17.343136,23,204.567039
-9.766451,14,204.623285
-22.57048,30,204.895561
-11.191652,13,204.895598
-15.589744,26,204.957634
6.3111734,16,205.265388
-23.037172,28,205.305118
7.2270975,17,205.363561
-11.211793,20,205.401896
-11.23769,13,205.672379
-12.903635,17,205.712207
-8.555874,12,205.980774
-8.17037,14,206.020624
-22.38648,35,206.224179
-10.794665,12,206.27948
-34.97245,44,206.372756
-8.864258,12,206.506216
-20.600515,31,206.734576
-11.928095,15,206.878778
-14.38418,25,206.878814
-5.3712215,7,207.032549
-9.706768,14,207.33242
-37.85704,47,207.47224
-24.538488,29,207.549655
-22.850962,35,207.586996
-6.9677067,13,207.69099
-7.916035,13,207.969984
-17.416176,19,208.031574
-14.947603,17,208.082623
1.9865313,12,208.355953
-9.3035965,16,208.499926
-11.421635,13,208.671628
-12.092623,23,208.709253
-29.886606,42,208.87867
-7.8395925,13,209.001606
-15.817927,25,209.116007
-10.585228,12,209.172554
-18.035622,28,209.396254
-15.235428,20,209.693007
-10.531929,16,209.808227
-19.02497,38,209.940309
-12.755257,18,210.217072
-34.815346,45,210.217107
-9.228041,17,210.332902
24.412014,32,210.431082
-10.201603,11,210.488294
-13.377431,18,210.647901
-7.9819784,9,210.707258
-19.842203,25,210.918263
-6.9182277,11,210.957228
-13.5364275,19,211.093334
-14.467045,32,211.188223
-10.66139,17,211.32266
-14.267137,23,211.480798
-12.388963,17,211.581749
-6.695314,12,211.858025
-19.02917,33,211.858063
-17.530495,27,211.971654
-20.964851,28,212.149065
-10.71671,16,212.33444
-11.354601,24,212.434947
-17.9222,23,212.680775
-11.159533,16,212.718292
-24.61408,38,212.776193
-11.597109,16,213.045357
-18.463116,29,213.103023
-14.640026,24,213.255059
-13.229633,15,213.388279
-20.251608,32,213.486114
-14.162645,19,213.687573
-14.88085,30,213.785296
-11.661487,18,213.906162
-17.372812,26,214.295848
-11.835326,22,214.431892
9.059995,57,214.725176
-22.430338,42,214.783418
-13.551003,16,214.837109
-11.400155,21,214.83714
-9.639978,17,215.205373
-7.924001,8,215.390597
-19.742708,26,215.435094
-19.969564,31,215.508954
-11.932141,19,215.945474
-22.069407,30,216.156522
-11.377498,17,216.556767
-37.086945,55,216.791093
-57.28628,84,216.851514
-33.863136,40,216.966557
-10.4244175,18,217.267313
-18.271595,28,217.309125
-12.8514,20,217.399323
-11.800585,18,217.487291
-16.938732,18,217.837581
17.949715,40,218.322607
-31.93521,54,218.707496
-23.532427,52,218.707533
-22.76892,40,218.70754
-20.42192,25,218.878433
-11.388178,16,219.051925
-16.866976,21,219.176033
-17.683498,23,219.232973
-10.96328,12,219.353627
-14.293899,21,219.390209
-8.969055,9,219.565997
-12.638451,19,219.644741
-8.946368,12,219.681603
-9.694239,10,219.815449
-14.893866,19,220.080923
-29.733494,39,220.140232
-10.895875,13,220.492937
-26.303715,36,220.530938
-14.442408,22,220.678211
-17.256836,23,221.053763
-19.723333,28,221.150581
-25.536812,58,221.211004
-16.759762,31,221.387012
-3.519446,15,221.427141
-13.774666,19,221.620985
-14.614991,21,221.725696
-9.252827,21,222.165662
-18.757421,29,222.165699
-24.759705,34,222.266717
-8.207439,12,222.463965
-19.07209,24,222.805196
-21.844765,41,222.805233
-14.647974,20,223.045107
-10.787482,13,223.192667
-20.632917,38,223.362787
-20.148804,35,223.816403
-17.992598,23,223.858633
-23.170752,29,224.190091
-24.719606,40,224.238952
-12.46456,17,224.38682
-13.012646,17,224.431638
-5.751045,15,224.695041
-11.800844,16,224.896562
-18.015844,22,225.114191
-21.628613,28,225.16289
-14.548835,24,225.488436
-14.169846,25,225.658464
-17.853653,22,225.760449
-23.68515,28,225.937914
-12.978386,18,225.937952
-8.131339,12,226.056882
-6.0997467,9,226.179209
-25.703133,29,226.415872
-7.2226543,9,226.41591
-19.865807,26,226.604946
-15.110792,25,226.705251
-9.5455885,13,226.752875
-9.626408,11,227.000108
-9.113028,11,227.042841
-16.273155,20,227.148138
-23.240877,39,227.384989
-11.686501,14,227.467439
-6.574812,27,227.702089
-23.822655,30,227.766847
-10.228704,12,227.806577
-7.6326733,8,227.953092
-16.571915,24,228.082256
-20.520323,24,228.455248
-17.425217,31,228.651219
-15.514241,23,228.691583
-16.549824,29,228.751226
-10.984837,15,228.870045
-11.638177,15,229.090647
-11.426471,16,229.090693
-6.2357645,12,229.180626
-10.537322,18,229.242834
-9.971163,13,229.429958
-11.752892,14,229.48672
-8.784997,11,229.486758
-7.7278786,10,229.524902
-10.034432,12,229.755721
-11.288978,13,230.036638
-6.471893,27,230.098246
-21.282066,33,230.253114
-11.008751,16,230.408154
-17.24183,23,230.60438
93.80177,62,230.862075
-12.547029,23,230.945807
-29.625927,44,231.250159
-15.174156,17,231.328931
-14.5111265,31,231.580416
-10.366983,13,231.641094
-24.536535,46,231.697989
-11.407037,14,231.950516
-24.801401,27,232.300431
-36.00341,48,232.428781
-25.108305,34,232.428818
-19.153864,23,232.559393
-19.02037,26,233.030428
-21.84111,27,233.15686
-21.322044,33,233.339381
-20.804022,33,233.477331
-9.983275,12,233.518738
-14.843995,22,233.701957
-9.258918,16,233.835461
-9.735492,14,233.978261
-13.580252,28,234.316648
-13.291472,24,234.413302
-13.711178,23,234.641395
-15.505524,33,234.8671
-8.92351,11,235.011981
-20.135485,25,235.209388
-24.970911,32,235.325291
-8.841551,16,235.325328
-14.687904,18,235.749455
-24.015368,33,235.881221
-17.338821,29,235.969113
-6.4457493,9,236.181116
-13.575813,17,236.218259
-19.730791,43,236.386394
-3.3923426,20,236.62032
-11.357434,23,236.720347
-12.79873,18,236.79734
-20.886654,41,236.858568
-9.634457,13,236.957174
-8.487558,10,237.18065
-20.724949,22,237.278562
-14.142774,17,237.278597
-9.00842,12,237.493026
-21.430222,28,237.493062
-19.49406,26,237.84603
-15.328106,18,237.88823
-12.843239,21,237.969503
-9.708615,12,238.238616
-32.200035,44,238.297519
-15.430545,19,238.72485
-18.095661,37,238.724889
-14.083243,22,238.771492
-26.427382,40,238.88938
-8.746479,15,239.342267
-12.794468,19,239.342306
-11.492645,18,239.342313
-16.473274,22,239.432755
-13.120136,14,239.729587
-9.429575,15,239.79076
-8.992142,13,239.845376
-13.581868,27,240.183129
-7.38921,15,240.255609
-12.152558,19,240.415948
-17.997784,30,240.778779
-19.909035,22,240.877475
-14.344917,22,241.080698
-6.3682184,8,241.134334
-11.987328,14,241.489573
-12.848213,18,241.640693
-20.610456,38,241.868068
-18.713284,21,242.092648
-10.959309,19,242.183127
-8.823662,12,242.451301
-12.704187,14,242.751639
-44.526073,95,242.913728
-19.878798,35,243.02788
-10.067008,13,243.06578
-11.836084,14,243.258428
-28.079062,54,243.258464
-11.980582,12,243.336752
-9.89296,11,243.515578
-8.640343,15,243.61306
32.81003,18,243.751712
-8.658321,11,243.790841
-7.6537294,11,243.891594
-35.13164,43,244.205841
-9.154592,17,244.507091
-19.604315,24,244.57658
-15.024812,19,245.141138
-21.100807,31,245.504191
-8.53615,11,245.832092
-12.999211,23,245.89473
-29.87368,72,246.062695
-9.868968,15,246.216268
-13.526153,14,246.254069
-8.276791,10,246.33309
-36.477295,73,246.430076
-13.429016,18,246.666229
-5.2223988,13,246.734436
-20.69193,22,246.772906
-18.177929,24,246.907469
-8.053438,10,247.142141
-13.438798,18,247.17974
-15.443651,19,247.236266
-10.072137,13,247.467115
-14.693297,32,247.46716
-16.913513,22,247.707677
-13.253144,18,247.898277
-12.965246,19,247.945093
-16.936504,30,247.98596
-6.7716312,8,248.173082
-13.430346,22,248.305357
-11.810581,19,248.42741
-12.196863,15,248.592325
-10.359692,14,248.805505
-11.121424,21,248.862007
-28.291048,35,248.918122
-7.0017548,8,249.012479
-11.529214,27,249.21694
-10.779614,17,249.296897
-11.488615,21,249.508826
-22.361774,31,249.619605
-11.800465,13,249.675386
-14.30993,16,249.67542
-21.186436,17,249.952058
-11.556829,14,250.013936
-12.026252,19,250.114222
-17.211014,19,250.154208
-5.167204,7,250.2266
-6.3797317,10,250.424803
-19.563677,27,253.390826
-10.047988,11,253.390865
-16.43017,21,253.428311
-10.849928,22,253.50383
-8.561773,10,253.658236
-8.283167,12,253.696564
-11.189087,15,253.772624
-9.215473,12,253.977138
-13.125857,14,254.091805
19.735397,24,254.223468
-5.9921913,42,254.454199
-16.989597,23,254.58801
-9.737989,19,254.643825
-13.343649,17,254.83551
-22.541355,44,254.950558
-13.672057,18,255.007893
-10.506332,17,255.045434
-6.2094336,9,255.082799
-7.906556,11,255.252822
-6.858759,9,255.252856
-9.47665,12,255.353237
-12.949533,16,255.497187
-8.207151,11,255.646071
-15.563034,20,255.780464
-9.042953,12,255.943862
-15.932288,28,256.189213
-11.231292,21,256.302989
-17.332155,42,256.358097
-17.554058,26,256.637165
-19.587889,20,256.746453
-11.48815,18,256.803048
-15.55665,29,257.061299
-8.797244,16,257.117361
-8.971135,19,257.23029
-26.49935,31,257.38133
-12.668236,14,257.481364
-10.220702,12,257.560881
-18.572233,21,257.639612
-8.57428,10,257.718737
-10.444737,14,257.94073
-8.370346,14,257.9976
-10.264474,14,258.053491
-8.781346,9,258.203191
-21.107435,30,258.258084
-12.531733,17,258.444606
-11.528744,13,258.593844
-12.797943,17,258.650639
-10.922772,13,258.799983
-23.20282,36,258.858119
-9.752258,15,258.971999
-7.270267,10,259.047883
-14.605813,22,259.184406
-16.543484,22,259.464066
-12.173781,14,259.505687
-12.865705,30,259.570323
-15.894008,23,259.611523
-7.4905763,10,259.837866
-12.14752,16,259.94647
-16.820284,19,260.008219
-10.821612,18,260.068382
-6.9594574,11,260.233624
-9.614244,17,260.32011
-6.07443,8,260.483888
-11.848011,18,260.561815
-18.382145,23,260.639852
-11.074154,13,260.700456
-11.961079,19,260.98962
-9.365999,15,261.050216
-11.074825,14,261.09177
-14.043249,30,261.353267
-13.195707,16,261.431002
-10.029401,14,261.431043
-6.159786,8,261.569863
-20.81955,24,261.6839
-2.256671,19,261.861712
-11.141798,15,261.930369
-20.909977,25,262.03131
-8.863483,10,262.131949
-9.857087,19,262.169848
-9.568583,16,262.454691
-10.4312935,11,262.552973
-11.804553,14,262.609716
-8.323635,9,262.704708
-15.125289,21,262.704741
-8.046371,12,262.861333
-14.492957,15,263.039652
-13.749806,19,263.075958
-13.604345,17,263.112702
16.68459,8,263.265404
-15.77464,19,263.390728
-6.496304,10,263.390763
-12.0177355,17,263.817996
-12.875239,14,263.818034
-6.699958,9,264.061222
-24.735737,34,264.140446
-18.865162,26,264.178711
-11.617214,17,264.302063
17.0874,15,264.505236
-15.028953,21,264.601479
-20.651886,28,264.814444
-23.257565,24,264.85335
-12.107313,17,264.909256
-11.109435,15,264.967
-7.4822235,8,265.103016
17.577902,10,265.197155
-16.148973,20,265.335063
-17.16647,21,265.398325
-12.523974,15,265.674222
-10.837622,14,265.823046
-24.25645,30,265.942043
-10.4524765,13,265.999236
-15.076437,27,266.094121
-9.056284,12,266.131685
-9.386747,11,266.228307
-10.776165,13,266.403625
-9.057064,15,266.484041
-14.356947,21,266.521639
-8.530096,17,266.63646
-11.918314,16,266.788606
-10.127537,19,266.959934
-11.621597,20,266.959997
-14.47707,16,267.151766
-17.608528,28,267.265835
-8.269434,18,267.366383
-15.41843,20,267.423546
-8.874544,9,267.501294
-9.119633,16,267.558737
-7.6194444,9,267.615654
-9.143838,10,267.745378
-7.6331873,9,267.820329
-11.432468,14,267.896107
-7.241073,10,268.024539
-23.736479,28,268.143003
-9.679163,18,268.301054
-8.856966,11,268.301093
-6.170926,7,268.341252
-8.673384,12,268.572099
-12.249057,30,268.650505
-14.715974,19,268.75095
-12.673516,19,268.791077
-7.12414,7,268.852869
-8.001812,10,269.018799
-15.910916,22,269.141483
-8.018126,16,269.417145
-13.95579,25,269.417188
-16.946909,21,269.65214
-30.8309,35,269.715793
-11.812387,14,269.775842
-11.442516,12,269.953176
-17.157999,25,270.031684
-10.876911,15,270.15043
-14.919542,17,270.150466
-7.8864813,8,270.275983
-7.354097,11,270.276029
-11.725299,14,270.510333
-12.755615,21,270.678762
-17.444504,21,270.778525
-10.960148,16,270.900293
-12.235446,28,270.960588
-13.330294,20,271.165249
-11.408582,17,271.203034
-11.484185,18,271.387463
-19.985575,26,271.540308
-13.046072,22,271.757598
-13.596374,26,271.833746
-14.300385,22,271.970243
-10.809069,16,271.970281
-5.9881353,8,272.066238
-9.339064,11,272.066274
-10.829935,12,272.328215
-11.90842,15,272.428632
-16.497372,20,272.486421
-7.601959,9,272.582648
-6.7810802,7,272.779098
-14.690223,31,272.779136
-13.424159,19,272.919239
-14.823958,18,272.957804
-9.632696,11,273.055711
-14.288285,15,273.278853
-10.151274,15,273.317869
-10.443796,13,273.404311
-11.913306,25,273.441591
-4.8117685,7,273.540783
-4.976353,7,273.60045
-12.823919,15,273.727208
-5.8697815,6,273.962096
-12.911901,14,274.003542
-6.9654818,7,274.176275
-17.71128,19,274.224528
-9.3319235,11,274.350727
-6.762062,7,274.457181
-17.73697,32,274.457219
-8.220839,13,274.607997
-9.489954,10,274.737271
-6.902272,13,274.815417
-17.411457,21,274.938856
-9.397253,12,275.042175
-11.649581,14,275.165062
-13.799338,23,275.207902
-6.53573,7,275.261711
-12.148892,16,275.376095
-14.721024,18,275.61498
-12.380558,19,275.693976
-15.037939,18,275.797929
-9.618959,13,275.989973
-9.59715,11,276.028224
-8.265937,9,276.084334
-11.8807745,16,276.401687
-42.410416,47,276.40173
-14.368608,19,276.520385
-8.506083,12,276.679383
-10.365668,11,276.795537
-13.421554,16,276.795572
13.092054,39,276.936571
-13.648012,21,277.171278
-12.974992,18,277.209711
-11.836664,13,277.248991
-18.291023,22,277.328047
-12.435928,14,277.531682
-8.545999,13,277.64307
-14.328558,17,277.681898
-15.681072,19,277.722866
-10.231184,11,277.844248
-7.1400313,7,277.902424
-10.302102,15,278.060637
-8.531832,8,278.101875
-14.880508,20,278.182208
-12.4230795,20,278.34316
-9.061737,13,278.402678
-17.274174,20,278.585887
-12.361114,18,278.623222
-11.31353,16,278.781029
-18.908588,24,278.91994
-10.761372,16,278.97671
-14.909675,19,279.091274
-5.1919537,6,279.091309
-9.696654,11,279.266542
-14.21221,19,279.266577
-8.451675,9,279.328631
-11.177752,13,279.433253
-14.173935,17,279.666348
-13.217643,18,279.742039
-13.6250925,15,279.778753
-14.2097,23,279.834646
-8.73329,10,280.008822
-15.05473,19,280.180404
-11.703365,13,280.180442
-13.863142,18,280.5194
-8.318278,12,280.519436
-15.060099,20,280.757266
-6.393372,8,280.757301
-12.00569,13,281.060305
-9.431649,15,281.129237
-14.446253,28,281.30335
-4.3869343,10,281.462696
-14.310158,18,281.623996
-11.617613,20,281.881444
-9.125241,18,281.977914
26.245745,20,282.160347
-7.9646516,10,282.225245
-15.350619,17,282.348771
2601.1309,101,282.551237
-8.572017,10,282.589564
-9.215141,11,282.826362
-17.262394,25,282.863082
-18.27336,33,282.998545
-13.452124,19,283.057756
-8.931242,11,283.14808
-13.448758,20,283.419785
-14.143364,16,283.560462
-19.292377,22,283.67246
36.406456,20,283.742319
-6.6274366,9,284.008477
-14.205616,16,284.04931
39.591682,14,284.129891
-12.704907,26,284.284298
-10.867968,10,284.426028
-6.388102,9,284.718007
-12.699521,13,284.718069
-10.689577,22,284.855317
-10.456051,12,285.043782
-11.691107,15,285.231591
-15.272626,21,285.270025
-14.049495,15,285.408189
-7.242105,13,285.544276
-12.696924,15,285.627449
-33.819458,60,285.721729
-11.866682,18,285.857712
-6.067602,9,285.857746
-8.342993,9,285.954379
-5.3529997,5,285.992483
-13.704484,20,286.067413
-8.056208,9,286.199811
-12.593862,19,286.314645
-14.02475,18,286.388949
-10.2999115,12,286.483243
-13.902113,20,286.542058
-7.0338345,12,286.641117
-8.9175625,10,286.895952
-10.602112,17,286.966082
-16.225134,28,287.121953
-12.402805,23,287.159243
-11.872717,15,287.366802
-6.781949,8,287.366839
-8.316423,9,287.424748
-18.667835,25,287.5885
-10.223932,12,287.710989
-11.660252,14,287.78669
-10.424045,16,287.91675
-10.08824,13,287.999455
-5.9173717,11,288.111183
-14.0446415,18,288.222405
-16.734653,20,288.391108
-16.057283,25,288.562742
-14.078197,17,288.598744
-13.797612,23,288.634844
-15.334962,21,288.884673
-14.522001,15,288.941156
-9.081261,16,289.016376
-16.033846,21,289.114499
-7.284876,11,289.17483
-7.141085,7,289.32016
-9.430988,14,289.404598
-12.359822,19,289.47772
-11.603119,16,289.615047
-10.027127,12,289.715042
-14.550132,21,289.860975
-9.962421,12,289.923627
-11.244231,19,289.960222
-14.809057,14,290.071599
-5.860484,9,290.339831
-11.362062,15,290.339867
-12.0373,17,290.339873
-8.312536,9,290.53032
-14.908157,25,290.590134
-9.671271,17,290.730012
-11.531004,21,290.86182
-11.327321,16,290.964459
-10.489817,12,291.08847
-10.593141,18,291.088502
-11.985426,22,291.377564
-15.145045,19,291.414176
-16.573442,22,291.574704
-7.2846303,10,291.668493
-9.984852,11,291.668523
-12.116758,14,291.961532
-14.543986,24,292.113079
-8.036135,8,292.148758
-18.787804,28,292.27951
-6.795868,10,292.364105
-10.9937935,13,292.470371
-9.844559,11,292.622286
-14.27558,16,292.676459
-13.974367,16,292.829475
-10.029865,14,292.953588
-13.625524,18,293.085099
-6.2101345,7,293.121885
-18.124634,23,293.3548
-10.114292,13,293.391474
-9.200019,14,293.44873
-7.172285,8,293.577778
-9.419584,14,293.78524
-11.205167,12,293.865399
-13.20826,21,293.9568
-10.7689495,14,294.166999
-12.019774,12,294.205086
-7.1955442,9,294.425694
-10.925314,20,294.712692
-16.60442,30,294.712726
-11.292473,18,294.904778
-5.6291337,6,294.904816
-7.6565485,9,295.125572
-8.995947,21,295.292009
-8.822863,12,295.436782
-12.80444,24,295.52925
-7.591239,9,295.529284
-13.769926,15,295.825132
-11.589797,13,295.863889
-14.659247,16,295.955462
-11.3030405,13,296.27873
-11.366776,17,296.315396
-17.020163,22,296.411074
-6.122138,10,296.601983
-10.036553,19,296.772463
-16.104446,19,296.884936
-11.508518,16,297.206747
-25.856163,36,297.384371
-22.107264,32,297.485299
-8.906652,12,297.522492
-7.7123103,9,297.623722
-7.668898,10,297.86466
-13.505692,18,298.007898
-14.728204,19,298.007936
-10.442473,16,298.361177
-15.86524,21,298.493283
-14.182196,25,298.493319
-8.287825,9,298.5906
-7.131301,9,298.705878
-9.086313,12,298.860974
-18.040152,17,298.89784
-10.178016,12,298.998683
-8.923416,11,299.149714
-9.759966,14,299.337705
-10.624094,18,299.337741
-9.946432,10,299.561437
-17.267962,24,299.707809
-8.626556,14,299.884965
-20.473433,30,300.017976
-16.67939,30,300.421043
-17.277096,22,300.421082
-12.029754,21,300.92299
-23.951319,47,301.189321
-12.849832,13,301.293732
-8.029139,9,301.525073
-10.436077,12,301.525111
-15.79284,43,301.525118
-8.571278,10,301.747125
-12.19405,14,301.885075
-15.216355,17,301.984395
-10.252333,14,302.180809
-7.9305534,18,302.4351
-8.526009,8,302.43514
-15.9917,20,302.579676
-7.082765,7,302.635684
-16.559067,22,302.938318
-8.387401,10,303.18952
-12.652141,25,303.189574
-7.17544,9,303.486726
-316.82202,500,303.546777
-9.451089,12,303.599311
12.716729,42,303.688188
-8.654579,10,303.906963
-8.903791,13,303.907003
-9.152248,12,303.949832
-11.199176,11,304.058328
-8.254787,13,304.309907
-12.085908,15,304.375625
-10.733202,12,304.412523
-13.235728,23,304.584192
-13.290872,17,304.730673
-13.118246,17,304.787717
-10.407813,18,304.849675
-10.7455015,12,304.907253
-11.483874,12,305.083028
-10.831741,15,305.120127
-8.540813,11,305.174954
-10.134514,21,305.346227
-9.489261,12,305.383118
-8.595991,17,305.553337
-10.694773,11,305.631185
-15.047228,26,305.728276
-15.762943,19,305.802974
-13.097353,17,306.016295
-12.626197,14,306.052291
-16.587372,23,307.684442
-13.556389,15,307.760705
-9.29537,14,307.984548
-7.3909726,15,308.041984
-11.553511,15,308.100659
46.19754,18,308.214129
-8.977652,13,308.308415
-11.093118,16,308.420451
-8.133187,11,308.475634
-14.721439,18,308.532061
-10.808589,12,308.607223
-8.973465,10,308.723175
-14.152893,13,308.760992
-12.993262,18,308.954998
-14.753539,17,309.014735
-10.459717,15,309.112178
-6.413455,9,309.23472
-11.304239,21,309.319593
-8.212791,12,309.393892
-7.147661,13,309.492091
-10.608616,12,309.664161
-12.86015,19,309.774672
-9.608109,9,309.869402
-12.601911,18,309.912907
-7.442315,8,309.992871
-11.3246155,13,310.190288
-10.197422,12,310.279549
-14.875189,19,310.398305
-5.395288,6,310.530621
-8.398123,16,310.662931
-7.4789987,9,310.737267
-21.173027,28,310.923046
-8.552105,11,311.042054
-12.117005,15,311.083208
-8.197983,11,311.216289
-9.217722,11,311.367012
-13.255908,15,311.52403
-11.832661,14,311.636978
-9.806791,16,311.857074
-9.7908,14,311.949195
-11.645816,14,312.062069
-9.612824,11,312.220371
-8.678457,11,312.360461
-16.49617,19,312.401744
-9.265848,9,312.62652
-12.047364,15,312.704659
-9.239218,14,312.835213
-7.95224,8,312.952162
-7.342831,9,313.214607
-11.023895,21,313.334508
-12.306902,15,313.334542
-9.887177,11,313.629675
-8.718917,11,313.629709
-9.435394,15,313.687813
-7.744355,7,313.911503
-8.8265295,11,313.973127
-4.8577313,6,314.141127
-14.801744,18,314.185164
-9.501141,16,314.335283
-12.689491,14,314.491733
-16.97422,23,314.715056
-15.036179,17,314.789472
-16.371815,24,315.076257
-12.592978,18,315.174327
-12.993406,23,315.253049
-6.8322315,8,315.384338
-7.585681,8,315.460892
-11.767774,25,315.716385
-12.247,15,315.775903
-5.5371084,8,315.913112
-5.71603,21,315.991795
-10.438082,12,316.069434
-7.936984,11,316.269583
-13.706189,17,316.354026
-11.036375,14,316.586389
-17.032639,25,316.663433
-14.829835,19,316.778689
-14.531565,17,316.970681
-10.415129,11,317.046985
-8.496047,16,317.047017
-8.08399,10,317.230634
-8.1641445,11,317.311629
-8.501883,10,317.465389
-8.059881,8,317.502525
-18.809187,23,317.596829
-10.542551,12,317.81329
-9.79959,11,317.813325
-7.2867103,11,317.941808
-12.987094,14,318.258925
-13.255781,19,318.309496
-11.039945,27,318.534468
-10.974247,14,318.682525
-8.475267,14,318.72271
-7.0167093,9,318.956942
-8.543682,14,319.050697
-7.28797,10,319.193841
-22.864607,27,319.2572
-8.910646,10,319.322895
-7.495623,12,319.558216
-11.322818,12,319.683199
-12.239552,20,319.852698
-17.382174,19,320.116083
-16.518707,20,320.430514
-25.501345,28,320.506045
-6.187544,6,320.68531
-5.7492256,9,320.724639
-15.283228,21,320.762676
-8.93322,10,320.996314
-13.752737,20,321.170541
-10.502935,14,321.306817
-14.585365,27,321.364182
-8.557411,10,321.421365
-8.335709,10,321.555918
-7.0499663,13,321.669483
-10.958673,12,321.707507
-13.015652,16,321.914305
-11.735138,13,321.989602
-17.397697,23,322.181082
-11.261108,13,322.218499
-873.1536,500,322.430976
-8.837681,10,322.468237
-11.767559,14,322.543036
-17.253574,30,322.740613
-8.913206,11,322.740648
-9.828831,10,322.740654
-7.222556,9,322.807536
-6.731967,12,323.117321
-12.477875,14,323.206889
-15.447238,16,323.266076
-8.420874,9,323.448704
-9.340057,19,323.448738
-5.011852,7,323.504961
-6.778154,8,323.637584
-5.6920214,7,323.678396
-9.843773,12,323.769632
-11.018557,23,323.888708
-7.660231,11,323.966946
-9.596685,11,324.061075
-10.68014,22,324.251926
-7.427129,8,324.251962
-10.441362,17,324.382399
-12.70064,20,324.382436
-6.4741592,7,324.440955
-6.284399,7,324.59294
-8.773144,19,324.712648
-11.27785,15,324.750288
-14.710911,19,324.856775
-8.045999,11,325.007287
-14.802539,16,325.007321
-6.58565,6,325.135597
-14.633266,20,325.231823
-15.4049,18,325.292826
-9.579419,11,325.461926
-8.798799,17,325.461961
-6.8127284,7,325.461967
-14.733728,16,325.696094
-9.2629175,12,325.76935
-9.33996,12,325.769393
-15.845106,23,326.040844
-14.16681,18,326.24082
-16.056198,20,326.30914
-7.6897125,8,326.532327
-8.877125,13,326.606063
-14.422639,24,326.70097
-7.1024876,7,326.864349
-11.395524,15,326.958372
-26.564445,49,327.013117
-18.590858,22,327.07063
-7.210277,9,327.108092
-8.658631,8,327.267263
-9.301288,14,327.327354
-7.915361,13,327.364537
-7.7529535,9,327.500172
-7.000416,7,327.536889
-17.267094,20,327.62353
-9.436529,16,327.740533
-10.759571,13,327.857011
-10.855452,13,327.962383
-16.099764,17,327.96242
-10.970648,12,328.057639
-11.830964,13,328.262924
-8.67193,10,328.322823
-14.186156,17,328.322858
-13.836171,18,328.419343
-8.0500145,10,328.56158
-6.3297553,8,328.61851
-10.314529,17,328.732548
-12.728657,19,328.771096
-10.028055,11,328.856434
-9.141003,10,329.019753
-12.256838,15,329.019792
-8.813127,16,329.174846
-10.434238,15,329.251044
-7.3268523,9,329.251079
-12.300253,14,329.37508
-9.461742,11,329.494041
-8.318798,9,329.494077
-8.379858,10,329.641293
-9.13585,10,329.740674
-16.566212,21,329.797732
-11.125976,15,329.995734
-10.647392,12,330.032729
-17.252926,25,330.113665
-13.236767,15,330.182976
-9.927946,11,330.34754
-7.0436535,7,330.347577
-7.677656,8,330.423623
-11.10862,15,330.481536
-7.137438,7,330.54843
-7.2263207,9,330.753232
-14.707585,18,331.008605
-8.859549,12,331.046056
-22.191149,24,331.082822
-14.767587,29,331.14053
-5.17447,5,331.177794
-12.813099,12,331.451203
-11.696808,15,331.451237
-13.100038,16,331.510051
-5.82738,7,331.636842
-8.738058,9,331.699877
-5.7467537,10,331.788679
-7.1672354,8,331.906795
-11.452267,13,332.00237
-7.5153246,8,332.002405
-25.751139,38,332.160719
-9.248605,12,332.273294
-15.247047,16,332.310042
-11.528323,14,332.346588
-11.595205,12,332.46105
-6.5697203,6,332.598265
-9.613876,13,332.6558
-12.378747,15,332.709958
-10.504055,16,332.70999
-10.29673,12,332.964591
-15.10234,16,333.059951
-13.991669,18,333.098003
-7.947933,8,333.17302
-15.761944,26,333.248094
-5.980779,6,333.336205
-11.404706,12,333.423828
-8.124603,11,333.668771
-9.58548,21,333.66881
-8.857111,10,333.73826
-12.596758,18,333.812065
-7.1024446,8,333.937928
-9.911379,14,334.091285
-11.364388,16,334.196715
-12.445815,16,334.282749
-9.2495165,16,334.406665
-9.78115,11,334.452209
-6.7760334,7,334.520852
-9.574509,10,334.560779
-7.8307834,10,334.715905
-8.380018,8,334.753837
-10.234785,12,334.819976
-10.990118,13,334.937774
-6.545058,7,334.978782
-8.2996235,12,335.176246
-7.8676205,9,335.25868
-12.52242,17,335.258715
-6.6697035,8,335.478859
-11.337818,14,335.714388
-13.332286,16,335.714425
-12.155459,24,335.714431
-8.692566,14,335.947559
-5.666652,6,336.108493
-13.13176,19,336.290067
-12.52366,21,336.345689
-14.250609,24,336.423547
9.713717,11,336.460658
-5.6852946,7,336.4972
-7.5480256,9,336.686294
-8.07534,12,336.74353
-10.840471,21,336.884746
-14.534717,19,336.922496
-7.6133075,8,336.981458
-10.700378,11,337.019393
-6.986618,7,337.117022
-7.750904,11,337.38222
-12.064383,18,337.511262
-10.172107,11,337.553896
-6.2906866,7,337.683457
-15.478934,19,337.683491
-7.1369095,11,337.925644
-5.664016,9,338.002444
-12.623494,15,338.101447
-9.124174,13,338.166413
-8.97979,11,338.33478
-8.824493,14,338.630844
-12.693783,18,338.815165
-7.7949157,17,338.972707
-17.788124,30,339.099577
-8.527899,9,339.148987
-12.725854,15,339.192625
-8.93046,10,339.307911
-8.709217,11,339.486003
-14.204218,18,339.61121
-10.31736,18,339.65158
-12.170375,15,339.707461
-7.4448423,9,339.858518
-9.436771,11,339.914084
-8.304237,16,339.914117
-8.741289,10,339.974012
-5.656167,8,340.129955
-7.119584,10,340.17299
-6.6804686,12,340.269361
-10.28196,13,340.370561
-3.8207178,9,340.475943
-8.416966,13,340.579526
-13.1001,15,340.796317
-9.90169,13,340.838076
-10.125477,11,341.125422
-9.347371,10,341.12546
-14.333383,21,341.18795
-15.585581,23,341.844664
-16.103409,33,342.134087
30.276783,50,342.134123
-9.993237,12,342.24761
-7.29864,9,342.38042
-7.761432,8,342.437202
-13.737451,16,342.549159
-8.499197,13,342.720875
-8.041375,11,342.817876
-9.45883,18,342.817911
-26.656864,62,342.874997
-10.1976595,11,343.126725
-9.664433,15,343.194417
-11.864041,18,343.269788
-5.7331886,9,343.419409
-11.732455,14,343.528913
-7.6118846,13,343.66938
-14.986653,18,343.905824
-14.22428,16,344.017972
-23.390203,28,344.194187
-6.814604,9,344.230474
-16.963634,19,344.343431
-7.90093,11,344.475858
-10.698953,13,344.512592
-12.883688,16,344.700053
-12.084439,13,344.793102
-13.262506,14,345.072191
-13.53589,23,345.187969
-25.721073,34,345.224612
2.4791207,113,345.44555
-9.986263,11,345.486121
-15.111003,19,345.598098
-10.816357,14,345.89723
-13.120031,17,345.971954
-20.395735,26,345.971987
-9.132624,15,346.029523
-8.664885,12,346.208226
-7.008558,12,346.266498
-8.908412,15,346.368533
-8.101026,8,346.460377
-17.144339,20,346.567166
-11.354887,15,346.733195
-7.8827972,9,346.831367
-14.031655,17,346.868772
-16.872211,20,347.002161
-11.299587,13,347.136289
-11.612573,20,347.215599
-8.860977,13,347.336825
-15.115096,21,347.392279
-8.75222,10,347.487262
-11.575451,23,347.694601
-15.659824,21,347.810929
-15.5288725,20,347.847556
-9.25256,17,347.884336
-11.376227,13,348.022012
-8.904179,13,348.173874
-7.3720336,11,348.173908
-12.138048,22,348.409662
-10.225147,13,348.504728
-13.102678,15,348.568102
-7.256068,7,348.727684
-16.642609,26,348.788277
-8.028978,11,348.788312
-7.1337037,7,348.996439
-9.580334,13,349.197423
-10.345128,24,349.342218
-7.647057,13,349.384875
-5.948009,8,349.460508
-15.195347,22,349.514627
-7.754464,8,349.673811
-5.9978695,7,349.711177
-8.434399,12,349.776691
-8.70191,9,349.966692
-4.9120336,14,350.143246
-20.577927,26,350.254278
-5.96406,6,350.322487
-12.011608,14,350.361829
-13.307078,31,350.547611
-11.878135,15,350.739416
-13.91924,19,350.899579
-17.582275,23,350.939087
-15.722268,19,351.099351
-6.860691,7,351.139172
-11.082849,11,351.252475
-17.3467,25,351.467644
-14.728052,17,351.604617
-12.696878,24,351.790445
-8.108223,13,351.880615
-19.08514,32,352.20337
-15.34691,22,352.342102
-10.129472,14,352.342134
-18.430737,29,352.656859
-11.462329,19,352.792514
-8.075525,10,352.890313
-22.551586,32,353.028602
-23.956085,33,353.162674
-12.035668,18,353.257859
21.985651,15,353.294396
-9.800446,12,353.350407
-6.390666,10,353.425288
-6.512233,10,353.519187
-10.585558,13,353.634431
-18.751526,20,353.840634
-8.847746,13,353.934965
-10.717109,18,353.971973
-6.04004,9,354.164896
-12.079665,15,354.202422
-10.671511,17,354.340048
3.6132317,39,354.376677
-6.1712685,8,354.413915
-12.119023,16,354.56972
-7.649225,11,354.627129
-8.938355,12,354.683906
-12.546494,15,354.916164
-10.112545,14,354.95392
-15.935672,24,354.991091
-7.3551445,14,355.026988
-6.828062,8,355.199119
-9.3056755,14,355.295007
-9.037632,14,355.331944
-13.299177,19,355.408894
-9.904858,16,355.588235
-12.7794485,13,355.646831
-11.263857,20,355.786241
-15.102868,17,355.827345
-8.832416,12,355.930325
-6.2042646,12,355.988266
-8.496185,8,356.076478
-7.024186,7,356.07651
-9.941521,13,356.31044
-10.10836,12,356.406596
-11.223016,14,356.40663
-10.9109535,18,356.599882
-6.8898363,9,356.696501
-9.334211,12,356.696536
-12.54094,13,356.800459
-7.600337,8,356.924235
-8.892249,14,357.038517
-9.739475,11,357.038553
-11.318015,12,357.174511
-8.566277,9,357.211925
-7.1201944,9,357.287445
-9.206318,13,357.404247
-7.3801036,9,357.440673
-10.96723,13,357.567256
-12.222739,13,357.643257
-7.0910406,7,357.741539
-11.866195,13,357.779269
-19.530546,21,357.936916
-10.27928,17,358.170709
-8.112452,10,358.170747
-13.418422,22,358.298099
-17.261974,26,358.29813
-11.765968,16,358.64664
-9.268862,18,358.738405
-12.431962,14,358.73844
-13.687765,16,358.805421
-5.985295,9,358.996706
-14.357162,15,359.195642
40.09237,23,359.304729
-14.659597,22,359.345568
-12.392907,15,359.408399
-4.4368706,5,359.474673
-9.139555,15,359.635954
-7.601945,11,359.774661
-13.283525,18,359.889183
-11.122975,13,360.068924
-16.009457,25,360.2239
-6.854599,9,360.223931
-13.175797,19,360.455003
-9.574275,11,360.455038
-7.220256,10,360.568444
-7.4883213,11,360.609967
-8.628972,10,360.753109
-8.835579,11,360.819383
-6.884996,8,360.819421
-6.7326555,9,360.903871
-8.590205,10,361.117612
-7.6823277,10,361.20463
-12.544298,16,361.354408
-9.091969,15,361.615714
-8.581511,10,361.68667
-16.693237,27,361.727245
-12.5353365,17,361.792696
-8.001971,8,361.909134
-9.602434,12,362.103034
-9.436529,13,362.260026
-13.412804,17,362.296408
-7.3742733,9,362.468827
-11.812962,19,362.545675
-4.774722,12,362.5834
-7.6840353,11,362.735921
-8.723003,14,362.886751
-7.7239738,10,362.962304
-30.218975,50,363.03906
-15.806101,20,363.03911
-6.096946,6,363.230347
-9.444363,12,363.366038
-9.884541,12,363.426825
-11.731411,18,363.471458
-7.29907,8,363.509764
-9.7157,10,363.656152
-8.574215,16,363.830873
-10.202661,16,363.905542
-13.613835,17,363.905581
-14.062792,21,365.727943
-11.186348,12,365.782879
-9.4645195,12,365.782913
-7.082277,9,365.973637
-9.014233,11,366.067304
-18.715443,32,366.217221
-21.9901,19,366.253188
-7.550484,16,366.383307
-8.03482,9,366.485837
-9.981996,16,366.737465
-22.125282,35,367.043342
-15.086778,19,367.043384
-20.092049,25,367.124172
-11.074098,18,367.221843
-10.324417,12,367.340423
-8.119002,10,367.554945
-16.37934,23,367.650562
-15.0577755,21,367.726857
-16.241264,28,367.726893
-11.418964,11,367.84304
-9.072485,9,367.901266
-5.822707,9,367.958516
-11.109976,15,368.096389
-7.2514997,7,368.134357
-6.729519,10,368.187932
-8.735228,12,368.18796
-8.721658,10,368.38482
-11.923699,14,368.473525
-6.580714,10,368.660102
-12.435961,21,368.742974
-11.020171,24,368.830827
-6.678586,9,368.964423
-12.522856,20,369.034804
-15.037268,16,369.134404
-13.604833,16,369.294981
-7.7892723,8,369.295016
-8.739512,11,369.331745
-6.017507,6,369.447246
-12.838368,14,369.539943
-9.947821,10,369.599251
-6.425765,7,369.658092
-11.982992,14,369.695211
-5.897029,6,369.771066
-5.628813,7,369.877266
-12.051977,13,369.916035
-7.2349,11,369.973889
-7.8965445,8,370.011635
-6.06254,7,370.085607
-8.235922,10,370.222118
-10.935347,12,370.299951
-7.8027077,10,370.336541
-8.645076,10,370.533911
-17.593416,27,370.593463
-11.024228,15,370.695743
-7.7462115,9,370.811187
-13.33923,16,370.926337
-8.469616,12,370.992245
-10.586012,15,371.164286
22.561222,42,371.247531
-12.618527,16,371.32538
-14.337152,15,371.373657
-7.366898,6,371.496688
-8.731651,10,371.533385
-9.633299,14,371.570768
-8.252489,12,371.684586
-9.346701,13,371.818202
-9.133503,14,371.875653
-8.796062,9,371.913927
-12.515585,16,371.972286
-4.970855,6,372.009336
-9.019638,11,372.15888
-10.350597,11,372.195442
-16.157131,18,372.410066
-9.948095,11,372.467061
-15.097206,22,372.544175
-11.621043,16,372.58067
-8.65355,10,372.679239
-9.205118,12,372.85249
-8.504568,9,372.889884
-12.126581,17,372.966654
-16.042036,24,373.064633
-8.600197,10,373.121658
-9.412412,11,373.178467
-5.0639844,6,373.325067
-13.524198,15,373.38305
-10.849942,11,373.383083
-12.499754,15,373.514994
-10.564389,11,373.628299
-11.946576,14,373.685323
-10.522079,19,373.838613
-7.893113,10,373.897256
-7.4749737,9,373.943511
-16.727316,20,374.070554
-6.541621,9,374.219387
-10.460302,13,374.267811
-11.941213,13,374.329448
-7.6560173,9,374.479866
-14.068392,18,374.577528
-12.446926,16,374.690381
-11.505001,14,374.690417
-10.048277,12,374.787357
-10.103675,12,374.885655
-12.730008,13,375.001341
-10.365527,12,375.081209
-5.623195,5,375.160024
-8.39971,10,375.160059
-6.2432423,8,375.339086
-10.708633,13,375.45768
-15.464483,32,375.495136
-9.903765,17,375.532991
-10.360491,12,375.818243
-14.831482,19,375.818283
-14.841598,18,375.942383
-8.715737,9,376.045381
13.721966,26,376.12531
-11.928546,14,376.184531
-6.2535753,9,376.303882
-8.482475,13,376.303919
-8.94003,14,376.510262
-6.8107424,8,376.510301
-5.666151,9,376.563529
-8.991743,21,376.740616
-9.689492,13,376.881201
2.444107,19,377.069598
-12.898297,20,377.069633
-7.886521,10,377.147817
-14.226696,17,377.227829
-7.181554,7,377.266383
-9.443733,11,377.362812
-8.934029,13,377.583303
-9.317494,12,377.583336
-11.128179,14,377.722255
-10.4056225,13,377.877504
-11.964842,15,377.936419
-15.213202,32,377.973356
-7.993878,8,378.148123
-12.205588,19,378.186283
-10.481313,11,378.223993
-11.273682,14,378.261403
-9.415415,10,378.438411
-11.283968,12,378.520007
-12.308995,15,378.556834
1.6138353,21,378.772156
-7.0770335,9,378.772193
-12.494492,17,378.890329
-13.048203,15,378.928599
-8.555004,10,379.046875
-8.427656,13,379.130928
-9.39109,12,379.206404
-7.414922,8,379.2638
-6.56898,7,379.439027
-6.388088,9,379.439062
-7.6048865,14,379.496507
-15.853024,35,379.812004
-13.338332,20,379.966293
-10.592817,15,380.156975
-6.9548664,8,380.157012
-8.614325,10,380.412674
-8.830684,10,380.412711
-6.722246,7,380.567707
-11.274048,14,380.722125
-7.4794903,10,380.931616
-15.757663,23,381.063237
-4.113307,71,381.100552
-5.9821715,6,381.234565
-11.801509,14,381.272158
-7.9163957,10,381.327954
-6.3059907,7,381.422969
-8.02522,9,381.499761
-8.391551,9,381.693163
-11.882707,15,381.770144
-17.407848,26,381.953306
-7.624944,10,381.953341
-9.553124,13,382.087736
-7.271418,9,382.164506
-9.626656,11,382.220637
-7.219102,10,382.353896
-7.542737,8,382.391541
-8.002739,9,382.467437
-7.7106385,10,382.605224
-9.801035,14,382.722737
-8.532142,14,382.800165
-7.2242317,10,382.963128
-14.388133,19,383.058518
-8.064952,15,383.154734
-9.51549,10,383.211537
-7.653476,8,383.383583
-11.3123255,16,383.518758
-16.58582,21,383.571798
-7.386896,7,383.571828
-6.4318123,8,383.779628
-10.42625,12,383.856053
-8.543651,10,384.01178
-7.3954406,8,384.049606
-16.356588,26,384.207419
-8.371429,11,384.302296
-9.712555,21,384.508027
-9.374535,11,384.575282
-14.048751,19,384.672949
-6.3409834,8,384.850603
-10.845119,13,384.889525
-14.357169,16,384.928755
-8.816053,10,385.116548
-9.205515,12,385.196857
-7.533613,13,385.252071
-5.4299216,8,385.421538
-6.7004776,11,385.4578
-13.113015,16,385.512847
-7.420791,7,385.605958
-6.8941503,9,385.683601
-7.367028,9,385.74113
-8.844597,10,385.855119
-9.848735,11,385.948128
-11.920308,14,386.062632
-10.148067,14,386.175356
-9.025888,9,386.367116
-16.153633,21,386.517193
-7.305981,8,386.554334
-19.687263,28,386.591053
-0.29474044,10,386.780141
-8.53738,13,386.838439
-7.039654,13,386.897309
-6.763461,9,387.053556
-9.0527935,15,387.233727
-8.68004,10,387.29307
-14.958491,30,387.486128
-9.341332,12,387.525102
-10.786837,15,387.637055
-6.0062947,9,387.712743
-11.091162,13,387.829493
-7.294018,8,387.910568
-12.202208,18,388.08743
-8.335384,11,388.186347
-7.581819,9,388.30182
-17.671677,23,388.398097
-12.639465,18,388.599487
-12.251983,14,388.638475
-14.279035,17,388.806635
-11.270993,13,388.925509
-8.056369,8,389.005502
-8.904914,16,389.043468
-7.0242586,7,389.120585
-9.5527525,10,389.272826
-7.9701304,12,389.603984
-13.08529,26,389.70949
-7.83068,9,389.881509
-14.002591,33,390.001618
-6.7473154,9,390.102591
-16.576193,19,390.22282
-7.21781,11,390.475239
-13.764298,16,390.527211
-7.3320513,14,390.80331
-11.594166,14,390.844714
-2.0440576,12,391.134673
18.529045,34,391.184202
-11.753452,13,391.229144
-8.77886,9,391.480756
-10.8365755,13,391.560243
-8.3478365,22,391.814737
-1353.041,500,391.814776
-8.573732,13,391.873384
-12.145299,19,391.950533
-8.435036,9,392.091051
-8.341233,9,392.09109
-7.149395,7,392.091096
-12.136035,13,392.45635
-12.489474,17,392.558635
-7.7173743,8,392.658941
-13.019143,22,392.698854
-7.1262393,13,392.963275
-12.910181,16,393.059031
35.775948,27,393.198144
-8.738798,10,393.304865
-33.00564,53,393.345112
-13.54158,20,393.463697
-11.826708,13,393.540029
-10.394729,10,393.599125
-9.905893,13,393.654005
-8.294172,15,393.832556
-10.094004,13,393.912791
-10.010158,13,393.972846
-12.383616,19,394.065836
-8.044546,10,394.16636
-5.668894,8,394.207987
-8.954454,9,394.31619
-6.333256,11,394.480626
-7.822644,15,394.520327
-9.071814,12,394.560191
-7.593794,8,394.729676
-6.855893,7,394.729715
-9.34578,20,394.854227
-7.79979,14,394.932775
-7.904791,10,394.990734
-12.093504,15,395.107795
-8.828974,12,395.165829
-8.990567,9,395.223152
-10.44994,12,395.259727
-9.513134,10,395.499248
-8.844278,11,395.499288
-15.562249,18,395.595877
-9.77129,16,395.595912
-6.9468336,13,395.87153
-6.406311,6,396.025436
-13.286695,19,396.025481
-16.20391,24,396.081867
-22.388163,30,396.221596
-9.321542,12,396.319201
-9.212052,13,396.357869
-10.699128,15,396.455965
-7.435459,7,396.514722
-12.974185,17,396.66237
-6.8861322,7,396.721653
-9.787046,13,396.721692
-11.067419,13,396.822828
-8.636079,10,397.018472
-10.306511,12,397.220735
-15.726456,20,397.35678
-12.594729,19,397.356821
-11.995287,13,397.492231
-6.585129,10,397.709996
-14.162698,15,397.768092
-11.351045,13,397.807142
-8.652015,12,397.907422
-10.546988,10,398.048196
-9.367984,13,398.10432
-7.924832,10,398.104352
-7.0962925,10,398.181504
-5.883374,8,398.296446
-5.4588714,6,398.33592
-7.8991675,11,398.390939
-10.002652,10,398.390972
-6.2772694,8,398.546523
-9.11827,10,398.621921
-10.6699505,17,398.74203
-7.0402846,7,398.896716
-16.602137,24,398.953862
-9.9422035,18,398.990165
-10.319134,17,399.044832
-6.6741505,8,399.163016
-8.209609,15,399.303252
-6.2515855,6,399.341352
-7.9855585,8,399.502799
-15.221333,19,399.542173
-9.389942,16,399.726848
-8.902746,10,399.782222
-8.894846,9,399.782256
-5.4351788,6,399.897431
-8.23558,10,400.015381
-10.162604,11,400.052428
-18.685118,45,400.16942
-8.815084,10,400.169455
-7.1114244,7,400.241202
-6.4356985,7,400.289948
-10.167561,11,400.462933
-14.868042,17,400.742259
-7.8115416,8,400.742296
-15.36188,19,400.742303
-12.34431,16,400.742308
-7.6275215,8,400.93636
-7.9405317,11,401.033363
9.878929,14,401.134798
-9.514767,13,401.285312
-19.360596,24,401.360726
-13.075647,18,401.473853
-10.466915,12,401.568666
-7.5512476,10,401.60628
-9.200113,11,401.741956
-14.700668,32,401.888847
-7.0510535,7,401.945302
-11.961194,14,401.945335
7.908535,5,402.081053
-13.1633415,18,402.081095
-8.231539,12,402.233738
-11.835542,14,402.269565
-11.888392,12,402.362013
-8.800644,13,402.397801
-9.098064,10,402.492017
-8.117661,9,402.589439
-13.39322,15,402.64728
-7.619028,14,402.760201
-10.0914345,12,403.002607
-13.698685,18,403.002644
-18.27874,21,403.223334
-11.014489,17,403.29042
-6.9818945,14,403.426786
-6.3227773,19,403.563327
-6.449732,6,403.603462
-12.7335825,16,403.694243
-11.02591,16,403.760184
-7.279275,7,403.803638
-6.373245,8,403.859653
-7.9133773,11,404.011935
-8.271219,9,404.011969
-6.9220066,11,404.086792
-7.3813467,8,404.204079
-12.698703,17,404.280368
-13.2182,16,404.426798
-12.282072,13,404.426831
-9.214003,11,404.504622
-6.9508038,9,404.5429
-6.8450603,8,404.638538
-6.9764166,10,404.696544
-8.943432,11,404.793565
-6.8364997,12,404.868564
-8.602831,8,404.868598
-9.878004,11,404.984693
-11.225967,13,405.116815
-8.540035,9,405.191221
-12.773529,21,405.340524
-8.024675,11,405.43645
-17.260012,29,405.550051
-14.292163,18,405.550088
-12.654364,16,405.797025
4.002991,13,405.833533
-9.574888,15,405.906275
-16.04887,23,405.906307
-6.966999,8,406.036426
-10.55205,12,406.187145
-11.358344,12,406.187186
1.18402,20,406.301468
-9.74935,12,406.337487
-12.883518,16,406.552909
-11.89935,17,406.59122
-14.537947,20,406.801519
-12.153055,21,406.801555
-8.761637,13,406.878439
-10.466849,12,407.070122
-10.083825,10,407.108661
-8.501112,16,407.203909
-11.455891,25,407.203947
-11.617291,15,407.455766
-10.243456,12,407.492231
-14.335766,17,407.548506
-16.691277,23,407.742344
-9.865278,13,407.798337
-8.2726345,13,407.853781
-14.013865,21,407.966719
-8.135416,11,408.022661
-11.563478,14,408.13903
-8.582469,15,408.214436
-10.018621,11,408.251038
-13.505679,16,408.400737
-6.097551,10,408.46209
-7.619094,12,408.539773
-11.260535,17,408.577205
-7.776684,8,408.635057
-6.368343,8,408.768499
-11.37989,13,408.880176
-8.332806,16,408.880212
-14.376377,20,409.091363
-13.297728,17,409.168595
-10.948301,16,409.247333
-7.610697,7,409.343069
-13.219737,22,409.401089
-11.085053,21,409.727164
-14.570956,18,409.782822
-16.294008,28,409.782856
-8.635811,9,409.97797
-13.167901,27,410.035811
-11.412528,13,410.074377
-5.4469366,13,410.11155
-6.983259,9,410.227519
-5.896161,6,410.265845
-6.5876713,10,410.323569
-11.846559,13,410.426454
-8.413681,8,410.464607
-11.35469,12,410.579479
-11.416927,12,410.655963
-8.564169,8,410.655995
-8.811384,12,410.771671
-9.205809,11,410.867589
-7.6411242,10,410.905167
-11.369366,12,410.963878
-8.8125725,10,411.040579
-6.719202,10,411.135664
-16.587475,18,411.326764
-9.615547,17,411.363801
-13.247049,16,411.440401
-11.55483,12,411.440436
-8.323166,11,411.689647
-11.739832,13,411.689684
-9.287933,14,411.764558
-13.571556,21,411.857366
-8.695787,12,411.971358
-8.790501,10,412.008807
-9.885832,9,412.085771
-13.419869,18,412.141904
-7.5903106,8,412.198417
-9.927379,11,412.293731
-7.1515784,9,412.408262
-8.291595,12,412.445763
-13.258104,16,412.501833
-9.050592,12,412.598778
-5.3026786,8,412.636261
-12.023319,13,412.807375
-8.556337,10,412.864307
-10.578587,12,412.900736
-6.729861,9,413.06813
-18.40454,28,413.123501
-9.845757,16,413.196613
-14.244876,20,413.349132
-6.5918164,9,413.405882
-14.832885,19,413.580371
-8.403018,9,413.58041
-7.665624,9,413.637124
-19.201643,24,413.674469
-7.4749947,9,413.808111
-11.371806,12,413.883175
-11.1944475,13,413.959162
-6.4612794,7,414.073335
-11.200945,16,414.073367
-11.8754225,15,414.189258
-7.9403987,8,414.282603
-11.2686,12,414.282636
-11.263755,13,414.499139
-9.803692,11,414.535526
-7.7079315,10,414.725402
-19.801584,29,414.764395
-7.8439064,11,414.802161
-12.131487,24,414.8578
-7.347675,12,415.027715
-10.907572,13,415.083352
-13.703246,16,415.18122
-12.920859,16,415.23631
-12.168907,14,415.410813
-10.651064,17,415.446582
-11.445822,13,415.503096
-8.46479,12,415.539887
-14.163373,15,415.769141
-9.461356,15,415.805711
-14.905925,17,415.917579
-7.936824,8,415.991399
-20.352547,28,416.141649
-13.634441,17,416.197142
-7.2980576,8,416.197177
-9.938982,13,416.251938
-5.7946014,6,416.346575
-8.076525,12,416.553431
-12.825135,15,416.553468
-11.9826765,14,416.553475
-8.121159,9,416.589913
-8.058649,8,416.763009
-6.21959,13,416.8588
-13.915458,15,416.914434
-14.18331,17,416.989294
-7.5840607,8,416.989331
-11.352069,14,417.239377
-14.735891,20,417.335066
-10.455074,20,417.433507
-8.922163,11,417.533748
-12.744992,25,417.597353
-8.570719,10,417.712159
-11.702453,15,417.749355
-8.571608,9,417.823952
-10.8515215,12,417.862804
-7.8953433,10,418.00404
-12.15034,15,418.117388
-8.82604,13,419.733668
-10.152388,15,419.838689
-7.9432836,9,419.838725
-5.627589,8,419.929139
-6.3555613,7,419.971469
-1.6258703,7,420.075306
-7.88579,10,420.181724
-6.795821,7,420.181766
-7.536341,8,420.255311
-5.1657043,6,420.307016
-7.270862,9,420.465262
-7.7919297,10,420.510389
-9.325207,12,420.644681
-11.349275,13,420.718741
-9.29508,11,420.820008
-7.996632,9,420.904488
-7.140937,8,420.942062
-13.742413,16,421.002216
-7.7557144,8,421.080482
-9.137835,10,421.256602
-11.659349,14,421.516476
-11.464065,16,421.516512
-8.188187,11,421.599102
-7.370256,8,421.727066
-8.789232,17,421.93635
-8.980869,14,421.936385
-11.049664,11,421.992669
-6.5227385,8,422.127625
-7.04566,7,422.164531
-8.914646,10,422.200939
-8.078529,7,422.363904
-7.81805,12,422.462692
-10.490227,17,422.600215
-11.628635,11,422.660635
-10.035715,10,422.72687
-8.21435,9,422.846592
-11.183611,13,422.980119
-10.56526,12,423.017228
-12.244371,13,423.155345
-9.4559765,11,423.311971
-9.244952,13,423.354298
-7.154418,7,423.40222
-7.348905,7,423.553024
-6.9219856,7,423.594868
-10.684748,11,423.740915
-8.702629,8,423.827913
-7.802642,11,423.902612
-6.67726,8,423.993329
-7.5262074,8,424.068375
-9.06702,10,424.173217
-9.616156,11,424.348238
-8.458183,15,424.396096
-8.195348,10,424.4547
-8.770855,11,424.669831
-8.424522,11,424.763981
-11.331494,13,424.764019
-6.31618,9,424.898572
-7.4319935,10,424.995884
-8.286106,12,425.052076
-7.299133,7,425.093213
-9.066804,10,425.243729
-8.319275,10,425.299334
-7.9577413,11,425.520645
-7.965334,11,425.586391
-9.680199,10,425.772578
-9.304808,14,425.907099
-15.692315,36,425.983323
-7.7150583,8,425.983358
-5.166716,6,426.128741
-6.1525283,11,426.204846
-8.632627,11,426.259556
-9.560906,9,426.452879
-11.415824,13,426.490226
-8.119687,10,426.545906
-7.122656,7,426.649941
-7.1703424,9,426.731848
-7.867501,10,426.920894
-12.552619,16,426.98093
-5.64087,5,427.072669
-5.822255,5,427.201006
-14.789977,18,427.241076
-8.294628,10,427.278428
-8.183618,9,427.497724
-8.504034,12,427.556703
-9.170715,18,427.758896
-9.062495,8,427.758931
-8.493366,15,427.872126
-9.884874,12,428.023058
-14.583066,22,428.231371
-8.913411,18,428.286546
-9.905886,11,428.286578
-11.019242,13,428.558117
-8.022774,13,428.595189
-10.23007,18,428.722199
-6.99905,9,428.798376
-9.047727,9,428.835211
-6.4295673,8,429.007227
-10.412319,11,429.061865
-11.245098,18,429.157676
-6.9955125,11,429.308944
-10.679325,17,429.402218
-9.636874,13,429.457848
-7.8752694,8,429.513624
-6.7722263,8,429.688685
-11.588706,13,429.726608
-10.150122,13,429.783135
-8.673599,10,429.959298
-7.835717,13,430.015551
-10.938068,15,430.130546
-7.797623,10,430.208618
-9.797097,11,430.295733
-7.583361,9,430.372255
-8.649464,9,430.519028
-8.0842,10,430.638753
-9.762386,9,430.780364
-7.430041,7,430.878423
-18.625542,27,430.976605
-10.048827,11,431.137124
-8.672349,14,431.177405
-7.7407336,8,431.341173
-9.01474,11,431.472073
-12.987135,19,431.472108
-6.5025606,9,431.590765
-7.439216,10,431.744036
-8.729587,11,431.780775
-9.590081,10,431.876704
-7.387219,7,431.952012
-7.3060985,9,431.987726
-7.593604,8,432.081164
-9.310576,10,432.234758
-6.181431,6,432.234793
-5.2931767,5,432.359343
-13.38743,22,432.516303
-7.521751,16,432.631333
-7.7561026,12,432.669541
-9.38505,10,432.76523
-8.627996,11,432.919805
-14.772824,17,433.054061
-7.954729,12,433.054099
-7.7505026,8,433.233127
-13.147558,15,433.290756
-9.610571,11,433.327644
-5.6149845,5,433.42278
-10.75395,11,433.520153
-10.844076,12,433.622591
-8.366002,10,433.75952
-6.685216,8,433.815764
-13.071169,17,433.852918
-1288.9628,500,433.986008
-7.258318,8,433.986045
-8.932359,16,434.265223
-13.955336,16,434.418388
-13.251649,16,434.418426
-13.897284,26,434.513602
-7.4882116,8,434.633989
-10.956784,16,434.726177
-7.5583344,10,434.845386
-13.234152,15,434.900506
-5.702619,7,434.90054
-6.22249,8,434.995547
-6.506633,7,435.051975
-10.069802,10,435.151914
-9.719912,12,435.237688
-7.801876,9,435.318932
-10.863607,13,435.37512
-13.962891,17,435.612873
-12.360269,15,435.61291
-10.278645,11,435.649683
-11.109116,19,435.788794
-7.292962,7,435.827986
-8.97014,10,435.88875
-6.956176,12,436.110763
-7.0993786,10,436.155479
-3.097636,21,436.1972
-9.914567,14,436.236524
-6.260996,7,436.359015
-11.973546,14,436.567046
-6.931601,8,436.567085
-12.060014,20,436.665453
-14.472526,20,436.744517
-6.4064713,6,436.84571
-7.5565586,10,436.845747
-6.5212,7,436.943923
-8.61042,15,436.981674
-5.4371004,6,437.019989
-6.6509376,8,437.077418
-7.742622,8,437.197612
-6.2868166,6,437.253255
-6.8027816,10,437.253285
-5.1058636,7,437.38693
-11.032899,15,437.424556
-7.4961033,11,437.519872
-13.079438,16,437.672122
-5.045359,5,437.672186
-10.825369,12,437.727641
-6.7877436,7,437.859498
-12.1341305,16,437.859534
-7.9881186,8,437.898681
-8.434816,9,437.978753
-7.1551375,8,438.075201
-8.706745,11,438.15121
-10.772713,13,438.286361
-7.491908,9,438.363533
-10.598591,16,438.466193
-7.585103,10,438.543529
-8.648469,9,438.679371
-9.117609,19,438.850645
-9.331718,12,438.850682
-10.951025,11,439.139508
-9.87322,19,439.225938
-8.78447,18,439.371247
-12.482638,14,439.593756
-8.445517,9,439.663603
-12.734468,15,439.7086
-6.2819185,9,439.84406
-5.9856462,10,439.941351
-7.0215015,8,440.040076
-16.094597,20,440.158763
-12.018908,13,440.256471
-10.360729,12,440.461087
-11.59312,17,440.461123
-8.346098,9,440.506397
-5.8366575,7,440.658232
-6.8072925,10,440.764961
-9.023428,16,440.886568
-8.122902,10,440.924337
-7.89942,12,441.055425
-6.733765,8,441.111003
-10.390883,12,441.320798
-10.138966,11,441.356822
-16.713734,25,441.469499
-8.530553,11,441.582835
-9.961663,13,441.658227
-6.9705915,9,441.694608
-6.3868356,6,441.828315
-8.319784,11,441.865603
-6.3053083,7,442.019732
-8.161379,9,442.058703
-13.806096,19,442.143881
-6.796109,7,442.246304
-7.8282604,9,442.302814
-7.0466404,8,442.493569
-6.51023,8,442.669859
-10.870855,24,442.765284
-12.468661,20,442.802573
-7.565596,9,442.998511
-10.271297,12,443.077348
-10.042406,17,443.122573
-6.4170537,6,443.279498
-7.4442024,7,443.433644
-12.956496,23,443.587373
-15.273584,22,443.628791
-6.9431744,9,443.671326
-473.52475,227,443.78799
-9.978342,11,443.97671
-12.012931,14,444.054822
-10.007107,13,444.210622
-11.499972,16,444.210662
-6.1041393,7,444.317338
-7.2989397,10,444.360564
-6.3463984,8,444.474404
-7.9549923,10,444.547387
-11.137696,14,444.74329
-9.574274,10,444.821139
-11.070227,18,444.882213
-9.041557,9,444.981977
-8.823658,11,445.110721
-8.1749115,10,445.159485
-6.4435215,9,445.266243
-16.633307,27,445.266282
-6.957341,8,445.401927
-5.748943,5,445.401965
-9.233508,11,445.463164
-8.024874,8,445.501061
-7.3666005,9,445.674024
-6.396522,11,445.739295
-10.180473,10,445.800365
-8.277185,9,445.800403
-5.1463413,7,446.007491
-7.1212687,7,446.007532
-15.651552,16,446.209733
-6.45574,6,446.209774
-12.44799,15,446.255749
-7.7332935,9,446.321091
-5.6114044,5,446.402373
-6.3534675,6,446.496246
-10.257704,13,446.622209
-13.275142,19,446.828489
-8.300971,11,446.869329
-9.199852,15,446.911163
-4.7411275,5,447.038922
-6.34041,8,447.078922
-6.9898233,8,447.116974
-11.246964,18,447.205054
-7.7327833,9,447.326061
-11.493416,13,447.514793
-12.163639,14,447.514832
-7.2158813,10,447.514839
-5.773822,7,447.553687
-5.0880322,7,447.69353
-7.1212335,10,447.772486
-7.8016357,10,447.812285
-10.826042,12,447.86955
-6.1259804,8,447.954263
-9.154015,14,448.184042
-10.032089,13,448.184081
-11.3864765,15,448.328015
-7.353238,7,448.366007
-4.023875,23,448.46655
-9.035471,12,448.505276
-8.577597,11,448.628537
-6.470518,7,448.687856
-14.723826,17,448.810294
-12.537023,14,448.867744
-5.933976,6,448.867783
-8.030945,12,449.137264
-13.105382,21,449.198614
-13.779325,13,449.198653
-10.69025,20,449.352282
-8.653513,9,449.428897
-8.202525,12,449.485437
-12.9673605,17,449.678995
-7.281921,8,449.74996
-8.578924,15,449.813797
-6.1048703,8,450.046378
-7.582051,12,450.046417
-6.556534,7,450.227486
-8.889126,13,450.389106
-7.96931,8,450.485654
-12.875686,26,450.531929
-7.248997,8,450.775511
-10.606083,13,450.872993
-7.5376325,9,451.044498
16.918005,21,451.208375
-13.147186,16,451.369827
-7.57223,9,451.504596
-9.8559,11,451.696588
-13.320839,22,451.732856
-7.9706893,10,451.791706
-5.6785097,9,451.939162
-7.904121,15,452.135742
-14.807478,20,452.228922
-14.859294,20,452.467814
-8.919135,11,452.467852
-12.715976,17,452.680501
-14.759185,18,452.88272
-12.827181,19,452.921677
-10.719923,13,452.999742
-6.8706207,8,453.125106
-8.493455,10,453.265456
-9.027761,14,453.2655
-6.32861,8,453.444478
-8.266735,10,453.504717
-11.918787,16,453.544065
-5.6194043,6,453.670229
-9.510973,10,453.72923
-8.257748,10,453.807138
-6.8513384,9,453.903716
-7.344539,7,453.983825
-9.845066,12,454.043555
-8.028551,9,454.2047
-5.910322,8,454.250777
-13.18802,16,454.353017
-6.237601,8,454.489313
-7.386331,10,454.611641
-13.032512,17,454.710402
-6.186184,8,454.710441
-8.368964,11,454.918837
-7.0083227,8,454.918878
-9.206848,10,454.976912
-8.11413,9,455.130261
-11.542179,15,455.271867
-7.788493,9,455.355006
-13.287089,17,455.404292
-7.5039315,7,455.492014
-6.1323514,9,455.645509
-7.93448,8,455.735948
-10.830011,16,455.853978
-10.550602,11,455.930693
-7.757852,9,455.968579
-5.3632784,6,456.110192
-8.547501,9,456.110231
-7.1441917,9,456.210272
-7.895888,8,456.310729
-7.8653417,10,456.375805
-6.0167313,7,456.527024
-12.16774,13,456.588689
-9.267225,12,456.7479
-6.3835025,8,456.802103
-6.3452415,12,456.968991
-12.006168,12,457.106969
-10.093659,15,457.16285
-8.111706,10,457.220924
-6.9529133,7,457.373495
-8.911609,10,457.417965
-8.884657,10,457.517863
-7.0306606,7,457.577685
-5.634145,7,457.698135
-8.221826,12,457.737851
-9.57278,12,457.874393
-7.598784,8,457.932133
-16.307747,20,458.170902
-9.933617,14,458.253174
-11.680428,18,458.341962
-6.3361244,9,458.4641
-8.782356,10,458.588876
-7.1704564,9,458.638734
-8.703817,10,458.785513
-8.6043215,9,458.893372
-7.163609,13,459.005211
-8.070474,9,459.077585
-9.7255535,11,459.233494
-6.79856,9,459.339194
-12.290264,14,459.419008
-8.021423,11,459.603245
-13.628708,17,459.683493
-9.136557,14,459.785779
-6.727627,7,459.926604
-7.902575,10,459.926641
-8.862689,11,460.080071
-5.9810033,9,460.137115
-9.024448,10,460.173762
-6.9801626,10,460.326689
-7.7113714,10,460.40449
-7.551922,8,460.522036
-16.951202,18,460.586203
-5.2330008,7,460.73541
-13.330391,16,460.839582
-10.853659,13,460.971679
-8.987347,11,461.069886
-6.481537,8,461.112878
-7.7587667,8,461.224709
-9.047026,10,461.407654
-10.360111,11,461.544808
-8.644091,17,461.58465
-6.5110703,8,461.644104
-8.845079,10,461.860447
-10.757016,11,461.954212
-10.145542,15,461.998115
-7.070083,8,462.204836
-11.054145,14,462.299096
-10.432099,13,462.398091
-10.073212,12,462.590867
-10.759737,16,462.791332
-9.858002,16,462.887779
-8.347278,15,463.040474
-9.283912,10,463.107648
-8.450783,8,463.153154
-9.247343,9,463.314809
-7.6128225,8,463.357099
-10.438101,11,463.472591
-215.19157,500,463.608721
-11.691764,14,463.756279
-6.9445953,7,463.844999
-13.386461,15,463.845036
-7.8749566,14,463.934525
-5.6625,6,464.047193
-6.7576084,11,464.148167
-8.241347,13,464.408538
-15.512201,17,464.451042
-9.11268,12,464.494517
-11.719291,14,464.675563
-6.758518,7,464.675603
-6.2602596,6,464.728028
-7.2153487,7,464.928715
-8.64706,9,464.99104
-12.705953,15,464.991076
-10.598461,12,465.093317
-8.084977,10,465.277781
-9.800679,11,465.4041
-13.281248,15,465.445518
28.944126,22,465.629105
-7.3041954,12,465.679822
-8.084355,9,465.727729
-5.6496973,5,465.811097
-9.789712,13,465.877843
-5.925315,6,465.939291
-9.355245,9,466.012159
-7.483696,9,466.168046
-11.085886,13,466.232457
-11.121457,13,466.401131
-9.683208,15,466.401196
-9.527473,12,466.595101
-5.8661613,10,466.595141
-7.2627807,8,466.700972
-6.344093,8,466.863989
-10.122653,12,466.999896
-11.399464,20,467.148046
-6.431449,7,467.148085
-10.171918,13,467.190973
-5.910352,8,467.455305
-7.380771,14,467.567763
-11.491366,13,467.645291
-6.1546607,11,467.795887
-6.380084,7,467.835701
-13.670332,20,467.875898
-7.2769217,12,467.934519
-8.555999,9,468.053872
-8.433487,10,468.192072
-11.427125,13,468.192115
-6.4440937,10,468.334121
-8.418268,9,468.490816
-8.254196,9,468.490857
-17.798176,24,468.592987
-6.7262497,8,468.75537
-7.506559,13,468.798923
-11.69837,16,468.993161
-8.793552,11,469.082594
-9.033219,11,469.127551
-6.842909,10,469.324787
-14.87179,25,469.416977
-7.303834,12,469.537711
-7.3512845,11,469.537752
-7.450045,7,469.642568
-7.621538,10,469.780859
-7.759907,9,469.862585
-8.539589,9,469.862624
-8.140326,8,469.901186
-9.13407,9,470.080292
-11.049755,13,470.249497
-8.63196,10,470.378028
-6.847033,11,470.556142
-16.695005,23,470.556182
-9.903418,11,470.791163
-9.736864,19,470.828458
-15.353672,17,470.944402
-6.168653,6,470.982184
-8.952261,14,471.137036
-7.2417755,11,471.23654
-8.504709,11,471.398759
38.883823,20,471.439591
-10.035019,9,471.480668
-5.558937,7,471.646443
-10.352659,16,471.822913
-8.852194,10,471.87987
-12.172621,22,471.953562
-8.119787,8,472.029627
-6.4673705,7,472.066499
-9.1847725,10,472.203818
-7.810847,8,472.240383
-6.46673,11,472.338129
-9.581945,11,472.474424
-8.265941,11,472.510644
-4.61753,107,472.586395
-8.20315,14,472.682696
-9.52307,10,472.759378
-10.747108,12,472.796404
-5.1370487,15,472.949575
-9.610291,12,472.99903
-8.089577,11,473.055466
-9.453679,13,473.133235
-6.377855,7,473.174606
-6.355193,8,473.277414
-9.755078,11,473.317554
-7.1790175,7,473.357075
-7.8794556,8,473.416945
-8.30854,10,473.633999
-10.285482,11,473.695584
-10.562056,12,473.806639
-9.661501,19,473.937141
-7.246864,8,473.937184
-10.705003,10,474.070402
-7.8074093,11,474.175215
-9.003181,9,474.216364
-10.334395,12,474.313818
-7.0444093,8,474.313854
-8.356026,11,474.477194
-6.7938614,8,474.513007
-8.655011,13,474.585263
-8.628996,10,474.792273
-9.145761,12,474.918057
-16.512962,20,474.918097
-11.128009,14,475.195878
-12.881251,16,475.36066
65.855576,21,475.497492
-14.356802,32,475.536067
-9.820952,14,475.635121
-7.636652,9,475.635168
-7.465874,8,475.753384
-8.179065,8,475.891511
-10.000484,11,475.891549
-7.048845,9,475.933707
-7.151301,9,476.030758
-7.850612,8,476.136599
-6.353683,7,476.136639
-8.112656,8,476.257246
-7.88915,14,476.313033
-6.054581,6,476.31307
-8.057222,9,476.520609
-8.49308,14,476.671668
-8.316305,13,476.671706
-16.39769,24,476.801745
-7.1887856,8,476.891355
-7.2748,11,476.971326
-5.8027067,8,477.029975
-9.265011,20,477.10837
-7.1948724,8,477.190139
-6.786792,14,477.273772
-6.2286797,6,479.664894
-9.898117,13,479.715611
-9.340857,11,479.758231
-6.9472466,7,479.933603
-9.344017,13,480.011345
-7.2171726,9,480.055282
-7.1243854,7,480.188541
-7.7123437,8,480.312189
20.458454,18,480.312229
-5.6495314,7,480.418443
-6.43272,6,480.476193
-9.397896,14,480.514629
-10.667383,12,480.641444
-8.084209,9,480.721379
-8.944809,10,480.801416
-8.523588,13,480.801456
-7.057682,10,480.943934
-9.2473545,9,481.102336
-8.855585,13,481.184853
-1.4672134,8,481.373014
-6.8054056,8,481.441623
-10.755996,15,481.504817
-3.673081,20,481.504855
-6.6401157,7,481.62993
-6.539006,8,481.759645
-7.9795365,8,481.869228
-9.2929,13,481.911582
-6.359838,6,481.953828
-13.595523,17,482.033315
-5.093601,5,482.087315
-6.182555,8,482.234277
-6.5482264,10,482.276538
-7.3359404,9,482.369263
-9.504789,9,482.552435
-14.407092,17,482.63121
-10.328896,11,482.6747
-7.903989,10,482.743152
-11.227537,12,482.958976
-9.607612,10,483.034109
-7.2951765,12,483.193704
-9.316568,16,483.235384
-8.849182,10,483.345087
-8.906363,11,483.488873
-9.105823,10,483.662287
-13.681334,14,483.662329
-17.292986,21,483.730091
-9.046826,9,483.812209
-6.0843716,8,483.898981
0.2906227,11,484.062106
-13.251024,17,484.161669
-5.303996,8,484.335078
-8.894003,16,484.335115
-10.320446,14,484.385891
-7.957549,8,484.471488
-9.109442,9,484.631234
-5.61841,9,484.753868
-14.000543,15,484.855838
-7.19917,8,484.897239
-6.9067435,10,485.063178
-10.173227,12,485.198221
-13.298346,18,485.361849
-10.568409,12,485.48718
-7.4496975,8,485.574748
-4.0234146,21,485.616404
-11.954667,14,485.90092
-8.376626,11,485.90096
-9.470152,11,485.940602
-7.3463707,9,486.127059
-6.446533,17,486.342097
-7.875091,11,486.634018
-15.44179,24,486.753649
-10.687323,11,486.923443
-7.4233904,10,487.000595
-9.439913,46,487.077957
-6.1345725,7,487.179389
-6.620672,7,487.279017
-10.614341,13,487.279053
-8.48714,9,487.418915
-10.291267,11,487.540471
-8.177332,14,487.621933
-8.493403,11,487.702178
-6.9669237,11,487.820498
-11.543737,14,487.961256
-11.34595,14,488.040021
-8.47154,13,488.141755
-6.6859593,8,488.18138
-7.445174,8,488.264333
-6.956627,9,488.407512
-7.8899918,11,488.446473
-7.300994,9,488.50463
-6.5569663,9,488.644643
-9.495952,15,488.875289
-10.635447,20,488.992981
-13.540291,15,489.093486
-9.686661,11,489.284653
-9.119477,15,489.324463
-11.475998,13,489.428236
-9.267749,10,489.59655
-5.9800906,7,489.6391
-12.816593,13,489.677694
-6.0603347,6,489.822866
-6.017674,7,489.8839
-6.346208,8,490.044255
-7.354587,9,490.133525
-16.30354,20,490.201872
-7.4753942,8,490.279545
-7.9567523,10,490.396681
-8.887376,10,490.453914
-9.322603,14,490.724182
-13.725142,19,490.724217
-7.969528,15,490.808856
-8.6605835,9,490.948355
-7.2668786,8,491.01686
-9.452049,12,491.094513
-7.135892,7,491.204404
-7.352821,7,491.285087
-8.356329,11,491.367681
-5.8689322,7,491.460734
-11.923752,14,491.553844
-9.036154,10,491.609449
-9.154184,9,491.683279
-7.229025,7,491.742824
-6.6574216,6,491.783744
-9.377958,10,491.947519
-10.075983,10,492.006506
-7.3252177,11,492.063468
-8.3301325,9,492.216671
-8.36792,15,492.309988
-9.413961,12,492.345995
-9.345427,12,492.499078
-8.141968,10,492.554529
-9.513691,12,492.636415
-5.103444,6,492.714153
-8.695196,9,492.751179
-6.3467417,9,492.866527
-8.432017,10,492.97954
-6.3227835,6,493.017437
-11.095888,15,493.091491
-6.1410017,7,493.167445
-7.239789,8,493.281852
-11.807606,13,493.336512
-7.841673,12,493.451764
-5.9872684,8,493.488285
-7.730685,8,493.543921
-6.6549664,9,493.677744
-7.462724,9,493.715919
-12.156218,13,493.869844
-7.718052,10,493.945739
-5.978969,7,494.098994
-7.391224,12,494.156908
-5.6411247,7,494.339858
-8.482201,10,494.379937
-26.472439,28,494.439535
-8.822328,9,494.705632
-10.256939,11,494.70567
-11.877762,14,494.786455
-7.691588,9,494.95153
-9.270567,9,495.007429
-7.2528315,8,495.154995
-13.5925665,19,495.22031
-8.960877,11,495.312695
-8.5188055,9,495.42482
-6.445946,6,495.591102
-8.936532,10,495.591137
-7.800387,8,495.791279
-10.53889,14,495.940944
-7.735673,8,496.018357
-12.150977,31,496.085043
-6.757368,7,496.165631
-2.6069288,7,496.331928
-10.698462,14,496.398086
-9.485965,14,496.456402
-9.481754,10,496.702793
-13.259177,15,496.744108
-7.517049,14,496.786212
-8.202471,8,496.969695
-7.639844,8,497.197242
-13.19029,22,497.340032
20.194756,25,497.489926
-4.640555,5,497.48996
-7.3202753,11,497.535818
1911.1746,500,497.800596
-6.510378,10,497.842802
-9.399167,10,497.908433
-7.3716755,11,497.908466
-5.46356,7,498.098035
-8.590495,10,498.193679
-12.102952,13,498.245551
-6.5965447,7,498.364324
-10.028263,19,498.500637
-11.0026,11,498.609264
-7.8230796,12,498.677175
-6.795952,10,498.717702
-6.7720003,9,498.810154
-6.88198,7,498.907855
-8.157705,9,499.015667
-7.479087,7,499.073682
-9.132642,13,499.073719
-8.662904,10,499.290128
-8.13354,10,499.377173
-8.166824,10,499.418701
-6.561722,6,499.516502
-11.782341,12,499.516536
-4.7243137,5,499.647109
-5.795043,8,499.704747
-6.7361803,10,499.846483
-9.012508,15,499.930838
-8.680694,9,500.027866
-7.1222715,8,500.027904
-6.290056,7,500.260079
-9.186546,12,500.306826
-11.240249,15,500.458066
-7.0267787,10,500.596831
-9.335835,10,500.654806
-12.000063,18,500.654836
-7.6188316,8,500.740929
-7.895635,9,500.923155
-9.103564,10,500.963877
-9.929129,12,501.005301
-14.408056,20,501.356451
-12.656883,14,501.356488
-10.843828,14,501.39798
-13.259878,21,501.636479
-5.9324265,9,501.677065
-8.742591,11,501.74468
-7.8019686,11,501.744719
-6.875498,7,501.899417
-9.738705,12,502.058352
-7.282707,12,502.095422
-12.207043,15,502.172415
-9.5393,12,502.23093
-8.0087595,8,502.289368
-7.729926,9,502.34754
-7.6709366,9,502.442509
-6.6297107,7,502.442569
-6.3213863,8,502.623297
-7.39908,10,502.697774
-11.221399,13,502.697811
-9.127843,10,502.868092
-8.795792,9,502.904416
-10.696075,11,502.959587
-5.8229847,7,503.078021
-9.633484,11,503.19429
-8.130802,9,503.347348
-9.43188,14,503.347385
-8.953772,10,503.443872
-5.7247343,8,503.54127
-6.3066297,10,503.598145
-6.23979,8,503.656836
-7.804631,9,503.773032
-8.839712,12,503.889862
-8.20014,8,503.967161
-10.217609,14,504.004893
-5.766863,6,504.14366
-8.831049,71,504.143695
-7.58996,10,504.181128
-9.280674,13,504.358808
-8.024649,8,504.358846
-6.520953,10,504.440676
-6.5794773,9,504.586304
-9.793743,10,504.625342
-6.742573,6,504.741945
-8.091257,16,504.836736
-9.948257,11,504.898731
-6.5645742,7,505.013968
-8.972202,10,505.126475
-7.2504463,7,505.184448
-7.6094036,9,505.341316
1.0247893,13,505.52588
-8.62925,9,505.744063
-9.682831,18,505.819155
-11.405429,11,505.999368
-11.457996,13,506.121866
-7.422704,9,506.229414
-8.920822,15,506.557766
-12.27037,21,506.614283
-67.65104,103,506.689455
-6.5589104,9,506.788243
-7.020774,7,506.86523
-11.212034,15,506.979878
-7.7220793,15,507.132421
-11.762048,13,507.168333
-11.593917,13,507.308364
-4.815778,6,507.34557
-9.931892,12,507.460943
-7.3214884,8,507.518044
-5.302067,8,507.555215
-5.569865,9,507.693681
-6.9181094,7,507.731446
-8.635822,9,507.767952
-6.0208416,6,507.866787
-7.1487007,8,507.965232
-9.830357,11,508.122116
-8.460262,10,508.198068
-7.385316,8,508.368432
-6.264426,12,508.405103
-5.9915557,6,508.521974
-7.3767357,8,508.59861
-4.3978767,5,508.71559
-10.445015,13,508.82953
-9.964636,10,508.947052
-8.063485,9,509.060709
-9.333328,13,509.281207
-10.405599,13,509.377733
-9.426369,10,509.510098
-7.765392,8,509.584254
-8.456156,9,509.769353
-5.581744,8,509.810538
-7.812382,13,510.184401
-11.038454,17,510.374613
-6.972967,9,510.487628
-8.548788,15,510.829283
-15.2392235,25,510.960768
-13.776438,14,511.133719
-7.5202885,9,511.171483
-7.49631,8,511.324239
-6.6852245,6,511.459195
-14.048679,19,511.600028
-8.480967,11,511.73033
-8.857404,10,511.851047
-6.194083,10,512.019579
-9.694761,12,512.223674
-7.1552362,10,512.335373
-7.567917,8,512.465369
-8.313367,11,512.622037
-9.952021,11,512.890079
-22.122318,28,513.121273
-10.279608,16,513.245042
-10.275944,11,513.390032
-8.006896,9,513.467554
-6.0398426,6,513.544629
-6.6932144,7,513.707497
-11.817832,14,513.803249
-8.836483,11,513.958107
-9.51836,11,514.052468
-6.420602,8,514.226694
-9.025264,13,514.26372
-6.794899,7,514.395798
-9.650487,10,514.491336
-8.018953,9,514.60412
2.2934961,18,515.000488
-7.3305407,7,515.211061
-14.112297,27,516.011265
0.2873602,21,516.470556
-7.964489,10,516.764689
-5.6373544,9,516.978844
-964.84973,500,517.247813
-11.102218,14,517.3057
-8.667952,9,517.479532
-8.852371,10,517.559441
-9.781467,11,517.734748
-12.742332,17,517.946957
-9.802744,11,518.002969
-7.1121283,7,518.170566
-14.083861,16,518.328407
-9.273734,16,518.532121
-9.842871,17,518.721102
-7.9291697,10,518.782986
-6.5854917,7,518.907268
-9.12502,10,519.01976
-5.746628,6,519.056093
-9.431036,16,519.380734
-12.558402,20,519.455116
-7.8627787,10,519.609529
-9.377685,10,519.689469
-6.814893,8,519.813649
-6.690342,8,519.891138
-1505.1545,500,520.083436
-13.118122,17,520.2011
-9.867308,16,520.2568
-6.628989,10,520.33358
-6.8617945,9,520.468097
-7.145514,7,520.505053
-14.217125,19,520.657705
-6.7804604,11,520.752132
-6.8155556,8,520.864349
-9.901703,16,520.864384
-8.4614525,8,521.036954
-16.761246,18,521.170985
-15.534127,16,521.228238
-7.6247215,10,521.285418
-7.9043818,8,521.417846
-8.717794,12,521.474323
-11.548992,16,521.649899
-11.087776,12,521.708547
-6.804415,13,521.786318
-2.3511944,7,521.844701
-7.782406,10,522.839518
-9.707003,15,522.93952
-12.057981,21,523.031733
-7.61955,12,523.293732
-11.211332,15,523.293769
-8.433254,9,523.293775
-6.378509,6,523.444325
-6.617092,7,523.482234
-7.6235776,10,523.560098
-7.457178,9,523.698625
-10.233225,11,523.737924
-5.8665133,8,523.776588
-11.885449,12,524.009412
-13.156309,15,524.066819
-11.691551,17,524.162656
-5.9858527,7,524.319196
-8.983002,16,524.39873
-8.833334,16,524.472568
-5.869545,6,524.639921
-11.706206,15,524.737635
-9.580284,14,524.795638
-10.617861,13,524.950518
-8.069313,10,524.988493
-8.658574,15,525.152442
-6.147125,9,525.189338
-7.607532,10,525.248772
-6.698824,8,525.433308
-5.357281,17,525.618264
-7.5590196,10,525.730304
-9.18803,12,525.925425
-8.594612,9,525.970958
-6.139122,8,526.143656
-8.7205105,8,526.183874
-9.257887,9,526.385377
-11.845362,15,526.514547
-7.17589,8,526.592117
-9.481185,11,526.84565
-11.334563,14,526.845689
-8.542305,67,526.902763
-5.815935,6,526.99856
-9.653051,15,527.198329
-9.840337,14,527.242087
-8.4241905,11,527.280179
-7.0378513,8,527.435433
-9.825403,10,527.472674
574.59937,500,527.626422
-9.2524605,10,527.683919
-1.2989755,25,527.896821
-10.027076,11,527.958387
-7.110812,9,528.218374
-8.691474,10,528.218411
-12.8212185,31,528.326979
-7.2318435,8,528.437102
-7.4114294,9,528.481617
28.2585,35,528.668834
-8.191401,9,528.716648
-12.069901,12,528.782233
-8.441443,17,528.820979
-6.1062727,6,528.923005
-8.042637,9,528.981317
-7.806504,11,529.124104
-6.524148,11,529.162612
-10.760909,12,529.289861
-8.157576,10,529.289897
-7.764702,8,529.386824
-6.7897205,6,529.4631
-10.014151,11,529.463132
-9.160936,10,529.560605
-6.1193185,6,529.618968
-11.415439,12,529.718856
-6.536092,10,529.821757
-7.188348,7,529.902194
-8.621125,15,529.997454
-8.370672,10,530.073901
-17.2384,27,530.152371
-10.60607,14,530.267684
-5.8868265,7,530.267723
-14.731517,18,530.441245
-9.4282675,9,530.478271
-9.973174,18,530.591308
-9.969997,15,530.629677
-10.292168,10,530.707561
-8.974182,12,530.782035
-6.2227325,7,530.93779
-16.778465,20,531.10002
-13.602931,16,531.100057
-14.235687,20,531.138941
-7.733638,14,531.299621
-8.777733,11,531.376518
-10.904879,11,531.414851
-12.208424,13,531.452976
-7.45726,8,531.532992
-7.4113274,8,531.631268
-5.180838,6,531.631307
-6.933297,9,531.689421
-5.6643815,5,531.768224
-9.073402,10,531.931571
-13.377553,16,531.974057
-14.337212,17,532.099391
-9.288821,12,532.099441
-5.2636,8,532.2014
-5.9508085,7,532.201437
-4.880775,6,532.336661
-8.943203,12,532.431798
-9.871969,12,532.431833
-9.979275,12,532.527462
-6.931818,6,532.527498
-7.683752,7,532.625332
-10.223392,10,532.782901
-7.697527,10,532.782939
-9.040253,9,532.867895
-5.5545177,7,532.984769
-8.965493,9,533.051279
-19.37311,25,533.157812
-7.4069405,11,533.218934
-11.983269,12,533.396945
-8.197731,9,533.455212
-8.501864,12,533.493538
-5.2882423,6,533.651042
-7.8734736,9,533.78268
-7.3368754,8,533.95651
-12.118599,15,534.014312
-4.960681,5,534.092087
-21.27356,30,534.28722
-9.395019,15,534.427184
-10.201844,12,534.564767
35.035713,26,534.620716
-8.255037,12,534.725012
-7.983637,9,534.808029
-9.143075,11,534.938365
-7.13002,14,535.087622
-8.191819,13,535.14395
-10.567135,11,535.202352
-9.55204,10,535.394014
-9.310664,10,535.466803
-7.9288244,8,537.15895
-7.6209393,7,537.197142
-9.345068,18,537.274498
-6.4943614,7,537.368743
-9.572764,10,537.428558
-8.064299,10,537.559185
-5.6948705,6,537.559226
-7.8296065,9,537.670665
-7.948313,9,537.767537
-5.3019404,6,537.850641
-9.607741,11,537.850682
-8.630728,10,538.051559
-8.215485,10,538.112981
-8.411956,11,538.155543
-7.101183,8,538.315028
-9.338579,11,538.417879
-14.0428915,19,538.551269
-4.766137,7,538.623811
-9.992689,12,538.668866
-7.058634,8,538.835472
-9.83041,11,538.936082
-7.451324,15,538.975599
-8.883627,9,539.09732
-5.8385653,5,539.09736
-7.182983,8,539.208678
-7.224241,7,539.292015
-12.525883,16,539.615384
-9.024954,14,539.653178
-6.7338133,8,539.809433
-6.8575163,7,539.969705
-9.33475,15,540.007701
-312.57227,211,540.163986
-9.500185,13,540.283659
-12.373864,14,540.349986
-9.760759,12,540.479643
-9.988219,11,540.588773
-5.115696,8,540.695281
-14.29193,18,540.821097
-10.552906,10,540.880353
-6.5991297,6,540.880391
-6.3996735,7,541.044218
-9.934335,12,541.180569
-7.62543,12,541.229409
-8.014044,10,541.364553
-5.796696,7,541.426323
-9.049211,9,541.46795
-7.213289,7,541.612732
-6.104023,8,541.693265
-11.056483,22,542.05237
-8.077793,15,542.052408
-10.829883,19,542.090614
-7.290942,8,542.274304
-11.122554,13,542.415487
-12.495461,13,542.455309
-8.9804535,9,542.534456
-5.776084,6,542.594645
-7.1748223,8,542.731226
-7.812839,8,542.791458
-9.8488655,16,542.87341
-6.9048767,7,542.935905
-6.341093,6,543.100068
-9.611077,12,543.140249
-12.711647,16,543.318054
-7.7583523,10,543.380373
-8.412435,11,543.444789
-6.4035935,7,543.529871
-6.4370766,6,543.56978
-6.863995,7,543.653119
-6.5006437,6,543.720188
-5.9411025,6,543.767013
-5.6072655,5,543.875782
-7.5971155,9,543.943024
-6.132806,8,544.084289
-10.875687,14,544.269433
-6.9654384,9,544.309221
-9.981171,27,544.466666
-6.395159,7,544.466707
-6.549323,9,544.680377
-7.5355887,16,544.72221
-7.2395678,12,544.792241
-6.0820613,6,544.873931
-5.7885523,8,544.953897
-5.7138796,7,544.996696
-8.290931,10,545.152476
-9.545979,10,545.263938
-10.609514,12,545.347774
-9.148218,11,545.473106
-7.679056,10,545.532308
-7.697943,9,545.591613
-5.9319215,6,545.656267
-6.8850355,9,545.787888
-12.2062645,14,545.948957
-6.556627,9,546.00604
-11.737973,15,546.041744
-7.2399077,9,546.245705
-12.423318,13,546.303133
-7.4589667,12,546.360284
-7.630122,8,546.56961
-9.369886,15,546.712438
-7.5146747,10,546.892649
-6.038284,6,547.085876
-12.200259,12,547.127423
-20.263975,37,547.391545
-7.44746,9,547.39159
-7.4706373,14,547.582011
-6.3774443,6,547.58205
-5.755745,7,547.627898
-5.5413275,5,547.784093
-8.788724,9,547.909796
-8.215773,9,547.953821
-6.371186,9,548.095412
-7.5873237,7,548.183663
-5.927146,6,548.264389
-7.516326,9,548.444686
-10.522292,17,548.444726
-7.6831126,10,548.556242
-7.493734,8,548.66146
-6.3278027,6,548.721774
-8.87359,16,548.865948
-6.673362,10,548.923969
-13.06132,12,549.022434
-8.648058,10,549.124236
-6.1224003,9,549.271657
-10.430244,13,549.487845
-6.3359904,6,549.633704
-8.721288,16,549.696013
18.050014,33,549.796983
-7.8401065,9,549.876738
-4.0837107,4,549.916627
-6.6666465,8,550.111862
-11.538956,17,550.150495
-10.160137,17,550.337864
-6.965323,9,550.379652
-7.3691583,13,550.502728
-6.7173376,6,550.541017
-8.918564,10,550.61834
-5.8752136,8,550.736069
-7.32191,7,550.813483
-11.198834,11,550.813519
-7.399962,7,550.931658
-7.82067,11,551.076238
-6.8352804,7,551.118385
-5.127899,5,551.233618
-7.7334213,8,551.335511
-8.165949,8,551.438855
-8.131626,14,551.754985
99.875336,48,551.983157
-10.039511,12,552.04282
-7.684901,8,552.192511
-6.734553,7,552.242796
-7.738627,10,552.478826
-6.2000036,13,552.593547
-7.9597764,12,552.837526
-4.0028486,8,552.837564
-1199.7048,500,552.89668
-5.765075,5,552.999808
-5.7678328,6,553.054053
-11.076667,15,553.33653
-9.171175,12,553.33657
-9.900187,12,553.376854
-7.0176206,11,553.637929
-9.801187,13,553.703626
-7.3205934,8,553.894203
-6.0841,8,553.974791
-10.873131,20,553.974833
-6.338544,7,554.096486
-6.273826,7,554.157941
-9.263525,10,554.26703
-13.513716,15,554.512496
-9.197363,10,554.512533
-9.721813,15,554.57025
-7.3107347,7,554.684752
-9.1692295,9,554.783872
-9.84823,12,554.824808
-8.645492,9,554.943278
-5.201515,5,554.943321
-6.045267,6,555.010129
-5.96577,8,555.162476
-11.1908655,16,555.398482
-13.632946,20,555.46056
-10.173925,13,555.501215
-7.243204,9,555.68373
-9.950279,18,555.848049
-12.837987,17,555.916979
-8.836477,14,556.064321
-5.773654,8,556.108427
-7.689192,10,556.216756
-8.5786495,9,556.327884
-9.899815,11,556.414964
-6.4778924,6,556.505881
-7.5605283,12,556.574531
-5.788994,6,556.617015
-7.282018,8,556.795847
-7.928478,8,556.855895
-8.5611315,11,556.855934
-5.3897247,6,556.986455
-6.5798264,6,557.031446
-7.327112,7,557.184546
-11.900074,15,557.265716
-9.140146,14,557.397152
-7.1244807,8,557.47802
-10.217862,12,557.515398
-8.082314,11,557.677449
-7.943609,10,557.754591
-8.936653,12,557.793189
-5.329344,5,557.89553
-7.641892,9,557.93389
-7.2285166,10,558.0571
-5.841877,6,558.117102
-6.646912,7,558.117138
-6.6594234,8,558.318591
-8.022423,8,558.318631
-7.2534876,9,558.575713
-7.2374244,13,558.676181
-12.702603,28,558.82036
-9.905607,13,558.992689
-8.413919,10,559.232274
-11.581281,29,559.292656
71.65076,25,559.460541
-6.1948457,6,559.460578
-9.589196,11,559.54201
-6.2116747,9,559.714418
-7.290923,9,559.714457
-8.083534,10,559.817657
-6.2731624,6,559.88096
-9.207285,10,560.078776
-7.044036,13,560.207764
-7.897607,9,560.309487
-6.6039143,9,560.437933
-13.977951,31,560.547871
-6.331108,8,560.54791
-7.9525404,10,560.718767
-7.3270645,8,560.760306
-9.466806,12,560.864283
-8.731426,12,561.070489
-7.7740254,8,561.11411
-9.383123,16,561.222541
-6.3762894,6,561.261217
-6.331787,9,561.363289
-6.3250947,8,561.463243
-9.361145,17,561.657372
-9.503168,14,561.718848
-8.943623,11,561.755265
-5.6891265,8,561.873929
-7.4770713,8,561.942695
-7.582737,9,562.006266
-9.058767,10,562.155203
-8.416201,9,562.194451
-6.779681,9,562.253378
-7.7491093,9,562.438579
-6.2201777,7,562.438618
-5.2030425,5,562.562179
-9.969494,16,562.602663
-6.006996,10,562.700464
-5.0231657,7,562.760164
-8.152857,11,562.895549
-7.517195,10,562.973591
-7.135729,7,563.070104
-7.46717,9,563.18822
14.648735,12,563.366616
-7.6666675,24,563.366652
-6.641828,8,563.404494
-6.808168,8,563.592893
-10.086893,10,563.633636
-8.2932415,11,563.67254
-7.446979,11,563.870617
-14.3371315,27,564.240692
-6.9913864,30,564.346461
-8.8515625,10,564.592438
-8.829529,16,564.658857
-1281.4485,500,564.747145
-8.405241,9,564.861099
-6.3354125,8,564.902753
-6.7080774,8,564.988948
-4.6920137,5,565.057317
-8.648945,13,565.238935
-8.839982,13,565.383064
-8.012846,11,565.383103
-6.073164,7,565.557835
-10.597939,13,565.621131
18.614775,14,565.748838
-6.7873926,12,565.876985
-9.666618,11,565.915513
-6.9432855,8,565.97664
-6.3888187,6,566.061675
-10.452826,13,566.254326
-10.876632,16,566.38918
-11.355854,15,566.474673
-8.527838,9,566.552057
-4.88577,5,566.68899
-6.9755406,7,566.689029
-5.644191,6,566.848133
-7.09431,7,566.888175
-10.1850395,11,566.928138
-8.764687,8,567.093525
-5.818037,6,567.093565
-9.189987,10,567.180787
-9.519096,11,567.390461
-8.914713,15,567.580945
-9.060272,19,567.621676
-9.364957,12,567.728936
-5.5126777,5,567.768924
-5.807354,7,567.961256
-8.098076,12,567.961297
-9.511048,13,568.140399
-5.785147,10,568.222401
-8.880619,12,568.28324
-10.215139,11,568.435432
-6.93624,10,568.506634
-7.4896765,9,568.549611
-5.908877,8,568.67855
-7.4149804,9,568.793361
-11.7687435,16,568.950691
-6.6035523,7,569.009103
-9.47231,12,569.05472
-9.177769,11,569.278942
-9.407709,11,569.321816
-8.095137,14,569.437291
-7.7516875,8,569.567598
-8.134092,9,569.567638
-7.074249,9,569.827003
-9.677435,12,569.914467
-15.323716,18,569.974302
-5.1775513,6,570.075484
-7.70912,11,570.138856
-11.7294035,14,570.34813
-7.604817,14,570.467462
-13.558188,15,570.554885
-7.9718995,8,570.594986
-0.5857761,8,570.786466
-8.291568,11,570.845411
-13.648683,17,570.926039
-7.254682,9,571.034318
-8.904343,10,571.128744
-8.134033,9,571.192458
-8.037568,9,571.415658
-7.8907228,12,571.415699
-7.7033796,8,571.455729
-6.715196,7,571.653101
-5.4098306,8,571.653138
9008.972,278,571.737011
-11.239275,19,571.974645
-9.339092,11,571.974686
-10.401594,11,571.974693
-7.043449,10,572.037714
-7.124159,7,572.166919
-8.131647,9,572.248321
-7.1634903,9,572.248365
-8.406064,8,572.289132
-5.6259613,7,572.39494
-6.4518585,8,572.481076
-6.3488245,10,572.66521
-14.709194,18,572.754785
-12.745826,14,572.867063
-5.5411177,6,572.932181
-10.568321,14,573.077744
-6.412401,7,573.077782
-7.462878,12,573.249623
-7.1390257,7,573.414382
-7.2696753,8,573.5934
64.432045,56,573.753971
-8.403978,13,573.928623
-6.2905874,9,574.001794
-8.882399,13,574.269214
-10.873278,13,574.329777
-9.0014515,12,574.622192
-7.8831267,11,574.879777
-5.261407,8,575.055021
-6.4168735,7,575.238729
-5.876866,8,575.508729
-7.2626367,8,575.701446
-11.618407,12,576.039181
-8.53643,10,576.313421
-9.551026,11,576.594004
-6.7202845,6,576.731974
-7.6455946,8,576.928071
-6.5608664,8,577.143393
-6.2133026,11,577.410524
-6.954446,11,577.690696
-5.896308,6,577.8607
-9.112465,13,578.134916
-7.939672,10,578.342397
-8.064088,10,578.549456
-16.008728,19,578.993425
-9.639009,10,579.210196
-5.744926,6,579.356022
-6.054597,6,579.536509
-8.387867,12,579.826542
-8.63731,10,580.12449
-8.656397,11,580.459345
-6.762378,8,580.705891
-6.6947765,7,580.926574
-8.798048,9,581.209023
-8.3617115,8,581.39999
-9.757646,11,581.72522
-7.78032,8,581.931005
-8.37689,9,582.138214
-6.805909,10,582.359086
-8.449535,10,582.587413
-7.614015,9,582.787991
-6.824427,7,582.959526
-8.652405,12,583.261431
-10.003473,31,583.962312
-7.2751403,7,584.219054
-5.609215,5,584.365848
-6.954687,8,584.570692
-6.1741724,10,584.784212
-8.374421,9,584.981312
-8.261787,8,585.153548
-9.30427,12,585.400434
-1410.6293,500,585.592449
-1409.1401,500,585.59249
-11.215887,12,585.691192
-8.08591,11,585.875954
-6.367279,9,585.939815
-12.294417,16,586.035332
-5.7924495,8,586.139985
-8.135927,10,586.236661
-8.310012,9,586.303657
-1131.1447,481,586.429026
-5.5200586,6,586.429063
-8.397339,11,586.4665
-10.141233,11,586.599739
-7.363002,8,586.636826
-8.897083,10,586.715022
-8.306832,12,586.75252
-8.75918,10,586.912091
-5.8025756,6,586.91213
-8.517559,9,586.912136
-5.679946,6,586.952995
-5.708644,6,587.067039
-7.8908587,8,587.131794
-9.144482,11,587.271813
-8.246578,11,587.328969
-10.230467,10,587.435443
-7.243395,8,587.517798
-7.9572353,8,587.557307
-10.786525,17,587.676649
-7.406471,9,587.776705
-9.684683,16,587.858556
-8.158245,8,587.898948
-5.889014,6,587.960312
-9.159809,17,587.999922
-7.7546787,9,588.12163
-6.096736,6,588.161274
-7.8209453,10,588.237374
-6.618624,8,588.335455
-8.55164,9,588.393438
-12.076599,15,588.664119
-11.813517,14,588.702506
-7.4983654,26,588.841674
-8.644899,11,588.977652
-16.444904,47,589.133899
-12.543192,16,589.133936
-10.935684,13,589.250605
-8.429431,8,589.250643
-6.961914,7,589.329683
-8.380682,9,589.389976
-6.3642263,6,589.448173
-7.2102675,7,589.502571
-7.340338,8,589.665019
-6.5388136,15,589.783878
-13.541097,14,589.88154
-8.776707,15,589.881577
-5.781746,6,590.026794
-14.185649,15,590.074928
-9.06529,11,590.129051
-8.8908825,9,590.331231
-10.337248,19,590.387524
-11.450994,15,590.463999
-9.236004,14,590.464035
-7.2328024,8,590.598253
-7.188672,7,590.654879
-6.7277412,7,590.654917
-8.3162,12,590.693178
-8.054863,9,590.879444
-9.313758,11,590.923403
-5.50231,4,591.013199
-9.490974,15,591.094988
-10.334049,15,591.144454
-8.225834,8,591.202334
-7.2469788,7,591.35123
-9.388801,13,591.429019
-4.9659595,6,591.511723
-4.454058,4,591.569621
-8.7952385,15,591.569658
-11.30135,14,591.630395
-7.898181,7,591.802607
-9.405967,10,591.888342
-9.132249,12,592.104378
-13.258775,21,592.16425
-8.026247,10,592.164285
-17.896309,21,592.255103
-6.1636524,8,592.401903
-8.718325,10,592.469569
-11.68099,14,592.551997
-7.247286,13,592.637992
-7.5983396,7,592.678427
-9.4339,12,594.321669
-9.643137,14,594.478885
-7.625171,11,594.532782
-6.1205626,8,594.532814
-9.982341,14,594.588516
-6.0982494,7,594.72193
-5.3936367,5,594.721965
-10.102213,11,594.820299
-6.3840775,7,594.918776
-6.4905663,7,595.017468
-15.267259,17,595.169748
-7.3404684,10,595.169785
-5.8970766,8,595.22586
-6.341364,7,595.360701
-6.9746957,9,595.457449
-9.455519,12,595.50746
-6.5806518,7,595.562974
-5.191004,7,595.717174
-9.576689,11,595.754287
-5.7790136,5,595.88356
-6.515301,9,595.975599
-11.203779,13,596.232542
-12.497068,12,596.290001
-14.314918,35,596.421776
-9.7501335,12,596.597355
-7.422513,14,596.59739
-6.763918,11,596.694814
-8.29252,9,596.808505
-9.809776,11,596.865222
-9.73735,10,596.938713
-6.4342856,8,597.050541
-8.567316,12,597.105755
-6.990794,8,597.285345
-8.209852,11,597.339387
-6.1636934,8,597.529417
-7.798869,8,597.569062
-16.469427,25,597.607573
-2.6353052,9,597.788355
-11.701458,13,597.868839
-9.716072,14,597.949046
-6.8229647,8,598.009135
-5.422805,5,598.129657
-9.0397215,11,598.167878
-8.478443,9,598.205492
-4.960477,5,598.303568
-7.8318152,9,598.398297
-6.5196686,7,598.398331
-6.2943063,6,598.476595
-4.9584923,5,598.536832
-9.367413,10,598.7419
-8.428588,10,598.803686
-7.2453194,10,598.989122
-13.281843,29,599.12249
-7.409617,8,599.179738
-12.372205,20,599.277083
-7.8710613,8,599.335082
-7.304211,11,599.454944
-8.965124,9,599.558262
-8.377501,8,599.756541
-11.060847,17,599.877091
-6.606614,8,599.951781
-4.770008,6,600.025819
-5.964221,6,600.099864
-7.2111454,8,600.214428
-8.930977,10,600.327021
-9.996773,12,600.478462
-9.462867,11,600.574668
-5.8747735,8,600.674023
-8.555225,9,600.792812
-8.286033,10,600.916143
-6.06334,9,601.018498
-11.487847,12,601.193598
-13.066414,17,601.391963
-9.863612,19,601.603436
-9.700512,13,601.679935
-7.785623,8,601.797755
-6.2079015,10,601.91461
-11.256797,16,602.296664
-22.239761,31,602.556457
-10.462069,14,602.911188
-10.654215,25,602.957038
-7.09138,10,603.250152
-8.919103,13,603.317477
-9.179345,9,603.5817
-6.702617,7,603.581742
-6.5452013,8,603.86162
-7.864934,10,603.936924
-7.5381546,8,604.107381
-9.947523,11,604.369945
9.860066,24,604.519562
-10.912739,20,604.811194
-11.60157,15,604.87493
-7.0149446,7,604.997275
-6.8171844,8,605.074527
-10.288397,11,605.333612
-9.965024,15,605.66107
-14.848331,34,605.780907
7.3052053,34,606.472701
-6.9653187,6,606.657195
-8.042578,9,606.927282
96.42833,52,607.13041
-7.293156,10,607.191471
-1157.4717,500,607.271092
-8.820581,9,607.49305
-7.761297,12,607.49309
-12.289461,22,607.674875
-8.890792,17,607.878302
-15.763545,18,607.9171
-8.383466,12,607.972383
-3.8390002,9,608.130337
-7.4453897,8,608.184485
-9.110748,11,608.184522
-6.8361263,8,608.37479
-8.867258,10,608.414876
-8.82416,10,608.453594
-7.6690965,8,608.595477
-7.846897,8,608.65425
-5.9822164,5,608.737464
-8.349596,13,608.775128
-5.4895163,6,608.897767
-8.51886,10,608.937657
-11.042367,14,609.135557
-8.245825,9,609.135592
-11.2915535,12,609.232432
-6.3405585,6,609.289636
-8.000969,9,609.366827
-5.3795342,7,609.462538
-8.428221,10,609.4991
-5.525313,6,609.536063
-7.7929807,9,609.698979
-8.169897,9,609.737582
-8.521683,9,609.77615
-7.7702146,10,609.971685
-4.463006,10,610.013697
-10.229168,15,610.09848
-8.058971,8,610.225066
-7.0984387,10,610.263579
-8.939133,9,610.340705
-4.885585,5,610.459481
-9.46434,10,610.522306
-6.6915293,9,610.522354
-7.925269,8,610.680602
-9.214804,9,610.759379
-8.330321,8,610.929572
-12.071064,16,610.974473
-10.5495205,11,611.081116
-5.026929,6,611.131536
-6.6820683,9,611.260527
-5.6955743,5,611.300834
-10.830975,12,611.47735
-6.6925397,6,611.477391
-9.39657,11,611.602222
-7.4491773,8,611.710482
-8.56158,9,611.755978
-7.3808413,10,611.914874
-7.316523,11,612.1167
-8.155543,13,612.16729
-7.684374,10,612.268277
-1310.2523,500,612.372594
-7.2516136,9,612.469796
-8.493717,10,612.555172
-6.662326,6,612.602001
-9.620397,10,612.680158
-11.198345,13,612.998227
-10.182592,12,612.998266
-13.244336,13,613.102848
-11.110063,20,613.173193
-6.843031,8,613.295775
-7.7724223,8,613.295817
-6.521496,6,613.342513
-7.443081,10,613.642374
-7.665642,11,613.696027
-9.94547,13,613.779649
-6.574312,7,613.884705
-6.8130465,10,613.947699
-7.4187775,7,614.072548
-6.9510746,13,614.137128
-8.607971,9,614.217392
-18.520779,33,614.265808
-9.323849,11,614.405166
-10.7635565,11,614.464111
-2.4389446,10,614.503405
-10.43782,12,614.604564
-7.721762,8,614.769182
-10.922279,11,614.769221
-7.7042007,8,614.980113
-13.43798,18,615.050713
-8.9844885,9,615.050749
-9.128234,17,615.127839
-7.186994,8,615.247249
-6.4603224,10,615.287023
-8.280264,8,615.377203
-6.796932,11,615.377243
-5.9843693,6,615.539645
-7.698332,8,615.53968
-9.031337,11,615.605116
-5.9978476,6,615.711005
-6.106511,7,615.751322
-5.713214,5,615.867143
-11.852342,20,615.926696
-10.539652,17,616.136014
-9.919306,10,616.176403
-8.618479,15,616.259772
-6.687051,7,616.339788
-12.008614,32,616.441204
-14.049277,14,616.559615
-7.910812,8,616.559654
-11.509138,14,616.637891
-9.266094,9,616.696888
-6.392597,8,616.793697
-7.168234,8,616.793736
-6.4962244,9,616.892718
-6.0151415,5,617.030231
-7.3879957,9,617.030265
-8.11503,10,617.067609
-5.7925,6,617.1875
-8.209106,11,617.30614
-6.041812,9,617.401868
-8.865996,15,617.438882
-11.39057,13,617.769724
-7.5296354,12,617.769762
-18.216692,26,617.97079
-7.779009,10,618.008871
-6.73098,11,618.046488
58.137238,52,618.08449
-7.9031987,8,618.236654
-7.469402,7,618.236692
-6.846437,7,618.275316
-6.5963507,8,618.333546
-5.7341547,6,618.412575
-6.2967753,7,618.450336
-6.1533566,8,618.554992
-7.4096084,7,618.634333
-8.732999,9,618.673843
-5.4762526,6,618.81667
-7.7096224,12,618.884532
-6.185396,9,619.04472
-12.00831,18,619.10468
-11.360758,12,619.184873
-7.944308,9,619.340867
-5.1520634,11,619.340904
-8.528513,10,619.434219
-7.214765,10,619.586629
-8.108491,10,619.586665
-5.5153723,7,619.741489
-8.042856,12,619.858655
-19.188011,30,620.126173
-10.668492,17,620.275071
-4.621162,6,620.329588
-8.103801,9,620.516011
-8.140036,9,620.555633
15.276278,36,620.656767
-5.506443,7,620.737052
-8.465522,10,620.796122
-7.1112905,7,620.96037
-10.750841,12,621.040089
-13.699771,19,621.164782
-7.4292774,7,621.164824
-7.2327356,9,621.301779
-6.239223,8,621.423951
-9.50526,12,621.529679
-9.489639,12,621.654319
-6.9861965,10,621.691724
-7.169086,7,621.730765
-5.6236343,7,621.898771
-8.742256,10,621.959597
-9.634504,12,621.999637
-8.203569,9,622.192207
-6.6862803,8,622.408639
-8.511913,11,622.689569
8.965906,32,622.834352
-7.206426,7,622.93372
-6.387328,8,623.136552
-7.622504,11,623.176108
-6.716337,10,623.446279
95.35581,56,623.446316
-8.96443,12,623.48748
-8.924755,9,623.719792
-7.9416976,9,623.71983
-8.316626,9,623.762383
-6.1004133,7,623.905277
-8.052666,8,623.962574
-9.428594,12,624.043552
-6.2401943,6,624.084312
-6.7676325,7,624.232495
-6.467295,7,624.304766
-7.770179,11,624.304802
-6.146303,6,624.458207
-5.514622,6,624.458243
-10.741285,13,624.597461
-6.17198,8,624.654952
-8.800074,10,624.71455
-7.113529,8,624.814731
-5.8907833,6,624.871572
-8.045926,10,624.927243
-7.68676,8,625.087317
-8.837349,10,625.087358
-5.536824,7,625.268788
-8.6854515,14,625.313937
-5.8416576,6,625.445415
-8.454432,14,625.486508
-7.422738,8,625.546309
-6.6105585,6,625.679843
-9.330748,11,625.820724
-7.974528,8,625.820766
-5.7620325,5,625.970159
-8.416882,7,626.02674
-7.6775017,12,626.06432
-8.711473,9,626.204403
-12.419821,14,626.413002
-6.649225,8,626.484103
-7.2885323,14,626.48414
-6.283085,6,626.638799
-7.336058,9,626.721418
-8.708105,9,626.868804
-10.473392,18,626.9319
-8.359812,10,626.989546
-5.657804,6,627.086574
-8.137115,9,627.12437
-8.105913,9,627.338449
-9.347054,10,627.338495
-5.975031,6,627.499751
34.82868,21,627.537476
-7.054865,8,627.575261
-6.449114,7,627.712266
-9.438998,10,627.774366
-7.7949033,9,627.823845
-5.8861885,7,627.924913
-5.658902,6,627.963876
-8.003774,9,628.173904
-12.063941,13,628.25023
-8.7648535,9,628.400117
-17.210934,26,628.478486
-8.325592,9,628.620569
-12.778275,18,628.697323
-7.0943203,7,628.879783
-15.207398,16,628.879831
-11.6649,16,629.018994
-7.653467,7,629.078913
-7.2969933,7,629.078956
-6.489426,7,629.225937
-5.6281176,5,629.346678
-8.163563,13,629.40671
-12.769453,16,629.483302
-6.9879007,9,629.577637
-8.89184,12,629.693538
-7.6035886,10,629.731796
-8.866224,9,629.82264
-6.51616,7,629.956984
-7.774379,8,630.090672
-7.066427,7,630.190768
-9.031027,16,630.232479
-7.97813,11,630.482321
-5.810019,8,630.482363
-7.092644,8,630.52657
-5.848811,6,630.682443
-9.059908,10,630.844597
-6.6007366,6,630.914462
-8.518957,12,630.914504
-7.067001,7,631.065332
-7.161441,8,631.259743
-11.186794,15,631.300024
-1.2181605,18,631.382261
-7.139032,9,631.532935
-9.3032875,11,631.574306
-8.288619,10,631.65633
-7.704855,8,631.762506
-7.951265,9,631.822825
-5.816636,7,631.861817
-7.202387,9,632.002567
-1456.8995,500,632.041562
-9.850481,11,632.140717
-10.159439,10,632.140753
-6.415461,6,632.196499
-8.42324,9,632.296535
-7.921501,10,632.398417
-9.818781,11,632.445516
-5.4753385,6,632.605515
-11.459585,14,632.690861
-11.540148,13,632.771088
-7.0890527,8,632.894412
-10.968099,13,632.95558
-9.863639,10,633.039303
13.21365,9,633.144426
-8.222108,9,633.205255
-5.8105397,7,633.245117
-6.410514,8,633.457383
-7.959638,9,633.457419
-7.216721,14,633.540622
-6.318276,7,633.64863
-11.032287,14,633.899208
-8.029325,10,633.899244
-13.449301,18,633.938139
-7.628776,7,634.080173
-11.437619,11,634.182185
-8.27071,14,634.285115
-7.1604986,11,634.369343
-9.70442,10,634.451644
-10.922639,13,634.619072
-9.720613,11,634.658319
-9.971168,16,634.867362
-8.205454,8,634.867399
-6.26795,7,635.031217
-7.5225754,9,635.089223
-12.139557,23,635.213022
-7.0384474,7,635.292964
-8.164321,9,635.293001
-5.0554175,5,635.374265
-7.787032,9,635.520245
-7.9994555,9,635.738615
-10.97303,17,635.801069
-7.315376,7,635.969551
-8.7445,10,636.009483
-5.714164,6,636.151459
-6.212393,8,636.191674
-7.0241575,10,636.431261
-7.4696546,12,636.470624
4934.1895,168,636.607892
-6.8932023,7,636.646873
-8.180598,9,636.68482
-6.2065363,7,636.819908
-7.0347824,10,636.916496
-5.4173636,5,636.957236
-13.672944,18,637.099034
-7.3038707,10,637.195926
-7.486543,9,637.310599
-13.256409,16,637.367321
-8.111488,9,637.421743
-5.493454,6,637.51704
-7.1933784,10,637.575935
-6.374103,6,637.714701
-7.96453,9,637.754304
-9.922445,14,637.791433
-7.75295,8,637.92393
-9.389504,12,638.052891
-17.191986,21,638.222955
-8.9494095,9,638.259588
-13.428383,16,638.296534
-6.9850903,10,638.493949
-8.079296,9,638.493988
-8.888485,13,638.610351
-8.378796,9,638.70528
-9.540859,11,638.778062
-5.406049,6,638.778095
-5.371076,5,638.890103
-7.841297,9,638.947111
-8.53473,13,639.081275
-7.788525,9,639.118793
-6.115424,8,639.156807
-7.1667447,7,639.290119
-7.2016163,8,639.348428
-8.682959,13,639.426078
-6.6764116,7,639.483112
-7.4152455,11,639.620641
-7.819698,8,639.679065
-9.074809,10,639.858617
-7.2134814,9,639.896732
-7.536752,9,640.091437
-8.433826,13,640.168181
-8.7098675,9,640.302023
-10.449072,11,640.451642
-6.492547,8,640.555873
-6.246774,6,640.688038
-7.9402304,11,640.748907
-6.971307,8,640.886746
-369.4312,227,640.985372
-7.373107,12,641.043603
-6.6030807,8,641.243947
-8.736004,15,641.280889
-7.4895163,9,641.471656
0.5545621,23,641.546185
-5.7805734,7,641.638683
-12.454632,14,641.853682
-18.354637,33,641.991522
-8.705656,17,642.029958
-9.275412,11,642.133447
-7.2408156,7,642.194252
-53.43755,118,642.315675
-10.928513,13,642.453939
-9.971132,18,642.495399
-6.8022766,8,642.557981
-2.636881,15,642.614359
-6.8035316,7,642.691644
-5.8566513,6,642.864556
-8.382683,11,642.864592
-10.539505,12,642.864598
-7.2407174,11,642.921655
-8.095537,11,643.146467
-8.827766,11,643.146503
-9.739786,15,643.242468
-12.084738,20,643.402283
-8.385166,15,643.503583
-9.71624,17,643.582678
-11.506096,13,643.582717
-7.3710585,12,643.724976
-10.487106,12,643.865577
-7.7172527,9,643.943405
-9.339126,18,643.980749
-10.56521,17,644.018629
-7.396587,10,644.13661
-5.1035376,6,644.175484
-11.160401,10,644.270906
-6.480543,11,644.270941
-6.1674767,5,644.329198
-9.335223,10,644.425407
-7.524926,8,644.522072
-2.7923846,15,644.637898
-9.057749,11,644.695833
-13.759266,19,644.75194
-4.9674835,6,644.81019
-7.896196,8,644.908334
-7.7970233,7,644.964499
-9.351954,16,644.964533
-9.386624,11,645.11904
-8.563267,9,645.175713
-8.44743,10,645.234374
-7.2933054,11,645.274184
-6.4442883,8,645.368939
-6.0409617,7,645.514285
-8.935517,10,645.514325
-9.218468,10,645.677156
-14.768984,17,645.790269
-8.099377,10,645.834587
-6.9958982,10,646.073877
-10.718783,14,646.11633
-7.2752423,14,646.240502
-8.571587,11,646.469224
-7.3679852,7,646.469261
-10.137853,12,646.469267
-12.663911,14,646.773357
-11.96882,15,646.810813
-8.744053,8,647.00607
-8.289267,10,647.056035
-5.7034655,5,647.195396
-7.0523424,9,647.274971
993.4977,68,647.39624
-7.518653,7,647.457746
-7.1100507,13,647.540834
-7.1540313,8,647.66304
-8.786698,11,647.701391
-10.170134,12,647.842898
-7.874856,10,647.965163
-8.88028,11,647.965201
-5.663212,5,648.085034
-7.6843834,11,648.142283
-7.3361664,8,648.287656
-9.608915,13,648.471143
-6.7576704,6,648.609906
-11.598026,16,648.685449
26.517332,30,648.72149
-7.982954,10,648.874712
-7.5219955,12,649.00221
-6.905073,7,649.058542
-11.173088,14,649.095686
-5.2886004,5,649.153572
-8.188778,9,650.88741
-9.630276,12,650.945324
-9.64622,9,651.146183
-9.791185,12,651.185049
-22.905128,28,651.388173
-8.989667,12,651.448299
-7.333386,7,651.582009
-13.783281,16,651.582045
-9.857042,11,651.716928
-7.716529,8,651.774545
-8.041012,9,651.811027
-6.2413993,8,651.9875
-13.08362,16,652.121196
-10.149021,14,652.121235
-9.370155,11,652.254651
-6.495325,9,652.333193
-10.058981,11,652.389688
-8.187878,15,652.601757
-7.910237,15,652.678111
-11.098433,14,652.714744
-7.565545,8,652.88872
-9.6029,11,652.888754
-6.066649,7,653.092273
-7.830061,14,653.09231
-483.72736,200,653.092316
-9.535627,13,653.251539
-6.5821543,7,653.310507
-5.9780884,7,653.310547
-6.749076,7,653.448145
-10.510892,13,653.6179
-7.1906366,13,653.617935
-9.721233,10,653.696456
-12.132561,28,653.813944
-7.5007243,10,653.875016
-9.6753,11,653.915641
-11.37932,13,654.034088
-6.4544344,10,654.149918
-8.158026,9,654.149955
-6.418529,7,654.227139
-10.929249,17,654.282926
-8.831953,9,654.378771
-8.963348,10,654.417047
-8.461641,9,654.474827
-6.829172,8,654.511936
-6.65123,8,654.646538
-8.17041,9,654.646573
-8.233648,10,654.76071
-11.426683,13,654.840803
-7.4529605,8,654.877372
-7.700897,11,654.954828
-8.534573,9,655.045891
-6.419003,9,655.120541
-6.6034474,8,655.120574
-8.458108,9,655.217064
-7.9013395,7,655.254561
-9.06009,10,655.372373
-9.3071,12,655.428215
-1.254408,9,655.464848
-7.2811923,7,655.603565
-10.706741,11,655.680822
-9.044024,18,655.739372
-7.0312967,7,655.818722
-5.965683,6,655.855553
-10.765036,16,655.912775
-8.392598,9,656.052168
-7.4206204,10,656.11245
-10.139074,10,656.170765
-13.841098,21,656.28512
-7.421062,11,656.382813
-8.973821,15,656.457813
-8.471003,11,656.457849
-7.049745,11,656.570511
-10.497611,12,656.734973
-9.581743,11,656.794031
-10.161635,11,656.79407
-8.303378,9,656.896767
-6.144144,8,657.08303
-6.885031,8,657.083069
-8.820602,10,657.233843
-7.601452,8,657.311583
-8.207186,10,657.468498
-8.848938,16,657.506614
-17.992098,26,657.54294
-6.560276,10,657.579621
-7.7054176,8,657.692904
-8.966129,9,657.786564
-7.316117,7,657.786597
-7.3634133,8,657.786604
-9.53088,9,657.979858
-9.574789,10,658.066326
-10.90097,12,658.12441
-8.495869,13,658.298955
-10.729485,24,658.401984
-10.769096,15,658.442298
-6.0685177,6,658.485679
-7.560925,8,658.654787
-7.8200684,10,658.692872
-8.593368,9,658.885151
-7.434219,11,658.92479
-8.251503,9,659.102807
-8.707918,10,659.160017
-6.7012615,7,659.275773
6.863676,35,659.333858
-10.279232,12,659.471885
-6.8412113,7,659.47192
-6.1878614,6,659.509861
-18.385262,57,659.567792
-6.255723,7,659.663428
-8.387355,9,659.740874
-7.232938,12,659.798337
-6.6122837,11,659.861466
-6.083149,8,660.006321
-6.699501,7,660.04503
-13.10443,16,660.102894
-9.725349,11,660.304187
-8.386141,14,660.362029
-8.904644,13,660.41878
-5.8219113,7,660.514935
57.22964,29,660.514971
-9.030548,10,660.694311
-6.0728235,7,660.694352
-5.9524336,9,660.753468
-6.0173755,9,660.914548
-5.755144,8,660.95347
-11.723043,12,661.011539
-7.7261515,8,661.15078
-8.796949,10,661.188334
-7.5874844,8,661.226581
-8.717714,10,661.407819
-8.050361,9,661.445737
-9.989983,11,661.483088
-7.061847,7,661.601661
-7.952676,8,661.65809
-7.861639,10,661.832131
-6.49175,14,661.966363
-8.652492,9,662.045543
-6.051428,6,662.122624
-9.989805,11,662.308444
41.18909,78,662.365522
-8.0367775,9,662.365557
-21.281982,39,662.443838
-6.680578,6,662.527936
-7.3544493,7,662.566316
-4.2275805,5,662.685244
-7.5261903,9,662.782474
-7.4247627,12,662.782512
-8.091589,10,662.963275
-6.366881,7,662.963313
-9.519421,12,663.078516
-6.6860566,8,663.154421
-6.7318993,6,663.233491
-8.730047,12,663.271957
-22.995142,39,663.371212
-7.29941,11,663.448581
-7.084711,7,663.545928
-9.349827,13,663.601132
-8.105282,12,663.601175
-6.352295,6,663.718721
-6.1138105,7,663.779442
-10.681639,13,663.822581
-8.276795,9,663.861037
-8.417784,10,664.018441
-5.89797,7,664.01848
-6.5426784,10,664.080944
-8.667719,11,664.160203
-6.9094224,6,664.19794
-11.012696,15,664.447199
-9.4522705,13,664.5107
-11.107389,20,664.547796
-10.952895,16,664.586053
-7.3629627,7,664.665264
-6.2552958,9,664.763816
-6.9674196,8,664.820962
-5.319456,5,664.820996
-10.239923,11,664.877627
-5.8804364,6,664.973287
-6.066374,8,665.010887
-6.3965864,6,665.047372
-5.5464144,5,665.14289
-6.8738194,10,665.238444
-2.3159657,18,665.294376
-7.036828,8,665.351836
-5.585208,6,665.447671
-7.452194,11,665.622617
-6.46483,7,665.622653
-6.2374244,6,665.759802
23.211452,36,665.931371
-6.5381966,8,665.968771
-13.898454,17,666.046
-6.7002687,7,666.125614
-7.7342763,9,666.234941
-6.351636,8,666.291189
-7.14819,7,666.413159
-6.7529774,7,666.482769
-10.701832,13,666.524375
-30.84941,53,666.656145
-5.4403486,7,666.703061
-5.563053,6,666.881886
-9.71662,14,666.881925
-6.4606996,7,666.945516
-7.172477,10,667.161489
-8.207381,10,667.161525
-8.497889,9,667.198649
-7.8452444,9,667.381186
-7.4894285,9,667.419219
-8.707912,15,667.536733
-6.8110023,7,667.573606
-9.168575,10,667.66762
-7.176376,7,667.741254
-5.8459997,6,667.741285
-34.58409,50,667.903711
-6.7969556,8,667.963336
-7.8685145,10,667.963376
-11.317341,12,668.064924
-7.370835,8,668.183779
-7.4369974,9,668.183818
-9.493376,12,668.282379
-6.1561785,6,668.341865
-6.7965274,7,668.46512
-11.349453,16,668.502388
-7.7798734,7,668.539177
-10.920273,18,668.681029
-6.283796,7,668.681068
-7.4807568,7,668.74096
-5.2455344,6,668.740996
-5.7568617,7,668.918559
-7.159915,7,668.977703
-6.3100576,7,668.977737
-7.2886086,9,669.016912
-5.591237,6,669.142912
-6.991849,9,669.206601
-7.6488686,11,669.513304
-17.898916,24,669.69875
16.123873,27,669.784319
-7.1432295,8,669.941554
-14.501433,16,670.008044
-18.055428,32,670.088644
-7.014759,8,670.188121
-5.735566,5,670.264028
-13.489965,16,670.264063
-7.6955175,11,670.379928
-9.249013,10,670.563696
-9.327634,10,670.658083
-9.617777,21,670.811862
-13.948159,21,670.874458
-10.668177,12,670.973673
-8.94618,10,671.074636
-8.046586,9,671.11322
-13.646158,23,671.191339
-7.303312,7,671.308445
-7.575401,8,671.30848
-7.8638415,14,671.366404
-5.987092,6,671.462721
-9.860098,11,671.519001
-6.7788258,7,671.519033
-7.410146,7,671.575054
-10.832994,12,671.782937
-7.781023,13,671.822551
-3.7546656,12,671.861668
-14.035365,20,671.9858
-8.076991,10,672.066129
-8.943376,14,672.200073
-7.513668,8,672.256369
-8.981517,20,672.334277
-6.452131,7,672.394554
-8.869623,17,672.433509
-8.172291,9,672.591785
-6.380161,6,672.591821
-6.99747,7,672.748236
-9.640127,15,672.7858
-9.387427,10,672.842757
-12.49186,23,672.882984
-7.1665874,7,673.016485
-5.373763,5,673.016522
-11.393393,20,673.294279
-14.805417,16,673.294318
-10.9342785,13,673.348428
-10.233126,13,673.348462
-6.0566583,6,673.481889
-6.9913797,9,673.540782
-8.479097,9,673.577803
-10.236174,11,673.614906
-8.7992935,9,673.729152
-6.5238914,8,673.766297
-7.2980494,8,673.80233
-4.4927945,5,673.882625
-9.60649,14,673.97985
-11.280605,13,674.120274
-7.758158,9,674.120313
-10.369016,13,674.158681
-8.023648,8,674.218825
-6.8536386,7,674.32062
-9.201981,12,674.442659
-6.579344,12,674.479279
-10.716188,11,674.51602
-6.138915,9,674.573771
-6.0419497,6,674.653219
-7.0134373,7,674.773791
-8.561008,9,674.773829
-11.297047,16,674.889659
-8.171204,8,674.967795
-7.414724,9,675.00702
-8.827305,15,675.064825
-8.59742,9,675.262575
-6.6466713,7,675.262614
-9.023717,10,675.262619
-8.28146,14,675.300463
-8.076311,9,675.484357
-9.479012,10,675.523565
-8.303338,11,675.613232
-11.138716,12,675.613266
-7.239554,8,675.844506
-8.745373,11,675.888992
-9.067678,12,675.983266
-12.824492,16,676.022164
-7.0155244,9,676.145483
-11.393015,12,676.207325
-6.849504,11,676.290877
13.7731285,11,676.331372
-7.6754384,9,676.410683
-9.806856,10,676.493292
-9.816028,13,676.681358
-9.844299,12,676.74474
-7.7194285,10,676.784002
-11.005031,21,676.894573
-5.830718,5,676.933555
-10.060898,14,677.133814
-6.4651036,6,677.133851
-11.888876,13,677.189274
-5.305336,10,677.254893
-6.9442577,7,677.388977
-8.186628,11,677.480935
-9.93659,12,677.52856
-5.5405674,5,677.569811
-10.706084,11,677.619401
-6.319749,6,677.716304
-5.7983294,9,677.836766
-7.527661,8,677.884841
-9.418894,11,677.949927
-6.9557858,13,678.220316
-9.54928,13,678.280867
-9.284069,11,678.280905
-5.897274,7,678.440609
-8.788664,10,678.498505
-10.069754,12,678.573801
-7.5468216,7,678.639418
-9.723685,12,678.911633
81.61096,44,678.993535
-13.419388,17,678.993596
-11.548811,14,679.088889
-5.8036346,6,679.247725
-6.0153885,9,679.286842
-6.6037784,12,679.325367
-10.952677,14,679.431032
-7.2182803,7,679.491085
-6.6771517,6,679.605873
-10.595143,12,679.605915
-7.699739,7,679.687022
-6.146508,6,679.840134
-8.575133,9,679.840175
-13.789255,16,680.017047
-1.2579837,26,680.017083
-8.040405,9,680.088742
-10.589067,12,680.173856
-4.9739213,5,680.315189
-8.674383,12,680.383074
-9.454607,13,680.420537
-12.5124035,16,680.536364
-6.7022066,6,680.590829
-8.651665,9,680.590862
-7.3231916,10,680.675787
-7.5775266,10,680.844591
-9.150675,11,680.883803
-10.44047,10,680.942354
-9.993521,15,680.98075
-7.328578,7,681.085831
-7.084636,8,681.178523
-11.741007,14,681.233189
-9.331133,12,681.272975
-7.434509,8,681.313568
-7.5015745,7,681.445457
-10.08909,13,681.521036
-11.46239,16,681.636311
-10.292244,11,681.771014
-14.121189,18,681.895476
-8.018966,10,681.89552
-6.3981705,6,681.971676
-14.164558,27,682.017026
-4.837415,5,682.098248
-5.252628,6,682.199049
-6.0868673,10,682.239089
-8.6642475,11,682.329166
-6.7194953,9,682.482237
-10.503676,15,682.519403
-8.2162895,8,682.556901
-8.28703,16,682.655655
-8.226205,10,682.751916
-8.537124,10,682.789245
-9.562877,12,682.866006
-5.504122,7,682.944629
-5.650556,5,683.005483
-7.603772,10,683.064636
-9.25585,17,683.123806
-8.242975,9,683.286016
-9.384371,14,683.324467
-7.4565296,10,683.382095
-9.527012,16,683.439477
-5.9540057,7,683.5359
-7.397131,8,683.535932
-10.050068,11,683.702681
-6.2076125,9,683.702716
-6.162299,8,683.763759
-7.9298377,7,683.899542
-6.4951963,7,683.899577
-6.055848,6,683.937576
-5.6131325,5,684.034208
-6.8788733,9,684.170816
42.49531,23,684.170849
-6.403525,6,684.211813
-12.041962,14,684.292994
-5.596082,7,684.39759
-7.24443,9,684.437496
-8.8109255,12,684.716439
-10.889709,23,684.771755
-13.0115185,21,684.827188
-7.560065,8,685.00722
-11.981868,16,685.104623
-6.334449,6,685.161483
-15.623031,19,685.241914
12.100802,35,685.283213
-7.6919513,9,685.365765
-6.6885347,7,685.447155
-7.0207767,7,685.48712
-6.2738595,7,685.565145
-14.326248,17,685.642796
-7.896436,9,685.722382
-5.825158,7,685.759246
-11.449623,14,685.835849
-7.0936847,8,685.972475
-11.179377,13,686.030685
-6.7332716,6,686.030724
-6.2420397,7,686.193229
-9.446888,10,686.252132
-9.515019,10,686.441341
-16.017464,18,686.481757
-9.148341,11,686.538476
-7.0919614,7,686.632995
-9.744121,12,686.770515
-9.145277,16,686.948077
-5.5788097,6,686.948116
-7.336058,13,686.987877
-8.244963,9,687.168067
-9.426928,11,687.225778
-6.6206417,11,687.263055
-5.9059057,6,687.339983
-12.43489,15,687.569798
-7.9047694,14,687.646328
-5.898291,8,687.763595
-6.2270184,6,687.813032
-6.9996386,10,688.064719
-9.634583,11,688.064756
-6.461808,6,688.198241
-8.727644,12,688.329031
-6.9379835,10,688.429022
-8.939511,9,688.579309
-5.278474,6,688.619758
-8.667137,10,688.866174
-6.512474,13,688.925855
-6.99866,7,689.0916
75.26941,80,689.224444
-6.3843126,8,689.392982
-11.322948,15,689.429653
-11.921106,14,689.707987
-174.86838,161,689.746079
-11.655546,15,689.784694
-8.319471,8,689.944957
-9.019318,10,690.043259
-8.816515,12,690.043302
-7.3074517,7,690.138869
-7.754888,8,690.251004
-7.11283,8,690.251069
-7.6670637,8,690.356649
-6.388602,6,690.414136
-7.4151287,8,690.46969
-6.812919,7,690.584986
-7.282338,7,690.644466
-7.678169,13,690.701626
-5.7785993,5,690.827718
-10.213768,13,690.949081
-7.344676,9,691.063788
-13.155515,17,691.101342
-7.8654084,12,691.233658
-5.368124,6,691.365203
-9.7265,14,691.403736
12.670679,16,691.48442
-4.509576,5,691.533644
-8.25617,9,691.65456
-7.2423983,7,691.693914
-5.6328278,7,691.734641
-7.2495403,10,691.96998
-8.622118,12,692.007241
-8.71097,11,692.260213
-7.378822,8,692.444295
-25.195528,34,692.563359
-8.542543,11,692.732956
-9.79124,11,692.882917
-9.495376,11,693.104745
-6.4733157,6,693.104784
-7.3878407,9,693.324365
-7.8237557,12,693.414857
-7.8799415,8,693.661771
-8.370626,11,693.661806
-6.815158,6,693.853916
-10.739166,16,694.148447
-10.338131,15,694.268851
-8.712156,9,694.366627
-8.363037,8,694.464238
-7.0842075,8,694.562727
-9.68067,11,694.716877
-9.972891,11,694.960995
-11.194508,17,695.322223
-7.9242916,12,695.581046
-6.894579,8,695.757076
-6.1479483,7,695.918259
-7.027135,7,696.087426
-10.163628,11,696.337982
-7.4265075,10,696.556385
2431.013,91,696.592796
-7.971282,8,696.745372
-11.219892,13,696.876133
-15.810516,18,697.117911
-8.739695,15,697.415766
-11.634458,15,697.713747
-33.310394,50,697.881955
-10.299936,14,698.014826
-6.392154,9,698.089866
-9.943273,12,698.280553
-8.011677,11,698.336123
-7.4981327,11,698.544062
-6.521309,9,698.544095
-8.453452,8,698.711548
-9.101019,14,698.844621
-6.4063125,8,698.905428
-8.170008,9,699.058601
-8.12697,15,699.225991
-7.770378,9,699.262501
-9.753989,12,699.509592
-10.764094,16,699.583223
-6.5287504,6,699.657375
-6.8184414,8,699.774521
-6.7246494,7,699.833335
-9.744606,10,700.057808
-9.318438,13,700.096236
-6.823197,7,700.232784
-8.065432,8,700.289813
-6.036127,9,700.483297
-10.254877,12,700.521057
-7.7214184,12,700.787554
-1313.7601,500,700.863388
-7.1780376,7,700.995263
-15.034877,24,701.102906
-10.533417,14,701.327498
-17.00671,23,701.425556
-941.5236,402,701.464681
-6.0212746,7,701.524133
-6.8117037,9,701.675181
-7.2727594,8,701.675215
5.412443,10,701.777121
-5.245555,5,701.816373
-6.620799,8,701.976437
-8.335885,11,702.079534
-8.981249,19,702.186574
-10.528667,12,702.304373
-7.5563293,8,702.389724
6.16679,16,702.51915
-7.2853155,8,702.611051
-10.14131,13,702.684549
-8.638054,9,702.781374
-8.527895,9,702.884294
-9.777707,12,703.031902
-9.056494,10,703.095353
-7.746616,8,703.271869
-8.195295,14,703.310585
-9.222573,11,703.406868
-8.482925,9,703.523228
-9.407228,12,703.581109
-5.364955,7,703.746846
-8.90803,12,703.746885
-9.6923895,13,703.938067
-8.695999,9,703.978421
-8.858334,14,704.123715
-6.972252,7,704.164093
-9.12191,12,704.359596
-9.460976,12,704.497588
-10.055148,15,704.591266
-7.7699285,8,704.591302
-9.472372,10,704.837049
-12.932295,15,705.018927
-7.2557607,11,706.920629
-17.29377,21,706.980531
-7.1253605,9,707.062562
-5.0361185,6,707.19954
-7.6287317,11,707.258976
-9.8452,11,707.489257
-11.22249,14,707.525989
-24.656042,32,707.702383
-7.506133,8,707.702422
-7.1961555,10,707.783311
-9.049861,10,707.945516
-10.77907,12,708.026542
-7.5902576,9,708.026582
-8.556544,9,708.234216
-10.169828,12,708.315174
-10.986177,15,708.355666
-6.9932246,7,708.506182
-11.321433,12,708.565319
-9.417267,10,708.624165
-7.2610354,7,708.736223
-8.847219,15,708.87318
-11.519556,13,708.930324
-9.68121,10,708.986755
-6.7128086,10,709.137882
-5.882554,8,709.137918
-6.205058,7,709.173369
-7.320632,8,709.328277
-7.75453,10,709.404197
-11.298719,12,709.444252
-6.1915007,6,709.520644
-7.753585,7,709.615152
-5.969858,6,709.670827
-6.878913,9,709.84888
-6.2561083,8,709.888534
-6.1445684,8,710.054108
-6.9950743,10,710.136343
-7.9441805,8,710.254149
-11.806853,12,710.461475
-6.579918,7,710.461512
-9.114195,10,710.68044
-9.858159,11,710.717047
-6.4570804,6,710.856491
-8.983597,10,710.932157
-5.8222637,6,711.009205
-7.3104224,10,711.168615
-13.424667,14,711.326677
-9.022274,11,711.423653
-24.52701,84,711.54007
-6.793437,7,711.596516
-9.638611,12,711.633203
-6.7518473,7,711.774897
-9.736912,10,711.813831
-6.9072356,8,711.851822
-7.0534286,7,712.002028
-715.59534,346,712.002065
-8.465019,10,712.100239
-10.472066,13,712.140231
-7.15439,8,712.225415
-6.739191,9,712.265279
-8.137807,9,712.385702
-7.9527082,8,712.385741
-7.729967,9,712.485912
-9.242351,11,712.604207
-7.2450576,7,712.604245
-6.86871,7,712.604253
-8.489019,9,712.808972
-8.881069,10,712.847827
-9.2520275,11,712.885868
-8.422803,15,712.922668
-6.8510895,7,713.077385
-6.5365896,9,713.077423
-6.6321373,8,713.136871
-6.596884,11,713.175774
-7.0501065,9,713.351933
-10.737331,12,713.409422
-6.3787622,9,713.409456
-12.508502,14,713.466369
-6.173353,6,713.562743
-7.4285326,8,713.599909
-6.764289,11,713.698665
-5.9981785,6,713.753809
-6.6828804,10,713.753842
-6.899166,7,713.812175
-7.081148,7,713.929375
-7.6894946,8,713.966456
-7.663096,10,714.003033
-10.579437,13,714.138617
-6.2770743,9,714.175569
-9.003089,9,714.233652
-12.001771,15,714.348643
-6.8798513,9,714.385284
-7.3337994,8,714.458575
-8.652956,10,714.458609
-5.4595337,7,714.572953
-6.4832134,9,714.610675
-7.6429005,10,714.704782
-10.891836,12,714.779267
-9.339413,10,714.908349
-8.561962,11,714.908388
-8.1737385,8,715.025295
-6.771538,7,715.103733
-10.690137,11,715.197965
-7.4514713,9,715.253044
-16.30132,20,715.289727
-8.81748,10,715.365069
-8.179379,8,715.422715
-7.328536,10,715.54675
-7.360431,13,715.628628
-7.9887085,14,715.810369
-7.2867613,9,715.874354
-11.183514,16,715.932143
-11.187754,14,716.049904
-9.703033,10,716.126714
-9.180261,14,716.184355
-6.3422346,7,716.241207
-7.5565686,14,716.297788
-8.523211,9,716.375055
-7.5161166,9,716.432032
-8.662737,9,716.52796
-6.0344634,12,716.564062
-11.32502,12,716.680418
-6.5881057,6,716.716795
-9.014248,10,716.808444
-10.612125,17,716.917459
-7.511643,7,716.917498
-6.6366444,10,717.016328
-5.7122297,5,717.075823
-8.810486,9,717.171515
-8.427841,13,717.208219
-5.855075,7,717.264751
-6.704981,6,717.358487
-6.827808,11,717.358522
-8.90447,8,717.434809
-5.4439645,5,717.492484
-5.6532946,7,717.550265
-9.846461,11,717.586933
-6.580386,9,717.682682
-8.853634,10,717.760537
-7.760694,9,717.797853
-5.5743856,6,717.856395
-10.577191,11,717.895167
-6.268273,8,718.043848
-6.410182,6,718.043884
-8.636642,12,718.120441
-7.290513,10,718.176556
-6.138294,8,718.251249
-7.0015583,8,718.327549
-9.137465,14,718.408805
-9.810684,11,718.465872
-7.925204,9,718.50202
-6.0607185,9,718.577509
-5.1469054,5,718.613625
-5.7978573,6,718.669629
-9.464218,12,718.745968
-7.183792,9,718.839422
-6.442595,6,718.839457
-7.3695107,8,718.981131
-8.411409,10,719.124883
-9.733734,11,719.180823
-5.4643173,6,719.180857
-6.378228,7,719.358045
27.897495,25,719.35808
-6.7428966,10,719.49872
-6.5410223,6,719.558331
-8.116663,13,719.603793
-6.3282695,9,719.688497
-5.6763525,5,719.745182
-7.508743,11,719.849501
-8.828722,9,719.9482
-6.5469203,7,719.948238
-5.80501,6,720.032163
-5.1608143,7,720.134303
-5.197841,7,720.211074
-8.424677,13,720.290177
-15.563735,26,720.355244
-5.5645933,7,720.413429
-7.5982423,12,720.472764
-5.8026257,8,720.531124
-7.3730793,7,720.609828
-5.6507454,6,720.647372
-11.545097,15,720.7676
-8.5750265,13,720.908305
-7.977996,9,720.908342
-9.543715,10,720.908349
-6.9042764,7,721.016398
-5.451673,5,721.078373
-7.0597677,8,721.23284
-12.367598,13,721.303518
-6.607868,9,721.342735
-7.6552796,8,721.474565
-13.148553,21,721.5404
-7.6240773,10,721.597949
-11.457772,13,721.706302
-8.020479,9,721.793759
-8.419903,13,721.853316
-6.775649,8,722.028358
-8.9471245,15,722.028393
-10.495566,12,722.094687
-8.113676,7,722.094723
-10.866576,12,722.345182
-8.462539,12,722.402156
-9.341259,12,722.402193
-11.867163,15,722.470956
-6.361606,7,722.578819
-7.397314,7,722.634515
-6.604102,7,722.634551
-7.197622,9,722.73547
-9.74919,11,722.915226
-10.742916,12,722.973973
-5.587524,5,723.053353
-12.8362055,16,723.098257
-11.889321,14,723.183793
-7.01133,7,723.295961
-9.343412,10,723.295996
-6.925969,9,723.379196
-8.911869,9,723.437918
-7.5977335,9,723.537504
-6.173669,7,723.57536
-6.6245117,6,723.612788
-9.925684,12,723.651258
-5.9421926,6,723.788291
-7.352837,10,723.832796
-8.345001,10,723.898481
-10.174557,12,723.938315
-5.441768,5,723.990922
-7.2050934,7,724.069456
-7.4483194,8,724.145961
-7.295814,10,724.246983
-7.361983,8,724.285053
-9.725469,15,724.363961
-8.698539,10,724.437705
-7.0198345,7,724.476911
-11.823423,12,724.654872
-6.4858017,11,724.736527
-5.9952364,9,724.90211
-11.328754,17,724.939804
-12.929268,19,725.026454
-7.7972717,13,725.109005
-7.9339094,9,725.23844
-7.3936014,9,725.325253
-6.739916,8,725.362025
-7.081044,7,725.439431
-15.421834,18,725.475974
-7.621352,8,725.551991
-9.423056,10,725.640038
-5.781618,8,725.697848
-7.0040503,10,725.735135
-7.6534576,8,725.858686
-6.864727,7,725.932239
-8.930542,9,725.993482
-9.173752,14,725.993512
-7.6407623,9,726.142854
-7.506346,7,726.193886
-7.4117293,8,726.231488
-7.8028045,11,726.298688
-8.234645,8,726.442374
-8.493541,10,726.482361
-6.045804,10,726.623509
-10.2240925,12,726.623546
-10.279324,11,726.818869
-8.742624,9,726.887131
-10.54062,11,726.943724
-7.353363,8,727.0688
-5.844418,8,727.185907
-12.044559,13,727.287694
-7.9748936,8,727.446257
-12.05227,32,727.446296
-6.43362,6,727.501387
-11.929548,15,727.565631
-7.5185223,8,727.738319
-5.2367682,8,727.738358
-6.3318024,6,727.782916
-8.571491,11,727.882871
-6.8415947,9,728.00372
-6.0726357,6,728.048321
-8.614986,15,728.185572
-13.022754,17,728.223104
-7.2552605,9,728.279858
-13.861227,15,728.405157
-10.1843605,12,728.510837
-8.246159,10,728.550889
-8.90607,16,728.649185
-9.495388,11,728.707357
-4.995,8,728.745188
-5.275671,8,728.874928
-12.104634,14,728.935038
-8.76852,13,729.060102
-11.661327,18,729.215517
-9.953297,11,729.215554
-11.290195,14,729.275952
-1.5516806,7,729.27599
-5.488872,6,729.402959
-7.5151176,7,729.483571
-6.6279426,7,729.483608
-9.384544,11,729.564646
-5.0504503,5,729.623581
-7.473619,8,729.660606
-7.4081216,8,729.77611
-8.275589,9,729.884884
-10.530937,11,729.924294
-8.597292,18,729.982184
-9.779865,11,730.081546
-8.403969,9,730.160891
-12.362394,16,730.302106
-10.047669,11,730.382429
-10.755526,15,730.382478
-7.256943,9,730.426265
-6.605488,7,730.576273
-8.176718,11,730.660706
-8.675167,9,730.660748
-10.516342,11,730.757133
6.6918716,8,730.837808
-7.7158227,8,730.904717
-7.891302,9,730.945377
-5.3087516,6,731.0262
-7.641094,11,731.105356
-5.893389,6,731.105393
-5.1956077,7,731.163151
-7.01621,8,731.260581
13.828146,9,731.363744
-8.525557,9,731.443952
-8.887225,12,731.481784
-7.9202743,8,731.5392
-12.711324,15,731.791412
-13.691896,19,731.847431
13.49716,21,731.970916
-6.5886564,11,732.126855
-13.136164,17,732.229499
-6.4885135,8,732.352292
-9.063314,14,732.352333
-5.4872856,7,732.432236
-6.249167,6,732.515318
-8.165814,9,732.594258
-5.0109725,5,732.654316
-6.1072416,9,732.692486
-7.78727,10,732.891155
-9.393745,11,732.94739
-14.636851,17,733.024404
-8.306507,11,733.190302
-8.072424,10,733.249793
-6.6980085,7,733.24985
-7.0588403,6,733.380283
-7.675992,10,733.50006
-6.9047103,8,733.578812
-12.899818,16,733.657769
-6.805384,8,733.718565
-5.8150377,7,733.778674
-9.4614935,10,733.976121
-6.4225144,9,734.014915
-9.76662,10,734.092948
-6.673405,7,734.192935
-10.489687,15,734.347209
-5.9860067,9,734.426542
-8.629412,13,734.426584
-8.159005,9,734.606662
-5.3411307,7,734.606698
-8.394032,10,734.686556
-7.683348,9,734.828853
-7.1026287,9,734.924788
-8.231308,12,734.924826
-7.4052835,10,735.083725
-11.070975,13,735.2203
-5.8456683,8,735.276588
-8.299131,9,735.444525
-9.801407,23,735.501993
-9.083157,10,735.573526
-9.236097,12,735.789211
-8.712017,12,735.82931
-10.22786,16,735.975268
-6.665039,10,736.05939
-8.137195,10,736.102752
-10.227781,10,736.312825
-6.884162,11,736.378859
-10.874281,16,736.417761
-6.3719826,6,736.497001
-5.5020194,5,736.535526
-5.652729,5,736.573062
-8.440493,9,736.731666
-7.3667207,12,736.846833
-12.691601,14,736.885936
-9.04623,11,737.0315
-7.1595454,7,737.073821
-8.901126,11,737.230237
-12.3835,14,737.475419
-8.04471,14,737.517998
-6.1047635,10,737.56701
-5.8523207,7,737.753907
-7.6218395,8,737.864929
-5.265462,5,737.936476
-10.825599,13,738.001889
-5.7315917,9,738.155473
-9.362919,11,738.331466
-7.721704,14,738.384109
-7.9370885,8,738.42667
-6.214324,6,738.590324
-6.502548,8,738.68326
-7.659705,9,738.754421
-5.343459,5,738.853063
-9.297417,10,738.921954
-13.73186,16,739.195081
-7.9049144,13,739.265331
-6.458864,6,739.363971
-10.29442,22,739.451207
-9.944865,12,739.589057
-8.736595,11,739.747622
-11.747619,14,739.74766
-9.074099,11,739.866529
-7.6537995,10,739.982877
-6.6606574,6,740.034398
-11.652519,14,740.114691
-5.608614,6,740.202503
-5.1500072,5,740.306697
-9.258245,11,740.402884
-5.632493,6,740.402922
-8.883373,10,740.563378
-9.19611,11,740.664525
-9.299946,15,740.762754
-9.331512,10,740.821465
-7.2109475,8,740.878712
-6.1991463,7,740.993123
-9.410787,10,741.030674
-6.385936,7,741.067851
-5.8173676,5,741.191464
-7.3425975,8,741.231395
-11.180706,13,741.370516
-6.281513,9,741.42952
-7.072863,11,741.503446
-9.427086,11,741.655032
-7.911435,11,741.721684
-5.7935996,7,741.858015
-14.315125,15,741.924362
-5.84988,5,742.039083
-10.91172,13,742.07858
-8.098034,9,742.114953
-6.725213,8,742.248958
-6.763097,7,742.289337
-8.250572,9,742.32835
-1023.0007,392,742.409393
-6.423319,7,742.468257
-6.4862676,6,742.506222
-8.304575,11,742.601954
-7.825322,8,742.680902
-8.457853,9,742.737797
-6.3700476,7,742.794881
-5.7193336,7,742.914402
-9.200722,13,743.026832
-9.260037,12,743.117607
-8.536761,9,743.174431
-9.597368,11,743.320723
-6.027534,8,743.377475
-10.491261,12,743.434097
-6.0860085,6,743.490526
-5.066681,5,743.588966
-9.900324,11,743.68773
-9.814617,13,743.836378
-5.6109867,7,743.873088
-8.945522,12,743.914447
-5.193967,7,744.059165
-7.69007,9,744.099801
-7.6507044,10,744.197959
-9.3026,10,744.351356
-8.949572,10,744.41204
-6.9551487,9,744.487375
-6.316053,6,744.58727
-9.201529,12,744.788928
-9.633115,10,744.788964
-6.7879953,6,744.972568
-7.0023108,13,744.972603
-0.011830807,15,745.22839
-10.929726,12,745.303827
-5.437057,7,745.398834
-11.589752,17,745.437483
-6.5072417,11,745.58049
-9.383759,10,745.656023
-5.2902822,8,745.770592
-6.3333955,7,745.825815
-12.5112295,24,746.005255
-9.673074,11,746.041366
-6.313985,10,746.07791
-6.0157843,6,746.218956
-7.852919,8,746.260362
-6.1661816,8,746.455292
-14.327484,19,746.512801
-9.62174,15,746.617197
-6.4953756,8,746.685395
-5.770014,7,746.735309
-6.7914696,8,746.88867
-6.783323,7,746.927976
-6.6581697,9,747.00944
-7.124417,7,747.090058
-7.233945,7,747.129324
-6.974793,7,747.209036
-5.162675,4,747.320001
-6.665386,8,747.365663
-10.079,10,747.406498
-6.160602,7,747.585394
-9.503699,11,747.720981
-6.075409,6,747.764038
-6.6972485,7,747.920453
-6.286231,7,747.958473
-12.4483185,22,748.054966
-6.2358923,11,748.231981
-6.9595976,14,748.298295
-6.3859787,7,748.415881
-7.2042556,7,748.474935
-11.982096,20,748.576336
-5.759534,6,748.638231
-10.607553,15,748.845404
-6.391667,10,748.910373
-8.743597,9,748.95534
-7.491594,11,749.300093
-9.853245,14,749.337878
-4.976551,5,749.432145
-5.770006,8,749.614481
-7.88408,15,749.690866
-6.0343637,10,749.94114
-9.753008,13,749.941185
-15.725375,38,749.941192
-7.680478,8,750.13782
-7.9385576,10,750.199306
-8.14522,13,750.289056
-6.377715,6,750.381936
-10.096392,11,750.4728
-9.2486515,9,750.652532
-8.495666,13,750.845838
-9.169131,20,750.889917
-9.679266,12,751.033595
-9.272321,10,751.254732
-5.9475617,6,751.254774
-9.512665,13,751.328728
-4.581436,5,751.480026
-10.129125,10,751.585496
-7.985776,10,751.585535
-9.877028,10,751.782064
-1.9098295,7,751.782103
-9.062122,12,751.928126
-6.3863544,7,751.998009
-8.765041,10,752.091385
-9.549194,10,752.23931
-6.636662,6,752.297202
-8.420225,9,752.297239
-7.550804,8,752.500218
-7.4256306,8,752.500258
-7.2215676,11,752.75132
-7.2676206,13,752.818465
-3.1098857,23,752.863257
-7.1794477,7,752.968687
-6.2611046,6,753.008899
-5.8232603,7,753.091525
-6.9387765,10,753.283285
-7.665498,9,753.283324
-6.97414,8,753.323033
-7.561849,7,753.469663
-7.150254,7,753.526087
-11.980938,14,753.688429
-7.131969,8,753.777194
-12.135696,14,753.944017
-9.439878,10,754.067327
-7.365527,8,754.067371
-6.1115284,9,754.244376
-7.275158,11,754.432576
-5.7096314,7,754.496536
-9.795945,16,754.585724
-11.328444,13,754.83305
-7.8239465,8,754.833092
-11.713528,19,755.080373
-8.817801,9,755.142515
-8.443134,9,755.142556
-8.856689,10,755.417707
-8.560954,10,755.479201
-7.210857,10,755.479245
-5.200258,7,755.678268
-8.406555,9,755.76486
-8.071203,10,755.806442
-5.2033353,5,755.931437
-10.014605,15,756.107315
-6.4744635,6,756.107357
-11.535886,13,756.146304
-7.0954075,7,756.286787
-5.791333,8,756.349445
-5.825367,6,756.451736
-11.974908,16,756.531755
-9.904612,11,756.632812
-6.548046,7,756.71115
-9.538616,16,756.852726
-1354.3846,500,756.910192
-10.020397,14,756.992339
-9.017183,12,757.037592
-5.6604147,8,757.106575
-5.8624268,8,757.172997
-6.5038233,7,757.255263
-7.3879275,7,757.314222
-5.9603415,8,757.412892
-11.736732,13,757.41293
-6.6041527,9,757.512645
-8.657816,13,757.739249
-8.095912,15,757.81051
-11.988053,20,757.867386
-9.283556,18,757.988793
-10.194985,13,758.192698
-13.163188,18,758.364682
-8.341865,9,758.36472
-13.410494,17,758.450378
-10.942078,12,758.6359
-8.745767,11,758.752695
-6.1372824,8,758.752732
-9.968762,11,758.752738
-5.488188,7,758.885965
-6.7677584,9,759.016083
-5.9912677,9,759.01612
-5.7148447,7,759.095522
-8.617271,14,759.153928
-6.806528,9,759.302353
-7.960724,11,759.373069
-6.2127943,7,759.418843
-9.087471,11,759.485431
-8.082236,8,759.576606
-7.128247,7,759.623453
-7.5925446,11,759.750255
-9.10428,10,759.790739
-7.218897,11,759.909884
-10.868399,13,759.949895
-8.615107,10,760.030973
-10.240716,12,760.114974
-8.647831,9,760.186277
-7.6564646,12,760.348022
-6.4035277,9,760.348059
-7.94355,8,760.602791
-10.00894,12,760.602829
-8.398447,10,760.678408
-10.976706,20,760.792993
-7.153065,7,760.832983
-7.7606573,8,760.877307
-6.765728,6,761.052678
-7.724599,9,761.111183
-9.848739,13,761.111218
-7.5169983,9,761.149591
-5.895564,6,761.306477
-7.943924,9,761.393428
-8.449741,9,761.393469
-7.1945925,16,761.56248
-6.954191,7,761.629334
-6.7969594,9,761.629374
-7.2692566,8,761.672714
-4.5841002,5,761.773713
-6.006965,7,761.857448
-10.171857,11,761.978579
-7.1760483,7,761.978617
-8.587059,11,762.018257
-7.208696,9,762.143064
-6.215703,7,762.203688
-6.3272924,9,762.278415
-9.660823,11,762.368331
-8.834852,11,762.516448
-7.7706957,11,762.609958
-11.1172695,15,762.609995
-6.851694,12,762.731622
-6.9002295,7,762.844866
-5.8870325,7,762.844907
-10.014311,11,762.913766
-6.5266786,6,762.95529
-6.8506002,7,763.064788
-5.3522377,6,763.10886
-7.9086227,8,763.214391
-5.521009,5,763.275907
2.850874,14,763.348217
-7.271287,7,763.348249
-7.9205456,7,763.513994
-8.632519,11,763.575371
-7.900369,10,763.650905
-6.5098867,11,763.694134
-8.664963,9,763.807441
-7.98419,8,763.906026
-8.18832,10,763.906063
-7.152174,6,764.085355
-8.283891,13,764.085395
-6.6344256,7,764.168792
-9.427742,10,764.16883
-6.0083113,8,764.388997
-10.147685,10,764.426607
-10.366333,11,764.484582
-7.4128375,7,764.582447
-13.374625,17,764.624042
-5.8671556,8,764.663821
-6.907433,7,764.703554
-5.4201975,7,764.799819
-8.326006,9,764.877443
-5.943043,7,764.972885
-7.5854516,12,765.028775
-10.335897,13,765.028807
-5.7387753,5,765.146979
-9.68248,12,765.204559
-9.707165,10,765.263217
-7.1180325,7,765.358432
-10.94825,12,765.358467
-8.888945,9,765.456539
-6.467294,6,765.515951
-8.726507,10,765.612776
-10.986795,17,765.708077
-11.355745,13,767.47326
-9.764246,13,767.574698
-7.901018,11,767.642417
-6.593334,8,767.728611
-8.596528,9,767.898787
-8.388362,10,768.101349
-8.434545,12,768.101384
-6.267183,7,768.175069
-22.410069,36,768.224498
-7.426999,8,768.38261
-6.324129,9,768.421106
-6.9831324,8,768.460565
-9.224949,9,768.522747
-5.900825,6,768.58391
-4.6742725,5,768.622945
-9.746034,11,768.815387
-10.122596,14,768.815423
6.6288548,9,768.85206
-8.81142,17,769.049026
-6.7877226,7,769.049063
-7.1724176,8,769.049069
-7.366538,9,769.086491
-8.512402,10,769.278051
-9.039541,11,769.316032
-10.214672,12,769.35472
-12.99571,15,769.453101
-5.867079,8,769.528621
-5.8554363,8,769.565888
-9.503651,13,769.645675
-8.6946745,8,769.685938
-7.4451036,8,769.802114
-7.1423697,9,769.802158
-7.239047,7,769.861587
-8.077581,9,770.066392
-11.86092,12,770.104552
-9.335297,15,770.183869
-6.560481,8,770.301956
-8.126545,11,770.379829
-6.245076,7,770.379864
-6.755762,6,770.47705
-7.2729487,8,770.573794
-9.009598,9,770.697772
-11.211184,15,770.756505
-8.06218,8,770.794179
-5.2450647,8,770.911472
-7.7782626,12,771.07152
-7.398714,11,771.071557
-7.35596,8,771.131297
-5.806513,6,771.231456
-8.057935,8,771.289309
-5.844269,6,771.388931
-6.62353,6,771.447402
-7.792063,8,771.590369
-8.304924,19,771.62954
-5.8116655,10,771.711937
-5.934646,6,771.792186
-7.964554,8,771.829659
-9.618038,9,771.949972
-9.594505,12,772.088778
-8.44051,12,772.12789
-9.016662,9,772.1872
-5.4096527,5,772.243825
-7.132169,11,772.399318
-7.59099,8,772.454011
-6.667364,10,772.454043
3113.6135,107,772.509156
-5.6049986,6,772.663904
-7.154563,8,772.663942
-12.317571,16,772.837285
-6.74627,7,772.837321
-7.195266,8,772.873529
-15.235007,18,772.930324
-5.7273865,5,772.989017
-7.8168,8,773.085601
-6.761415,7,773.1637
-8.973163,10,773.199922
8.049262,16,773.293631
-7.06307,7,773.293664
-6.278389,5,773.332138
-6.247341,8,773.425429
-7.125903,7,773.501918
-6.7475576,9,773.541049
-6.860779,10,773.580772
9.490916,10,773.711282
-5.704564,7,773.748709
-7.1249394,11,773.824044
-6.2500362,7,773.90013
-10.225621,16,774.014142
-8.202102,10,774.01418
-6.5286508,7,774.089506
-5.739484,6,774.166405
-9.116642,15,774.227548
-6.7983,8,774.31383
-7.0110855,8,774.390201
-7.2985034,8,774.447859
-10.488245,18,774.504532
-7.247592,8,774.540944
-7.9274683,10,774.698168
-6.3720517,8,774.753164
-7.6540136,9,774.753199
-6.0227213,8,774.90613
1.6832976,11,775.023932
-7.3012924,10,775.177169
-6.338959,6,775.177208
-9.8673,19,775.243973
-6.8257627,7,775.389546
-8.066168,8,775.440521
-6.0540185,7,775.492097
-5.4491777,7,775.607609
-5.759087,7,775.666484
-5.5897913,7,775.822272
-8.285452,10,775.862175
-10.91523,18,775.920035
-5.7965593,5,775.976509
-7.3165245,9,776.098852
-6.4550233,6,776.141727
-7.066986,9,776.330554
-11.825991,16,776.330589
-6.4943495,9,776.367189
-6.197603,7,776.520526
-6.007578,6,776.520563
-6.8964787,9,776.576061
-6.7622447,7,776.732535
-10.327538,11,776.79779
-9.096826,14,776.877156
-6.6887417,8,776.952393
-7.122386,9,777.087502
-6.7334647,7,777.124369
-1.0853631,16,777.201445
-5.938549,8,777.300664
-7.330138,9,777.359209
-6.891652,7,777.396627
-5.2140517,6,777.531428
-6.925352,11,777.621377
-9.353186,12,777.727194
-6.676837,7,777.784302
-2.296482,10,777.916122
-9.619619,10,778.064878
-5.8140388,7,778.140117
-8.265063,15,778.18025
-7.8129325,8,778.333212
-6.478939,8,778.410163
-7.8043747,11,778.473773
-7.4716353,8,778.579602
-7.0059752,8,778.668028
-5.8661485,9,778.77545
-6.6991987,7,778.816997
-7.3798504,7,779.032163
-12.430303,13,779.102904
-8.11399,12,779.177886
-7.669354,8,779.303379
-6.536874,9,779.397421
-6.3504114,7,779.508409
-11.090019,12,779.562464
-7.246626,9,779.715747
-6.860049,10,779.915854
-7.9647837,9,779.915891
-7.9421926,8,780.164477
-6.690387,8,780.164514
-10.195717,14,780.205026
-7.089843,8,780.397016
-8.524881,10,780.524351
-7.0398006,9,780.524388
-6.944441,9,780.813082
-9.666194,11,780.813119
-13.084185,16,780.967112
-9.832905,11,781.060745
-11.78691,13,781.117936
-8.576901,9,781.193367
-5.7462616,5,781.250779
-7.4401684,8,781.293369
-6.327048,7,781.389227
-6.8303227,10,781.50564
-6.525797,7,781.562522
-8.671342,13,781.62106
-6.7946577,7,781.699228
-6.7614603,7,781.757746
-5.001289,7,781.874699
-8.774099,14,781.972167
-8.536676,10,782.10851
-6.3204727,7,782.147638
-11.491741,18,782.20615
-7.25312,7,782.32174
-7.4601407,9,782.361649
-7.1664205,7,782.400302
-6.5321236,6,782.518275
-4.9254427,6,782.592508
-6.8105726,9,782.779199
-13.348537,14,782.779238
-8.330062,9,782.83937
-6.104901,6,782.956059
-7.7764153,9,783.034235
-7.982733,9,783.115867
-8.299508,8,783.196393
-579.661,308,783.234592
-7.439137,7,783.315703
-8.964986,10,783.354937
-7.2169704,10,783.474395
-6.730069,8,783.532698
-7.3890657,8,783.57677
-14.16486,16,783.676607
-7.4520397,7,783.734495
-8.591589,10,783.771966
-5.7633185,8,783.888769
-6.1144814,6,783.926693
-11.391774,14,783.967994
-9.59929,13,784.104193
-7.7769017,10,784.191599
-7.9670467,9,784.229764
-6.2188,6,784.287008
-9.454623,13,784.329112
-10.640515,11,784.542403
-8.425402,11,784.585171
-8.49716,10,784.643715
-5.892415,9,784.64375
-7.4808354,7,784.835507
-5.277217,7,784.878602
-6.4370184,8,784.923758
-6.686078,9,785.113101
-8.428503,9,785.150251
-5.3834515,7,785.283193
-11.326734,15,785.320235
-6.4035916,9,785.401151
-6.249275,6,785.506524
-7.842658,8,785.543224
53.47339,38,785.678967
0.98353124,9,785.75227
-8.174494,8,785.752306
-11.635205,14,785.789309
-6.3503723,8,785.976943
-5.8340087,9,785.976981
-7.8179927,12,786.051589
-15.06189,16,786.108066
-5.788263,7,786.164643
-2.00449,10,786.238186
-5.046565,5,786.360283
-9.733329,10,786.442044
-9.437555,12,786.44208
-5.2842054,5,786.564125
-7.7388096,8,786.642713
-5.3586006,5,786.719484
-9.399139,12,786.719519
-5.7412953,7,786.839212
-7.399423,9,786.949028
-11.232319,11,787.011974
-7.182788,7,787.050456
-6.0349607,6,787.197577
-6.0761204,9,787.233887
-11.233761,12,787.36838
-6.9700565,7,787.406125
-8.1228485,11,787.482054
-7.0906677,8,787.576622
-7.0474453,10,787.651477
-6.1290245,6,787.747633
-7.9238186,8,787.861598
-12.361412,20,787.974988
-8.086451,9,788.070401
-5.222187,5,788.18472
-9.071693,11,788.240377
-7.5171885,7,788.353965
-6.693265,7,788.410867
-9.403467,10,788.581992
-8.796644,13,788.693171
-7.8175955,7,788.748506
-9.254311,12,788.9771
-9.49419,10,788.977138
-8.25214,9,789.166322
-9.566883,12,789.240714
-5.570925,7,789.334455
-4.639557,6,789.390525
-6.26167,7,789.541801
-8.525499,10,789.578688
-6.38116,6,789.694911
-7.316769,9,789.907946
-9.03982,16,789.965367
-7.0284753,7,790.083546
-7.1740413,9,790.285101
-6.8049994,8,790.455551
-12.823714,29,790.621905
-6.7829323,7,790.62194
-8.379759,9,790.82994
-8.000685,9,790.829975
-6.718569,8,791.031193
-7.1434836,9,791.067537
-6.4065266,7,791.198648
-7.0599527,9,791.27498
-192.42966,152,791.311881
-6.780617,7,791.388525
-5.401414,8,791.523715
-5.700721,5,791.523749
-8.3717,12,791.597542
-5.853595,6,791.672834
-6.181905,6,791.806145
-7.2899814,11,791.879739
-6.929366,14,791.879773
-5.9856215,6,791.974168
-6.3133307,6,792.03054
-5.5966945,7,792.067941
-6.866803,8,792.2212
-9.054813,11,792.25789
-8.480719,11,792.333568
-8.976629,9,792.474453
-7.7170386,10,792.529824
-7.6471186,8,792.565936
-7.4901986,8,792.702973
-410.67172,267,792.703009
-5.119009,7,792.76118
-6.005376,6,792.874726
-6.863282,12,792.874759
-7.7186213,7,792.913396
-6.5001802,6,793.0475
-7.857041,8,793.08432
-10.429651,16,793.179982
-8.526668,13,793.218386
-6.7504797,7,793.256591
-9.386713,13,793.431921
-7.7070837,8,793.431961
-11.401993,13,793.547014
-9.318439,11,793.54705
-8.912104,9,793.663315
-5.9973974,7,793.738366
-10.631733,11,793.7384
-5.2710867,5,793.821854
-8.580732,11,793.86219
-7.1641436,8,793.969202
-10.380715,11,794.067936
-7.059084,10,794.139285
-6.5459843,8,794.217267
-6.2540483,6,794.254279
-9.677185,14,794.29181
-5.528229,5,794.368772
-8.09051,10,794.427543
-6.0693645,6,794.468972
-6.233012,8,794.517437
-7.7033195,8,794.646814
-5.763872,7,794.686011
-8.852505,11,794.869797
-8.478883,13,794.917953
-6.471443,9,794.96663
-9.425043,11,795.084159
-6.263603,6,795.146885
-6.9948907,8,795.239066
-5.9978747,6,795.330407
-7.324378,9,795.369345
-6.3929825,6,795.457725
-6.178671,6,795.534617
-5.7355623,6,795.571619
-6.273804,7,795.727982
-9.070229,10,795.728019
-6.6216087,7,795.778663
-19.324783,32,795.918559
-4.837358,5,795.918597
-5.422881,7,795.957736
-5.2910695,5,796.057103
-11.694146,14,796.132899
-6.208871,9,796.19173
-6.4250855,6,796.331949
20.262396,17,796.371198
-8.194464,10,796.41049
-13.915875,20,796.572011
-4.588611,10,796.687374
-7.150146,12,796.687415
-8.755127,11,796.687422
-6.031107,8,796.805876
-7.4124336,7,796.865029
-8.50188,8,796.904593
-7.978567,13,797.021211
-5.8646917,6,797.077188
-8.510316,9,797.077224
-8.664953,9,797.133608
-8.904545,9,797.316256
-9.469203,12,797.373615
-8.437342,12,797.427732
-7.1579633,10,797.427763
-6.075085,6,797.541865
-6.3813915,9,797.579455
-6.3904796,7,797.616548
-6.999861,8,797.653764
-8.357634,8,797.769723
-7.1751485,9,797.865403
-10.115358,14,797.943945
-8.30057,8,797.981264
-9.921156,17,798.059446
-8.741407,8,798.095765
-5.378168,7,798.151312
-6.758404,10,798.246773
-5.884182,8,798.284135
-6.3363824,8,798.320702
-7.0514884,9,798.396666
-7.386644,10,798.510753
-7.4784203,10,798.565869
-8.184267,10,798.638793
-5.9945183,6,798.713453
-12.850707,18,798.75046
-5.264512,7,798.825954
-9.758868,13,798.862109
-6.102341,7,798.91877
-8.799211,10,799.02975
-5.1400633,6,799.029794
-5.5555687,5,799.066721
-6.7328167,8,799.220501
-11.008852,17,799.280397
-8.666803,11,799.337435
-9.648457,10,799.337466
-9.50627,10,799.503687
-7.645575,11,799.585202
-6.983406,11,799.623296
-9.655703,14,799.69957
-7.581761,8,799.737234
-4.9026384,6,799.793516
-6.48032,8,799.831969
-5.159176,5,800.021791
-8.580864,9,800.066379
-5.9899373,8,800.138806
-9.795607,15,800.23652
-8.171789,9,800.404905
-8.958561,10,800.404941
-7.4226055,7,800.494808
-5.8489428,6,800.596176
-10.9239435,15,800.649274
-7.927971,10,800.781192
-6.824563,8,800.839031
-7.6031523,8,800.965983
-5.7267103,7,800.966018
-7.587445,7,801.09378
-6.2176676,9,801.205181
-8.400586,9,801.314332
-7.15102,10,801.370241
-5.8142605,9,801.455412
-5.2372303,7,801.496399
-6.674822,7,801.584746
-6.768323,10,801.727757
-6.718952,9,801.786929
-4.79333,7,801.882953
-6.5160418,10,801.88299
-8.188947,8,802.08357
-7.6570225,8,802.155717
-6.925521,12,802.230856
-8.410373,9,802.230887
-6.9418225,7,802.351411
-5.4981136,5,802.407656
-7.445528,9,802.53618
-3.041664,9,802.574553
-5.2154155,5,802.61205
-8.08955,8,802.670734
-5.534603,5,802.79795
-6.652904,7,802.8478
-7.8435235,10,802.925026
-7.4037614,8,802.990885
-7.7528286,8,803.144512
-6.609645,7,803.183404
-6.529822,15,803.31433
-5.7924395,6,803.358222
-5.7612886,8,803.463494
-13.217275,20,803.463529
-8.344868,10,803.606424
-7.1989765,7,803.644085
-6.1596446,6,803.764492
-11.210497,17,803.835347
-8.692687,9,803.911205
17.878094,20,804.010352
-5.6936636,6,804.086752
-6.4763346,8,804.086785
-7.7337556,12,804.142595
-7.157384,7,804.257702
-7.603815,7,804.314539
-9.426275,12,804.367895
-8.055354,10,804.367926
-4.5170655,5,804.461137
-7.306516,9,804.519169
-5.6290274,8,804.573538
-6.5785522,6,804.687461
-7.438985,12,804.687497
-5.397581,6,804.744102
-7.7245965,7,804.860639
-6.3240232,7,804.916902
-10.450579,11,804.972984
-7.600682,8,805.093254
-5.0371327,6,805.093282
-15.577072,29,805.249803
-10.420329,13,805.324978
-7.4160604,12,805.403979
-7.07168,8,805.479425
-4.9557533,5,805.479465
-5.7437096,6,805.578471
-9.042478,20,805.634799
-8.5457325,8,805.694582
-9.9104805,12,805.791855
-7.032318,9,805.870964
-6.674371,9,805.946749
-10.914273,13,805.946784
-6.1113,6,805.98435
-4.7818704,7,806.089728
-5.8409004,6,806.144801
-6.8141146,7,806.1998
-6.5817704,7,806.295937
-6.629299,8,806.351206
-6.958869,10,806.44569
-7.6095605,8,806.522248
-9.646572,20,806.522286
-8.013397,9,806.600695
-5.1622696,5,806.686322
-5.5152683,5,806.686363
-10.216455,10,806.774375
-7.504336,8,806.874743
-6.1772146,6,806.874777
-10.24222,11,807.007811
-6.485312,9,807.053423
-7.279593,9,807.166221
-9.491573,10,807.208732
-6.751557,9,807.330471
-6.1640773,8,807.330506
-7.377598,7,807.405692
-5.9814935,6,807.405746
-5.13229,6,807.514214
-6.64699,8,807.632349
-9.621783,10,807.632385
-7.7620473,9,807.671154
-5.6132545,5,807.767586
-9.11495,10,807.806023
-6.748867,7,807.943911
-6.6355724,12,807.981214
-8.4734,9,808.039088
-14.13291,20,808.160645
-9.900894,12,808.257383
-13.782233,15,808.356822
-7.49311,9,808.412897
-5.0235877,5,808.412934
7.272314,18,808.511254
-5.4443116,5,808.571078
-5.726744,6,808.571115
-5.284627,6,808.609404
-5.346221,7,808.745984
-6.7879305,8,808.803989
-6.7341824,6,808.921491
-13.3916855,14,808.921526
6.3954945,15,808.978854
-7.460413,8,809.037608
-5.8572927,5,809.116788
-7.5281568,8,809.174139
-5.649084,8,809.174178
-7.342076,8,809.37376
-10.532141,12,809.373798
-8.313779,9,809.41161
-10.863326,11,809.448926
-4.3352594,5,809.546736
-6.735381,8,809.606667
-7.736516,10,809.66471
-6.659748,6,809.720955
-7.7906857,9,809.839756
-6.8145266,8,809.878815
-6.042493,7,809.916342
-10.647125,19,809.97387
-5.0304737,5,810.011219
-4.982425,6,810.088491
-9.757513,11,810.185754
-7.3616805,8,810.282897
-10.96662,12,810.32026
-9.030805,15,810.384455
-7.8014107,9,810.441299
-6.9253016,7,810.516818
-7.832006,8,810.613914
-9.530315,11,810.613949
-10.385597,12,810.794084
-6.0040846,6,810.794122
-6.4741163,9,810.794138
-6.4498544,9,810.874043
-8.148838,9,811.010074
-6.6452837,7,811.048949
-8.430483,12,811.105767
-10.037743,14,811.182787
-5.3086805,5,811.182826
-6.081979,7,811.301087
-6.276776,7,811.361004
-7.438314,12,811.399491
-7.9757304,9,811.437737
-5.687437,7,811.554109
-9.501263,10,811.592976
-9.290789,9,811.649806
-8.901831,11,811.7298
-6.820429,7,811.767964
-7.1450844,9,811.855523
-8.064999,11,812.054301
-10.0993595,15,812.091591
-6.8597593,9,812.128439
-7.783285,14,812.18501
-5.609537,6,812.264169
-7.7903256,8,812.305345
-7.353868,9,812.398383
-5.7810407,9,812.468158
-7.050578,8,812.528467
-5.5500717,6,812.644171
8.107479,9,812.644209
-6.3037143,6,812.855581
-7.2528415,10,812.855618
-8.370677,10,812.930745
-5.958705,6,813.067894
-6.9282613,7,813.173786
-11.190939,16,813.235773
-9.699808,12,813.341001
-8.341663,9,813.43513
-7.96609,8,813.508783
-6.2998466,6,813.548745
-6.2510915,6,813.735709
-8.087252,11,813.81565
-10.645985,11,813.883284
-14.348717,23,814.02445
-9.041433,10,814.086323
-6.1113405,8,814.086361
-3.319366,10,814.238815
-5.419327,6,814.285134
-6.9002705,9,814.41984
-6.6046405,11,814.514217
-6.1138434,8,814.55217
-8.233562,9,814.609686
-6.891291,10,814.728398
-9.058523,10,814.787628
-7.89591,8,814.826419
-9.571346,13,814.904915
-9.51935,11,815.039272
-6.3720317,8,815.039307
-8.810064,11,815.09493
-5.917433,8,815.131557
-5.8074937,6,815.20797
-6.2379675,7,815.302202
-8.41958,11,815.338277
-7.420017,8,815.413499
18.366299,14,815.468965
-10.530637,11,815.58592
-5.483572,7,815.662271
-8.925692,12,815.662307
-8.020643,10,815.700704
-6.9195833,7,815.827627
-6.243951,8,815.920619
-7.31234,8,815.920654
-5.643423,6,815.997138
-12.957084,15,816.133458
-9.210514,10,816.222661
-6.795596,8,816.279583
-4.0979548,13,816.354115
-6.1070147,6,816.402394
-6.355289,8,816.521678
-5.7869725,8,816.562396
-6.987376,9,816.677876
-7.3330283,10,816.80131
-7.725803,9,816.959405
-9.641138,14,817.072119
-8.397098,13,817.267468
-7.5439525,9,817.267502
-12.149122,17,817.333114
-8.570372,11,817.461583
-5.7669086,6,817.530073
-7.1098924,10,817.606135
-5.7247486,5,817.648748
-10.11397,13,817.722635
-7.242445,7,817.920207
-7.9997406,11,817.997015
-11.982124,13,817.997048
-8.242808,10,817.997054
-6.617313,7,818.186907
-6.773259,10,818.271012
-10.657559,14,818.349099
-13.740569,15,818.409059
-10.145391,10,818.488782
-5.5814705,5,818.547341
-5.6028113,8,818.547371
-6.3140693,8,818.705621
-5.884419,8,818.802378
-5.447061,7,818.802412
-6.904585,8,818.852271
-4.4192095,5,819.010416
-6.9651613,11,819.200395
-11.282176,14,819.200431
-6.936533,9,819.272989
-5.532792,6,819.382743
-6.1221247,7,819.439585
-9.690779,19,819.439616
-5.7941008,5,819.565865
-9.223394,9,819.565899
-7.617055,8,819.694834
-4.462658,5,819.759412
-8.46752,9,819.759446
-5.799662,7,819.834329
-6.712675,8,819.97004
-7.1446433,8,820.026618
-9.166875,13,820.082804
-6.79828,8,820.193437
-10.38115,16,820.193471
-3.8807845,9,820.268826
-9.679838,14,820.480215
3.127191,10,820.480252
-9.704807,9,820.536275
-14.122622,15,820.610786
-8.044996,10,820.743114
-7.1860404,10,820.743154
-9.381113,9,820.781268
-7.504966,9,820.857579
-5.695556,6,820.933429
-8.54687,9,820.989388
-9.6148205,11,821.122984
-9.982183,10,821.236353
-10.573535,19,821.236387
-7.197526,7,821.311336
-7.9316983,8,821.4454
-11.150999,20,821.445432
-5.7877226,6,821.49981
-7.917407,9,821.499846
-6.331644,7,821.632935
-7.143099,10,821.729007
-7.7036915,12,821.766326
-9.739082,13,821.82227
-4.9420495,5,821.877521
-6.574419,8,822.027951
-10.546055,15,822.027987
-7.621217,9,822.101668
-11.3280525,14,822.139791
-8.272423,10,822.298341
-6.209956,7,822.298376
-9.551706,10,822.393705
-6.8688645,7,822.487309
13.922855,17,822.487343
-6.8988256,8,822.523672
-6.389249,7,822.658107
-8.888634,9,822.715089
-9.811672,13,822.774319
-8.672733,9,822.774374
-7.026474,8,822.950144
-5.0003037,6,822.988399
-7.6334248,9,823.075384
-5.5225506,6,823.154443
-8.120682,9,823.233153
-13.64761,17,823.288848
-6.5122433,6,823.345036
-6.975047,8,823.441227
-12.918671,15,823.496653
-7.2637725,10,823.552398
-8.804422,10,823.608358
-7.922787,11,823.721558
-9.09923,10,823.75731
-9.426824,10,823.814161
-7.087287,9,823.851578
-5.629122,7,823.927272
-7.18156,9,824.003551
-7.63266,9,824.059811
-6.833749,9,824.15692
-6.9944925,10,824.25073
-5.4856186,9,824.287711
-12.137543,18,824.324362
-8.429102,10,824.435267
-6.107685,6,824.435301
-6.9302545,7,824.494232
-7.228088,7,824.535901
-6.8749056,8,824.675407
-6.2974224,8,824.675441
-7.422402,9,824.771732
-6.884712,6,824.839882
-6.63108,7,824.909717
-7.4944377,13,824.909752
-6.5530267,8,825.060795
-7.4001904,10,825.154878
-4.9355607,13,825.154912
-9.734538,11,825.191805
-7.241444,9,825.306982
-5.910119,7,825.344062
-8.62593,9,825.42139
-9.837295,11,825.459456
-6.1804347,6,825.516867
-5.809123,5,825.60234
-10.220269,12,825.664377
-11.394445,12,825.771448
-8.149963,9,825.872741
-6.0559545,7,825.872776
-8.392431,13,825.910531
-8.514364,8,826.007798
-7.216063,7,826.06589
-5.5305214,8,826.124203
-10.348297,11,826.179903
-6.1780233,9,826.294662
-7.8982515,10,826.372303
-10.668711,15,826.409431
-7.4529595,11,826.464581
-6.8683367,7,828.102332
-8.25344,9,828.180197
-11.083027,14,828.21783
-8.58086,10,828.274226
-3.3368454,8,828.389853
-8.689637,9,828.465847
-6.993129,7,828.465881
-8.925809,15,828.521815
-7.064366,8,828.709712
-8.1385765,10,828.709749
-9.219757,18,828.840908
-7.407456,9,828.936391
-7.9801664,9,828.936425
-5.5126915,6,829.01233
-7.507353,8,829.148866
-7.2226,8,829.148901
-7.917446,11,829.308773
-6.3028626,7,829.34542
-25.360434,38,829.438557
-5.8438873,5,829.474623
-10.406723,14,829.64214
-13.268979,21,829.678374
-8.304134,11,829.732967
-6.0641394,6,829.811873
-7.6912303,8,829.932729
-11.393388,13,830.027792
-8.276314,8,830.027829
-7.6036897,8,830.14508
-6.4226513,7,830.20147
-6.1290555,9,830.260011
-7.178824,8,830.355998
-6.092904,8,830.412208
-6.792501,7,830.449347
-7.016953,6,830.567421
-5.4238243,6,830.605118
-6.641747,11,830.661825
-3.81218,48,830.699048
-4.917392,5,830.735548
-6.0007567,6,830.831426
-8.30777,10,830.888831
-8.238963,9,830.963793
-7.6122646,8,830.96383
-5.861988,6,831.060291
-8.665443,12,831.160303
-10.349535,12,831.272277
-6.700877,8,831.272311
-8.038484,10,831.410198
-6.8454437,7,831.454407
-7.5618324,8,831.518555
-12.299402,20,831.518587
-7.1842756,7,831.644762
-6.431288,6,831.682351
-7.920916,8,831.72064
-7.731177,8,831.757169
-6.745523,7,831.871133
-6.5057387,6,831.918722
-7.1927977,7,832.122041
-8.300941,9,832.158878
-7.600262,8,832.37264
-7.1555505,7,832.372675
12.693564,14,832.68418
-24.949356,40,832.742668
-16.609213,22,832.950431
-8.363218,10,833.008479
-8.371136,9,833.055504
-5.4046493,5,833.126925
-5.966,6,833.212032
-6.5523405,6,833.272343
-6.373776,6,833.346447
-6.0577483,6,833.442126
-6.672676,7,833.564593
-7.948616,9,833.564628
-9.406183,11,833.741282
-10.46014,14,833.907114
-7.7106457,8,833.944775
-12.385044,18,834.01983
-4.760702,6,834.174034
-11.632237,11,834.235496
-8.089857,10,834.235532
-5.0787883,6,834.384895
-6.0796776,7,834.42676
-7.605102,9,834.467872
-6.1530566,6,834.603936
-6.472027,7,834.603971
-9.825744,12,834.790656
-6.5738525,8,834.828467
-6.8149834,11,834.907022
-5.471282,6,834.964946
6.6327534,9,835.060874
-8.161612,10,835.197388
-6.5608764,7,835.253242
-11.031484,13,835.253278
-5.0421615,5,835.36962
-8.196155,9,835.445748
-7.047314,8,835.565104
-6.5747337,7,835.651684
-10.573849,15,835.651716
-5.9683695,7,835.809467
-8.873666,10,835.865087
-6.3688016,8,835.865118
-4.559312,150,835.957731
-6.083222,6,836.053878
-4.8374434,6,836.053911
-5.6533723,6,836.200547
-7.955798,14,836.237103
-8.352371,11,836.27486
-7.707493,9,836.311615
-6.4264483,8,836.441581
-9.764746,10,836.517396
-7.882799,10,836.554031
-5.827446,5,836.669101
-6.63543,8,836.725429
-9.179298,13,836.782902
-11.973903,24,836.852021
-6.9580603,9,836.932461
-7.6084323,8,836.984662
-6.6905494,7,837.076905
-8.668311,9,837.200711
-7.394473,9,837.258518
-11.153627,15,837.258548
-8.986493,12,837.426939
-6.4890413,7,837.426975
-6.49972,9,837.502044
-8.97032,9,837.674767
-11.631334,15,837.674802
-9.097174,9,837.674808
-6.160476,8,837.731327
-7.0783963,7,837.851792
-8.30335,9,837.912404
-7.8382196,10,837.951522
-7.2451224,7,838.054892
-11.6637,14,838.115069
-6.912045,11,838.219939
-9.812021,12,838.278645
-8.569088,9,838.316954
-8.132782,9,838.490829
-11.006133,17,838.547466
-8.833002,14,838.586521
0.93837404,15,838.682709
-5.5090327,6,838.760991
-7.050808,7,838.761029
-6.676014,10,838.800185
-5.5518208,5,838.899158
-8.44039,9,838.961507
-9.145069,11,839.078644
-8.071981,10,839.078681
-8.875457,9,839.155068
-8.914566,10,839.234123
-7.1864285,7,839.411446
-11.187202,13,839.411484
-7.515692,12,839.473516
-4.256392,18,839.558619
-6.6858044,8,839.638068
-7.5204725,9,839.675225
-7.312912,7,839.769838
-6.7934523,10,839.769873
-8.380087,10,839.912473
-6.278495,7,839.952413
-7.3263435,10,840.029363
-11.309245,14,840.066745
-6.2506294,9,840.200694
-8.502485,10,840.200731
-6.5431156,6,840.239206
-6.2176313,10,840.315537
-6.8610497,7,840.393253
-10.04092,10,840.493522
-6.2782555,8,840.531338
-6.6532288,6,840.569603
-8.27789,15,840.627438
-7.1424274,8,840.772157
-5.721243,6,840.772197
-6.38237,7,840.772202
-6.1890063,6,840.912945
-8.168814,11,840.95428
-7.415964,8,840.99386
-10.7453785,13,841.110828
-6.313265,7,841.288522
-8.48415,14,841.288558
15.50379,14,841.32669
-11.112872,21,841.501388
-9.739527,12,841.598181
-11.727588,12,841.598217
-10.284809,14,841.673854
-6.612416,6,841.80834
-10.657068,14,841.864298
-8.806776,15,841.96091
-7.801366,8,842.018368
-6.4359684,7,842.19755
-15.830662,24,842.197589
-1.695323,10,842.253639
-11.74757,14,842.253675
-6.0652437,5,842.372691
-7.375692,7,842.412642
-5.9053497,9,842.470398
-5.601697,6,842.569195
-8.905292,10,842.647283
-7.075973,9,842.70491
-8.906655,9,842.800598
-5.5803404,8,842.8762
-6.6638536,6,842.876235
-6.446679,6,842.972706
-6.9153214,9,843.089775
-8.677746,11,843.146921
-5.6776576,10,843.225389
-5.225663,6,843.26263
-5.8411226,7,843.339249
-4.52495,5,843.395399
-8.34596,9,843.471709
-6.898685,6,843.50825
-7.191194,12,843.680905
-8.054268,12,843.758254
-8.735802,8,843.879412
-7.606278,10,844.103631
-19.017023,29,844.182124
-7.5295157,8,844.306244
-8.362988,9,844.406493
-7.4529915,8,844.502818
-5.6035166,7,844.580991
-6.460209,9,844.718001
-7.4525394,8,844.774974
-9.462202,10,844.953069
-6.2955065,9,844.9915
-4.980403,5,845.089231
-8.933026,11,845.243737
-10.290327,11,845.338383
-4.846508,5,845.455295
-9.034186,10,845.492421
-8.059412,9,845.682101
-7.5319347,12,845.736656
-10.925805,11,845.967386
-3.8904138,17,846.060335
-6.2636414,6,846.114834
-7.7069936,9,846.319746
-7.5960336,11,846.31978
-6.088329,7,846.468787
-10.415894,13,846.601314
-6.354692,7,846.637226
-75.096954,183,846.69557
-6.138195,7,846.903936
-9.647759,13,846.979774
-6.3310947,9,847.11277
-10.040029,20,847.167399
-8.463506,11,847.242565
-5.1425457,7,847.298782
-8.278241,9,847.396869
-7.720584,7,847.434883
-5.7178116,8,847.510845
-6.3543425,7,847.585708
-7.115716,9,847.794516
16.184593,15,847.794556
-10.756562,16,847.887582
-9.972942,11,848.043848
-8.550497,9,848.100767
-6.9069743,8,848.234025
-7.325063,8,848.290798
-8.473173,8,848.436655
-7.381775,9,848.531209
-6.3375263,6,848.606647
-5.0093,6,848.681841
-9.274091,9,848.844682
146.11147,210,848.844717
-6.4529653,9,848.937564
-8.438987,9,849.105371
-11.269863,11,849.163007
-6.8128996,9,849.199764
-6.1800594,7,849.306055
-7.1471086,9,849.419823
-1.9086571,11,849.573026
-5.6420774,6,849.573061
-12.470518,24,849.745793
-7.905937,10,849.803525
-8.445879,12,849.863929
-6.518279,6,849.919724
-8.624708,8,850.083591
-6.510578,10,850.083626
-8.096134,8,850.174351
-5.4714446,7,850.398913
-8.737806,11,850.470128
-8.219487,13,850.526223
-6.213972,6,850.622805
-8.430302,9,850.66037
-6.811368,7,850.729365
-8.135899,10,850.920209
-9.185759,11,850.920245
-10.365637,11,851.219117
-11.318202,18,851.373107
-8.240763,13,851.50631
-8.011538,10,851.611592
-5.6085844,5,851.654602
-114.07138,157,851.89092
-10.902702,14,851.965468
-7.251218,7,852.059175
-8.967979,10,852.192403
-7.7632933,7,852.229341
-5.7093973,5,852.341408
-8.187975,10,852.446467
-6.578124,9,852.562635
-9.378241,11,852.700681
-6.677814,7,852.738786
-6.234273,9,852.908345
-9.291353,9,852.945706
-6.330426,7,853.109348
-6.4302025,9,853.160618
-8.399448,12,853.439173
-7.6094265,11,853.43921
-11.910837,13,853.774923
-9.024589,14,853.813941
-9.76848,11,854.041979
-12.286479,13,854.07838
-23.86904,106,854.189782
-5.5120196,7,854.231083
-6.809272,8,854.401342
-7.283539,7,854.401375
21.060541,15,854.457404
-5.8069553,7,854.581381
-9.287021,10,854.654761
-10.005692,13,854.768876
-6.9222403,7,854.826477
-9.309116,13,854.899989
-6.237622,6,854.977477
-5.491286,6,855.072214
-9.190617,11,855.072249
-7.882838,8,855.242713
-8.504517,9,855.279872
-8.5797825,16,855.373743
-5.757881,6,855.410552
-7.568644,12,855.562879
-8.419727,8,855.600666
-9.269456,11,855.656967
-6.438004,7,855.752859
-8.682375,10,855.8682
-245.84763,208,855.868231
-7.1427383,9,855.90549
-7.2516117,10,856.024917
-4.866335,7,856.063365
-7.353412,9,856.138692
-5.1359963,5,856.174794
-6.473126,6,856.229781
-6.2290382,6,856.387825
-6.2852955,8,856.387864
5.341257,25,856.524062
-8.224042,8,856.600422
-6.1337013,8,856.600466
-14.884369,19,856.657968
-7.5279374,8,856.75575
-6.0512695,7,856.811238
-8.098618,7,856.811279
-7.4689817,8,856.886528
-5.9041214,5,856.945554
-8.582875,8,857.006658
-7.3694134,9,857.063523
-8.57902,9,857.186546
-6.099825,9,857.263482
-11.092689,13,857.263518
-6.998938,9,857.321586
-5.9751396,6,857.420287
-5.456824,9,857.457515
-8.438486,10,857.533091
-9.710991,11,857.610124
-9.165247,10,857.686386
-5.48641,5,857.74313
-7.635582,9,857.780927
-7.2163663,7,857.884157
-6.9141493,7,857.942353
-5.364581,7,857.979706
-9.420099,20,858.018719
-6.5787616,6,858.081413
-5.245605,5,858.118384
-6.2736425,6,858.175044
-6.9153514,8,858.251988
-9.560085,11,858.404092
-7.317245,8,858.404129
-6.5307817,10,858.404136
-7.6983953,7,858.460402
-6.937105,7,858.577862
-4.829444,6,858.615278
-8.907078,11,858.692055
-7.046699,9,858.806427
-5.4042563,6,858.844367
-9.275942,11,858.92043
-13.1944,19,858.920465
-6.3614216,7,859.040478
-6.7995768,7,859.114481
-7.0815444,7,859.114516
-8.022831,13,859.190868
-6.9325233,6,859.289515
-7.732691,8,859.289549
-8.144589,9,859.363553
-6.595806,6,859.438442
-5.857352,7,859.474762
-5.7856884,7,859.554259
-13.138689,14,859.590976
-7.675373,10,859.726327
-7.584502,8,859.763744
-8.88695,11,859.86156
-7.385498,8,859.937593
-11.927989,21,859.994852
-5.8883133,6,860.032991
-10.107912,13,860.109664
-7.1830406,9,860.186235
-5.807192,6,860.336081
-7.0457673,9,860.336115
-11.040245,14,860.395967
-5.2786694,5,860.470742
-7.166874,8,860.548053
-8.39762,8,860.607836
-6.336717,6,860.703952
-9.560545,11,860.759398
-20.972134,31,860.815844
-7.6834874,10,860.872599
-7.4657044,8,860.930279
-6.5989537,7,860.96666
-5.597379,7,861.025729
-9.108662,11,861.162063
-8.40895,10,861.20284
-7.1577497,8,861.247728
-7.371301,14,861.365398
-6.96028,7,861.404318
-4.8224344,6,861.473801
-7.1902585,7,861.473833
-5.841757,7,861.645737
-6.2548995,6,861.64577
-9.184149,10,861.824164
-9.514858,10,861.8242
-7.301117,8,861.915981
-7.361621,9,861.963059
-6.322633,8,862.087366
-7.9400406,10,862.175503
-6.6442156,6,862.175537
-6.942971,8,862.214214
-4.7588654,5,862.389265
-6.658121,7,862.3893
-6.637429,7,862.46437
-5.742999,6,862.464402
-9.026127,10,862.676343
-9.646315,12,862.751375
-8.484848,10,862.75141
-8.39945,11,862.788468
-8.362873,8,862.902853
-7.272633,9,862.996848
-5.9887333,6,863.056901
-12.31569,14,863.11798
-12.993605,15,863.156083
-6.9805074,7,863.213831
-6.6418476,7,863.270333
-6.381756,6,863.36513
-5.445606,5,863.402522
-8.164682,11,863.459046
-7.112331,6,863.53595
-12.99211,18,863.614845
-7.825075,9,863.652372
-6.30381,9,863.768458
-6.116829,7,863.806195
-5.7231045,7,863.843499
-9.598907,17,863.919363
-6.587643,6,863.977206
-7.525949,9,864.035387
-8.537003,9,864.093875
-6.2640457,8,864.241443
-6.8715153,7,864.377092
-7.8321595,9,864.377126
-6.1496477,9,864.548199
31.33123,20,864.586459
-6.38941,9,864.648668
-8.744587,11,864.706935
-6.7857747,8,864.857629
-10.5380745,12,865.042599
-9.682953,10,865.042635
-7.4439063,8,865.110552
14.185957,18,865.148118
-6.9445963,8,865.26448
-6.203436,7,865.301427
-7.682653,9,865.377112
-10.882878,13,865.414917
-7.2057137,8,865.602076
-9.767452,13,865.660513
-9.60639,12,865.660544
-8.339554,9,865.701374
-6.662833,6,865.870227
-8.860377,9,865.928054
-4.581862,5,866.099785
-8.407735,14,866.099834
-12.559237,16,866.157534
-6.79596,8,866.157569
-6.4739213,6,866.277176
-5.7940745,7,866.3239
-7.042859,7,866.37094
-6.612028,6,866.532158
-9.543106,12,866.532192
-7.555009,8,866.611627
-6.910136,12,866.66734
-7.489221,8,866.742132
-6.883959,7,866.869626
-5.8538113,6,866.924783
-10.539981,12,866.961351
-14.288833,21,867.124833
-7.9491324,9,867.124871
-8.663908,9,867.181327
-8.015934,8,867.31791
-7.76795,10,867.375437
-8.322317,9,867.413043
-16.150547,22,867.530033
-7.111875,11,867.623998
-5.5401216,8,867.624032
-6.5537577,11,867.681592
-6.478586,7,867.816928
-6.7298994,7,867.816963
-7.384145,8,867.894815
-11.250889,15,867.954205
-7.813869,8,868.034748
-8.563038,10,868.092292
-6.6392307,6,868.130898
-9.09647,11,868.208409
-6.9078474,7,868.306007
-7.418879,10,868.36239
-6.9446635,7,868.399255
-7.9979186,14,868.437178
-6.9020653,8,868.534797
-6.7230544,6,868.595373
-9.584172,11,868.671421
-9.037886,11,868.70923
-9.658976,11,868.84635
-8.286311,9,868.846386
-7.7221794,12,869.001273
-7.316485,11,869.001312
-7.2949386,10,869.097446
-9.189957,14,869.195255
-5.399664,5,869.251952
-6.153586,9,869.251991
-8.21234,12,869.331103
-4.899868,6,869.389936
-6.2507696,6,869.427534
-5.628077,5,869.485077
5.0196657,10,869.566134
-8.025239,8,869.667977
-8.538095,11,869.743983
-6.5394373,8,869.744018
-7.2818465,7,869.882863
-8.857441,11,869.8829
-8.921838,9,869.980074
-6.8593044,12,870.057807
-4.8088403,5,870.116028
-9.018032,11,870.175513
-10.577353,12,870.214553
-6.1677866,8,870.292131
-6.7751503,7,870.329922
-5.830682,7,870.406775
-5.938781,9,870.444428
-6.3144913,5,870.481996
-6.383745,7,870.520036
-6.069348,8,870.660248
-6.652349,8,870.698745
-9.188566,10,870.776107
-7.027014,7,870.875534
-11.921789,19,870.93711
28.21893,11,870.973307
-7.4429464,13,871.137595
-6.5070033,9,871.137631
-8.438368,11,871.236892
-7.6320066,11,871.289162
-6.9862638,7,871.371261
-9.325401,11,871.495169
-7.0148554,7,871.535188
-7.352806,10,871.630957
-7.2709866,7,871.630994
-6.1771355,8,871.79083
-7.322145,10,871.851382
-5.6863575,7,871.851417
-6.8396006,10,871.950419
-8.203041,8,872.08286
-6.6899753,8,872.134099
-10.860214,12,872.30652
-6.218924,9,872.306558
-6.2135873,6,872.354103
-7.958278,9,872.505761
-6.1464167,6,872.560644
-7.6562304,8,872.63949
-7.5422096,7,872.777296
-7.810895,7,872.819095
-7.7430825,8,872.919481
-12.05165,20,873.072112
-9.98836,10,873.115315
-10.200792,15,873.312324
-6.1312475,7,873.312362
-5.917854,8,873.369513
-7.7460485,16,873.4263
-6.8817725,6,873.564727
-9.038777,11,873.620158
-8.253258,9,873.620193
-7.2834373,12,873.658072
-8.336388,8,873.814008
-5.5449924,8,873.852257
-8.980839,12,873.909549
-10.253552,12,873.946163
-6.103032,5,874.084008
-7.6897163,9,874.084044
-7.3500657,7,874.122734
-7.45787,11,874.199685
-6.0123672,6,874.2758
-6.9273515,7,874.353368
-6.697255,8,874.353404
-9.753441,10,874.46739
-7.170434,8,874.5045
-6.754899,8,874.561918
-8.373182,11,874.637822
-8.637645,10,874.735737
-8.97152,9,874.795579
-10.665113,12,874.833883
-8.885317,10,874.925793
-7.4109693,8,875.008382
-9.842085,10,875.131312
-9.88893,10,875.188744
-4.9086905,7,875.18878
-8.579662,8,875.279876
-6.271269,6,875.368472
-6.8410053,6,875.476386
-6.311797,6,875.542811
-7.3799005,14,875.642773
-6.7969394,6,875.68325
-8.229471,16,875.721391
-4.339813,5,875.886214
-6.6218586,6,875.88625
-8.046956,13,876.006383
-7.1353693,8,876.142692
-7.896797,12,876.142726
-10.962868,10,876.227307
-7.5756364,8,876.486727
-9.770942,10,876.486763
-9.615599,15,876.553449
-10.095781,11,876.553479
-7.700076,8,876.750022
-7.720159,10,876.804491
-8.525909,9,876.804523
-8.773936,12,876.859866
-8.018869,8,876.994005
-7.077841,7,876.994039
-7.248496,8,877.073723
-8.745409,11,877.118936
-6.2742248,6,877.173785
-6.7779045,6,877.270373
-8.982366,11,877.309769
-7.1207056,7,877.366509
-7.9508734,15,877.477935
-7.680665,8,877.515363
-7.3305736,10,877.552313
-5.578283,8,877.589082
-5.64629,5,877.645316
-5.469288,6,877.742381
-5.300221,7,877.742417
-6.373033,6,877.819638
-5.9673557,6,877.913007
-8.767002,11,877.91304
-6.7527504,8,877.968763
-6.350431,7,878.084983
-7.9244914,9,878.164466
-9.265201,13,878.215652
-4.680154,6,878.294489
-7.5519357,13,878.365842
-7.1462855,8,878.480243
-7.160629,10,878.535241
-6.4796433,6,878.665989
-7.542598,10,878.815803
-13.359623,17,878.909679
-12.76172,19,878.909715
-7.7374296,7,879.031635
-10.529754,13,879.077584
-7.605577,7,879.156579
-6.245855,7,879.156611
-7.249541,9,879.304
-8.34095,9,879.349715
-8.62507,10,879.467076
-10.006426,11,879.50393
-9.59142,10,879.656336
-7.0853367,7,879.693704
-8.847304,13,879.747044
-7.5941267,9,879.747072
-6.155592,7,879.898746
-10.944452,11,879.953923
-9.6171465,11,880.011913
-5.8826513,5,880.162989
-7.1618905,7,880.163025
-10.646938,17,880.163031
-10.436933,14,880.288306
-5.9568906,6,880.325341
-7.3166223,8,880.393437
-9.690547,12,880.551798
-6.7540503,9,880.619796
-7.830263,9,880.672514
-10.160796,11,880.789984
-6.004097,7,880.790019
-7.4412065,7,880.888928
-7.5512204,8,881.012669
-4.1559324,9,881.054328
-8.370253,15,881.11235
-5.914348,7,881.112381
-7.878775,9,881.328351
-7.6514797,10,881.385555
-10.432164,11,881.424096
-6.061282,5,881.499907
-2.5969257,17,881.555085
-5.853839,8,881.631084
-7.869775,8,881.724862
-6.216296,6,881.724896
-9.837572,12,881.780742
-7.21087,7,881.838239
-6.9825506,7,881.915293
-5.7257094,6,881.951834
-5.961989,6,882.10183
-6.9696555,7,882.101867
-8.804472,18,882.274365
-7.4954495,11,882.3514
-5.012767,6,882.437963
-6.3616056,6,882.605304
-11.029148,12,882.684005
-10.808085,25,882.743669
-6.6613483,7,882.931492
-8.2865,9,882.931532
-7.76068,7,883.117346
-5.9896545,8,883.155341
-10.5194845,14,883.504787
-9.797948,11,883.834779
-9.999289,11,884.158519
-6.4561834,7,884.362312
2360.406,96,884.362346
-8.615294,9,884.616741
-9.6758375,10,884.659406
64.67513,76,884.780245
-8.367121,10,884.907804
-6.198784,7,884.969703
-10.370576,13,885.030656
-6.6484985,8,885.129566
-7.6577206,7,885.167676
-10.149497,10,887.855889
-5.166683,6,887.855929
-7.322057,7,887.916828
-6.74989,8,888.096588
-6.731912,8,888.096622
-10.055197,10,888.207983
-6.344509,7,888.28768
-7.0188117,9,888.389931
-4.9258256,7,888.450519
-5.941327,6,888.52277
-7.4207177,7,888.640983
-7.524889,9,888.792098
-6.3619137,10,888.884194
-7.4788404,8,888.934943
-8.327397,9,889.141112
-7.625042,8,889.220877
-7.4811215,10,889.328427
-6.2275987,6,889.564764
-6.726042,10,889.604014
-10.594391,13,889.646225
-8.925852,11,889.925805
-7.0223675,11,890.000462
-7.447544,14,890.080096
-5.8239884,6,890.243345
-8.810293,13,890.399635
-9.1609,9,890.64873
-10.483343,18,890.648767
-9.616789,14,890.648773
-5.701956,5,890.797891
-6.92453,7,890.864743
-5.9291034,8,890.914703
-6.9714823,8,891.145063
-8.396044,10,891.145099
-8.61079,11,891.270392
-7.4544744,8,891.385036
-6.218416,10,891.445288
14.4387455,9,891.524405
-5.9750414,5,891.58378
-6.9701557,7,891.747581
-8.799438,17,891.844838
-10.344436,12,891.844874
-6.0239296,6,891.924829
-6.1896653,7,892.028912
-8.51156,9,892.088068
-7.275625,7,892.127219
-6.9859395,9,892.268636
-7.4610896,10,892.37299
-12.061621,13,892.433954
-7.0387306,7,892.473512
-7.9236994,10,892.654208
-8.367537,8,892.654243
-4.9686036,6,892.796624
-8.476179,11,892.936043
-5.367641,5,892.93608
21.941793,21,893.015508
-6.5010443,6,893.108188
-9.945135,13,893.288737
-8.737616,10,893.288773
-6.443177,9,893.346493
-6.131487,7,893.463371
-6.8137846,8,893.501254
-5.5626984,6,893.61656
-12.318401,13,893.674142
-6.4903345,8,893.710277
-5.863675,6,893.789085
-7.432416,7,893.86556
-8.86335,10,893.961698
-6.1727257,6,894.114722
-7.392901,13,894.114758
-9.323351,13,894.192532
-7.0324545,9,894.328116
-7.218926,13,894.423852
-6.2129073,6,894.479511
-5.800391,9,894.628658
-10.6196785,11,894.724054
-12.536713,24,894.761277
-6.1017323,6,894.874106
-7.145165,10,895.004973
-5.2459583,5,895.00501
-5.6158924,5,895.137639
-10.355395,20,895.137675
-5.4880304,6,895.174828
-7.194349,7,895.350515
-7.2438393,8,895.350551
-8.824045,9,895.389385
-6.6775045,7,895.521104
-6.1214657,8,895.577264
-5.4685793,7,895.687193
-10.880768,17,895.780557
-6.735426,8,895.780588
-9.804461,11,895.948767
-0.91763973,10,896.003936
-11.018965,14,896.098298
-6.648278,7,896.134518
-6.2760153,10,896.252624
-8.935223,10,896.347225
-8.70369,12,896.422236
-9.636365,11,896.517573
-6.242593,8,896.554302
-6.096374,8,896.628754
-7.5365844,8,896.72365
-6.320014,8,896.761162
-9.314495,11,896.892344
-7.9321218,8,896.929261
-9.157316,12,897.043951
-5.5784183,6,897.081759
-7.726283,8,897.118138
-8.864287,9,897.273777
-8.000393,10,897.340214
-6.4369454,7,897.462299
-11.011623,15,897.498595
-8.080321,9,897.57298
-6.7458477,8,897.672145
-8.229171,10,897.756461
-5.0555444,8,897.804098
-8.405036,9,897.922709
-6.3098683,8,897.980287
-8.222754,8,898.018159
-9.112736,10,898.185718
-8.245377,11,898.289141
-7.1000433,7,898.367647
-9.280508,10,898.524454
-14.258927,23,898.560956
-9.32342,10,898.618339
-6.7058105,7,898.733168
-5.603158,6,898.868088
-11.190817,19,898.983729
-6.6466537,6,899.172868
-10.976483,22,899.172907
-5.5486064,5,899.32815
-5.527101,6,899.381998
-13.729837,18,899.424807
-5.9875717,6,899.562433
-5.566902,8,899.64125
-7.279255,8,899.679746
7535.6543,500,899.738237
-7.585376,7,899.77692
-6.223881,6,899.857779
-5.7244577,5,899.914843
-7.404233,8,899.914882
-7.5167985,8,900.01797
-7.3398037,9,900.15745
-7.029609,10,900.157488
-7.42032,8,900.27474
-11.665234,12,900.27478
-5.3700275,6,900.37106
-7.74283,8,900.503086
-8.360699,9,900.649276
-10.212883,15,900.760962
-6.3668175,6,900.853544
-9.1174555,11,900.910594
-14.219406,24,900.999262
-6.855607,6,900.999293
-6.1349993,7,901.121272
-7.2108765,7,901.167974
-6.112591,8,901.291038
-6.470523,9,901.328466
-5.7239065,5,901.448584
-4.5317736,4,901.448621
-8.766088,11,901.541653
-5.469858,7,901.665881
-10.574225,18,901.757435
-6.510951,6,901.757474
-10.286384,12,901.849373
-5.4094806,6,901.88791
-5.8076143,6,901.945611
-5.0170736,4,901.982714
-11.064669,12,902.097568
-5.1705856,7,902.154594
-7.031037,11,902.192744
-7.172567,8,902.364898
-9.000518,10,902.364935
-8.381742,17,902.402413
-7.792756,11,902.478328
-6.2659025,7,902.554595
-8.556316,10,902.655256
-6.1229534,7,902.757359
-6.7933383,10,902.757399
-11.087051,19,902.878743
-7.978602,10,902.936063
-8.375625,8,902.973676
-6.5455112,7,903.070052
-8.1844845,13,903.107457
-7.1807547,9,903.181905
-8.295943,9,903.219182
-6.0465693,7,903.310796
-6.640645,6,903.40507
-7.660677,8,903.44322
-12.557961,13,903.480367
-6.4024067,6,903.585993
-8.08062,11,903.645473
-7.5008216,9,903.707951
-6.4414597,8,903.805295
-7.38444,8,903.86899
-5.96486,6,903.966485
-9.602004,12,904.023654
-8.665842,9,904.100863
-7.1818366,11,904.253681
-6.9719357,7,904.29833
-1.6172103,33,904.394188
-10.980522,14,904.432653
-8.196552,9,904.55195
-7.8459845,8,904.551987
-6.4934673,6,904.62775
-2.0984135,7,904.627787
-6.2019825,8,904.768222
-7.3556533,7,904.807461
-7.5801716,10,904.865099
-8.306481,8,904.865138
-6.417213,6,904.985496
-7.38802,9,905.083374
-8.2281065,12,905.120183
-8.164916,13,905.194861
-10.489519,12,905.290975
-6.2577467,9,905.32732
-7.8447948,11,905.402754
-11.4648485,14,905.535079
-7.1691475,7,905.607832
-7.953323,10,905.607864
-9.549549,11,905.60787
-6.4716887,6,905.720772
-5.995344,8,905.797876
-7.8538947,9,905.835536
-7.3741517,10,905.874276
-7.4517446,8,905.953122
-6.334839,6,905.990245
-7.229479,7,906.06793
-8.26624,10,906.214186
-6.997677,8,906.285238
-9.316859,15,906.387627
-7.5997496,8,906.444716
-6.556704,8,906.50024
-6.858504,7,906.620456
-6.703661,8,906.701469
-8.804337,14,906.765688
-4.8713846,36,906.821552
-4.9363756,5,906.859544
-9.911791,12,906.97969
-5.6183815,5,906.979727
-6.587612,10,907.058783
-6.982933,9,907.11594
-7.54619,9,907.215305
-6.59066,8,907.272901
-7.1983027,9,907.351594
-10.856171,15,907.389731
-7.0986433,8,907.492154
-6.7800965,11,907.529959
-6.0118613,6,907.567281
-8.352572,9,907.624485
-5.6850815,5,907.683183
-7.6081705,9,907.797394
-6.024696,8,907.851547
-10.370968,12,907.851578
-6.8524475,7,907.889776
-7.491521,7,908.008452
-7.6749897,8,908.076036
-6.2262297,8,908.124765
-5.9795227,6,908.204675
-8.051911,8,908.308215
-8.045715,8,908.35411
-5.963646,7,908.415184
-5.611356,5,908.500962
-11.13486,22,908.551426
-7.039753,7,908.69464
-5.887697,6,908.74443
-13.235082,14,908.8423
-6.8354306,11,908.902103
-6.599679,7,909.051777
-8.27487,12,909.103111
-1.8895583,9,909.19983
-9.509196,16,909.199863
-5.7776227,6,909.256424
-5.733829,10,909.388335
-6.9209504,9,909.482829
-6.755462,9,909.482865
-6.5454426,7,909.482872
-6.7784142,6,909.638478
-7.157343,8,909.638513
-12.651672,13,909.79104
-7.6881475,8,909.827279
-7.9010515,9,909.863302
-5.662129,6,909.967108
-9.336443,22,910.059975
-7.026709,8,910.060008
-6.805233,9,910.116149
-7.7998576,7,910.230507
-9.470425,11,910.267778
-6.433238,10,910.364843
-6.7442656,9,910.460304
-7.7005587,8,910.563985
-6.584092,7,910.647624
-8.867506,9,910.805139
-6.1075163,8,910.865475
-16.223112,34,910.949096
-6.554421,8,911.044788
-7.898217,8,911.176293
-7.6791553,12,911.328838
-7.570719,8,911.368081
-9.207628,12,911.60977
-6.4463043,7,911.762727
-8.114621,9,911.957848
-11.445782,23,912.437171
-61.88466,79,912.688107
-8.384303,11,912.738643
-7.8635015,7,912.936785
-7.0232673,9,913.014145
-7.0462604,7,913.118327
-6.517186,6,913.186611
-14.050921,120,913.279284
-6.339493,6,913.344624
-9.187105,12,913.525128
24.258015,96,913.712392
-6.8550115,12,913.806375
-9.587566,11,913.975003
-18.943777,29,913.975039
-8.093456,10,914.051839
-6.9107084,6,914.185622
-6.3817263,10,914.223421
-10.282566,14,914.319888
-5.61107,6,914.358183
-8.049568,10,914.494098
-6.243474,6,914.494132
55.2482,51,914.589
-9.996576,10,914.626281
-5.325922,6,914.663478
-7.356005,9,914.739505
-7.206869,7,914.79539
-6.43423,7,914.851168
-7.117095,10,914.908875
-4.882354,5,914.94601
-6.8831434,9,915.004091
-6.006184,8,915.082197
-6.508674,7,915.1374
-6.6141424,6,915.137433
-5.446841,5,915.233462
-5.8783765,5,915.270291
-5.958421,8,915.364987
-9.717527,12,915.36502
-7.0854516,7,915.464392
-6.382969,7,915.542377
-7.630994,8,915.580061
-11.705575,13,915.618376
-8.082123,11,915.753239
-7.0298038,11,915.846689
-8.253649,9,915.846722
-7.3827233,7,916.001811
-6.4405303,8,916.040219
-14.918331,29,916.270811
-10.594164,12,916.31042
-11.599894,27,916.409093
-11.209812,19,916.487762
-5.9593444,7,916.487801
-7.4916835,8,916.546038
-7.031762,8,916.702553
-8.285044,10,916.702597
-7.169072,7,916.74082
-9.47574,16,916.92473
-7.623103,8,916.924768
-6.3225827,9,916.962484
-9.066118,10,917.020821
-7.5155125,8,917.156962
-3.284287,11,917.212616
-9.6864195,12,917.249452
-6.864991,10,917.286325
-5.3700266,5,917.323108
-5.164049,6,917.398101
-5.857609,5,917.435658
-8.034843,8,917.53685
-6.7139444,6,917.58064
-8.234627,8,917.65532
-16.699404,19,917.788718
-7.6989636,8,917.788755
-6.17523,10,917.825864
-6.050859,8,917.882402
-7.459176,8,918.028301
-5.576498,8,918.028334
-5.459589,9,918.124803
-11.811249,13,918.187042
-8.106409,10,918.299237
-9.126024,10,918.299273
-6.636926,8,918.354835
-6.879739,9,918.448062
-5.6177998,5,918.448096
-11.2482395,12,918.626181
-8.06886,10,918.626218
-7.291917,8,918.682715
-6.938359,8,918.682747
-4.8299694,5,918.7789
-7.386348,9,918.875995
-8.817152,9,918.915204
-6.213598,6,918.953907
-7.981331,12,919.011385
-4.3047495,4,919.048347
-6.171998,7,919.143159
-8.260035,10,919.180399
-8.501379,9,919.273135
-9.7155285,12,919.427444
-10.694721,14,919.522698
-8.430458,10,919.522733
-6.326604,11,919.697217
-8.330103,9,919.751062
-8.706919,9,919.751094
-5.7783594,7,919.956611
-7.9980197,7,919.956651
-6.5209723,8,919.956657
-5.657589,5,920.100968
-6.460948,9,920.225248
-8.228058,10,920.265458
-7.38724,8,920.368208
-6.399152,7,920.468491
-7.876135,8,920.617639
-5.2126093,7,920.703676
-8.550682,16,920.741415
-6.589198,6,920.798623
-6.622526,6,920.877114
-6.3103533,7,920.983892
-5.129551,5,920.983927
-6.6434507,6,921.110943
-6.097349,8,921.202809
-5.747241,5,921.316637
-11.192072,14,921.353441
-5.900257,6,921.491401
-9.752148,21,921.60745
-6.697127,7,921.665076
-4.2942667,4,921.778697
-11.962717,18,921.778729
-5.553446,7,921.815252
-5.9888835,7,921.971604
-10.212824,11,922.047192
-12.159796,14,922.143506
-7.0253043,7,922.183404
-6.388506,6,922.247256
-8.659809,10,922.42253
-7.3299575,10,922.466273
-9.090495,10,922.55725
-6.5006647,6,922.665879
-7.517422,8,922.710811
-6.1287136,8,922.802653
-6.200644,6,922.870631
-7.9060025,8,922.96729
-6.0644674,6,923.004255
-7.8227973,7,923.102224
-61.413937,148,923.243854
-7.693351,11,923.320869
12.317426,14,923.377714
-6.8667316,12,923.436888
-6.053858,8,923.473641
-7.121404,7,923.60693
-7.4950023,8,923.664897
-9.3231945,12,923.719376
-8.510298,14,923.719409
-5.447381,6,923.839241
-5.8556395,6,923.875871
-7.443829,7,923.912843
-9.890537,14,924.00984
-6.88496,7,924.0485
-6.3747883,7,924.098836
-6.73416,9,924.182138
-6.5267916,6,924.239469
-8.180649,9,924.297796
-7.120684,8,924.334721
-6.6362767,7,924.394723
-7.8979397,8,924.475265
-7.309621,8,924.533719
-7.1492877,8,924.569671
-7.812725,8,924.627095
-6.3858433,7,924.724179
-9.910905,11,924.78181
-5.517736,8,924.837994
-6.23057,7,924.95329
-9.201523,10,924.996754
-6.7557025,8,925.069113
-6.72313,6,925.145288
-6.5286665,7,925.24183
-9.875073,10,925.279025
-8.412458,9,925.375151
-7.73808,8,925.473385
-8.065235,13,925.568793
-9.467756,11,925.645552
-9.102757,10,925.722372
-7.4580617,8,925.780079
-6.364821,6,925.817219
-6.106551,6,925.903418
-5.687066,5,925.984339
14.288914,53,926.026943
-9.301316,11,926.141742
-7.1489487,6,926.20438
-8.303434,10,926.306026
-8.850946,13,926.357463
-7.08123,7,926.470799
-10.305713,11,926.54022
-8.697578,8,926.643796
-9.969133,13,926.90667
-7.078288,8,926.906714
-13.607023,18,926.952655
-11.627662,17,927.092189
-6.964626,8,927.152142
-7.1623216,9,927.233734
-7.6656256,12,927.304583
-5.0329905,5,927.341645
-5.373686,5,927.397514
-9.353731,10,927.434469
-6.8540916,8,927.604653
-14.661185,16,927.722207
-6.166811,7,927.784977
-8.220612,17,927.841058
-2.806548,20,927.841091
-6.8389864,6,927.977647
-7.124238,9,928.033101
-6.733962,10,928.109283
-9.489944,13,928.10932
-5.258893,4,928.206743
-9.406007,12,928.302449
-7.982601,12,928.404655
-7.9036407,9,928.44252
-6.6196055,7,928.600111
-8.105193,13,928.658134
-6.1632156,9,928.658177
-5.2978697,6,928.815048
-6.1281204,6,928.815085
-7.985609,13,928.967632
-7.1649175,7,929.00952
-8.514631,10,929.094682
6.788378,6,929.159832
-8.56715,10,929.294996
-7.045158,7,929.371938
-8.221556,9,929.371978
-6.2592926,6,929.470388
-7.776767,7,929.549357
-8.758099,10,929.644657
-5.562627,6,929.644694
-5.472253,5,929.777533
-7.9302855,8,929.86532
-7.9338717,8,929.983485
-7.7090282,8,930.060091
-14.462423,20,930.100347
-7.6264534,8,930.221201
-12.238431,13,930.426426
-24.930798,88,930.469914
-9.467949,10,930.511012
-6.9537606,7,930.648079
-12.803283,20,930.704211
-6.5053988,7,930.764743
-8.189669,8,930.911345
-8.546906,9,931.021461
-10.855055,18,931.060639
-4.4941564,12,931.104821
-6.58182,7,931.165338
-6.956253,8,931.281506
-8.668005,10,931.319322
1.092763,14,931.471583
-9.275635,10,931.550776
-6.8443666,6,931.62827
-10.509654,14,931.687239
-6.5622454,7,931.835733
-8.117481,11,931.873289
-7.7221494,8,931.933844
-6.9774218,7,932.116266
5.1808405,36,932.170886
-7.8827085,11,932.170923
-5.6346455,5,932.272509
-9.517927,15,932.326269
-6.569146,6,932.386209
-5.3618107,6,932.386244
-6.2840767,6,932.515784
-10.395967,12,932.662638
-8.928771,10,932.662675
-5.2493067,5,932.815974
-9.932789,14,932.925702
-7.2767215,10,932.966091
-6.3996754,6,933.017302
-6.4269485,6,933.137179
-6.259292,7,933.227291
-6.566326,7,933.40655
-13.956684,16,933.447962
-10.505324,13,933.507195
-7.0538487,7,933.60803
-5.104336,7,933.645818
-8.931232,8,933.724299
-10.561157,9,933.898278
-6.3291864,6,933.898313
-12.454584,15,934.039604
-7.308676,9,934.17019
-5.2989373,5,934.227523
-6.079541,5,934.356751
9.551266,18,934.447403
-8.04782,11,934.528514
-5.111532,8,934.620008
-7.360252,10,934.776757
-7.6463685,11,934.885404
-6.1915236,8,934.885441
-6.0394816,6,935.078663
-6.7721415,6,935.078699
-7.058017,15,935.240727
-5.631576,7,935.278612
-8.025167,9,935.33589
-6.4144154,7,935.43291
-7.2701063,8,935.526841
-8.775309,11,935.565113
-6.959959,7,935.622437
-7.28342,8,935.76465
-5.7814636,8,935.84748
-9.288912,11,935.847516
-9.543124,13,936.104504
-10.305164,13,936.177922
-9.853138,13,936.177955
-58.388233,132,936.233366
-6.379815,6,936.335639
-6.8314433,9,936.391973
-7.381706,7,936.392007
-7.0718303,7,936.448155
-6.2480555,6,936.582664
-9.762284,10,936.661331
-10.767113,14,936.782583
-7.4816403,9,936.837088
-10.973319,13,936.83712
-6.9846363,7,936.874331
-8.152361,9,937.027284
-7.314004,9,937.064746
-8.471794,9,937.103413
-7.854357,12,937.160864
-5.728945,5,937.21708
-7.2126827,8,937.274086
-6.0542164,7,937.311046
-6.2891135,7,937.492535
-8.37763,9,937.492573
-8.50717,10,937.649045
-14.139918,15,937.649081
-6.103072,7,937.727831
-7.625596,8,937.766038
-5.8140545,8,937.863954
-6.5687304,9,937.964439
-7.4623985,9,938.021076
-6.970604,13,938.021111
-6.3471017,6,938.166146
-12.248607,13,938.25753
-8.739975,9,938.257564
-7.2746973,8,938.257571
-5.6880846,7,938.371809
-9.094427,10,938.502698
-8.608526,10,938.502732
-8.887732,12,938.557907
-7.1072044,8,938.596611
-6.909791,7,938.749197
-5.908012,11,938.825524
-9.813452,11,938.825557
-7.4165387,13,938.94275
-5.841214,6,938.980071
-7.028383,7,939.017778
-8.596289,10,939.055089
-5.1507187,8,939.27072
-7.328683,11,939.30828
-9.026705,13,939.346723
-7.175735,7,939.501613
-9.450809,16,939.501649
-5.743695,6,939.501654
-7.378946,8,939.57935
-6.8847327,7,939.67703
-5.4698687,5,939.716558
-6.336194,6,939.877346
-7.7285237,7,939.877383
-7.8932667,16,939.934936
-4.0686817,17,939.972736
-6.5940585,6,940.05079
-5.712043,8,940.111153
-6.0183396,8,940.170245
-5.167514,6,940.228874
-8.31098,10,940.266283
-8.352253,8,940.343056
-6.6753273,8,940.400575
-5.4733925,6,940.438462
-9.210141,12,940.576571
-8.273041,8,940.576607
-4.950568,6,940.631063
-6.2258115,7,940.631096
-6.2683697,7,940.806215
-6.603407,7,940.806249
-5.952975,10,940.863673
-9.342523,12,940.920356
-6.6345425,7,940.995776
-10.672637,11,941.169017
-12.776163,17,941.225458
-10.049057,12,941.28141
-7.691782,8,941.391139
-8.427541,8,941.510845
-7.304919,10,941.510881
-6.240293,6,941.567219
-7.431332,8,941.702649
-5.9552207,9,941.779237
-6.9682965,7,941.89343
-25.803602,40,941.893465
-12.532091,16,941.931151
-5.87858,7,941.98759
-6.0379953,5,942.044444
-6.8362646,7,942.102849
-5.9594173,7,942.181426
-8.931585,10,942.218934
-6.9218035,6,942.276385
-8.164209,13,942.429089
-7.5468287,8,942.429125
-6.4399395,7,942.429131
-6.3445787,6,942.468329
-5.9485164,7,942.605296
-5.9913545,9,942.664479
-7.5067577,10,942.702668
-8.184917,10,942.741768
-8.87398,10,942.878244
-3.713111,9,942.934994
-8.526382,9,942.990814
-7.6631355,11,942.990868
-5.5120254,7,943.089942
-10.398846,12,943.270205
-10.497227,11,943.27024
-8.425276,9,943.327023
-11.780795,16,943.403303
-5.914223,7,943.478713
-5.483074,7,943.478745
-6.594367,8,943.614044
-10.202822,12,943.652061
-7.8205137,8,943.689158
-10.437001,12,943.784868
-7.3760195,8,943.842676
-6.148734,6,943.939197
-8.377686,14,944.015887
-8.042503,14,944.052869
-8.909996,12,944.150671
-5.59457,8,944.263798
-8.088236,9,944.263833
-8.140434,8,944.359446
-6.674245,6,944.417155
-7.09516,7,944.454434
-6.833918,7,944.550182
-7.8288956,8,944.643325
-8.739346,10,944.679421
-13.849004,30,944.734285
-7.816932,9,944.79025
-6.206233,6,944.862941
-7.450364,8,944.899801
-6.081263,6,944.938004
-8.264377,11,945.092572
-8.336002,9,945.129303
-9.451975,14,945.22566
18.992346,13,945.263496
-5.5483966,8,945.318572
-5.501772,6,945.394428
-10.807251,13,945.487806
-5.6762357,6,945.48784
-10.282422,12,948.28599
-6.207403,7,948.286028
-6.829466,7,948.373281
-7.701408,8,948.412621
-6.186129,6,948.477485
-6.070438,6,948.580177
-6.331783,6,948.639479
-7.8502755,10,948.677819
-10.430426,15,948.748979
-8.457487,10,948.924372
-6.635005,7,948.924408
-6.9214478,10,948.987886
-9.12309,11,949.089144
-6.6766906,7,949.126175
2.1229353,6,949.163382
-6.8320675,7,949.298202
-8.911289,13,949.298235
-7.2518845,8,949.363499
-7.190863,8,949.404537
-5.6993303,7,949.516821
-7.015108,8,949.553897
-5.8283076,6,949.591496
-7.944279,8,949.628034
-5.919031,6,949.703876
-5.157682,6,949.740329
-6.5694637,7,949.801206
-8.927389,10,949.974116
-8.758153,9,949.974157
-7.5513763,15,950.031498
-6.643778,10,950.069518
-5.855866,6,950.149386
-6.507103,7,950.187638
-6.3476954,7,950.246585
-7.2619486,7,950.283718
-5.7037196,6,950.40274
-6.609042,9,950.440484
-7.8035445,11,950.478
-6.427208,8,950.515225
-4.573045,5,950.592755
-6.61208,6,950.649774
-7.2229548,7,950.706686
-11.200777,12,950.781413
-6.73932,6,950.781445
-6.5343146,8,950.934086
-6.7553053,10,950.934121
-7.1857424,8,950.989982
-7.229624,9,951.026274
-6.4770446,11,951.20574
-10.2218075,11,951.267308
-12.594737,15,951.325775
-4.9158826,5,951.365344
-4.8617873,5,951.466629
-6.1664166,6,951.52448
-10.803876,12,951.604788
-5.4018,5,951.665428
-8.825547,9,951.725434
-6.8293858,7,951.806292
-6.7061005,6,951.845493
-4.5465393,4,951.927376
-6.709403,8,951.966724
-6.627703,6,952.026597
-6.9540577,6,952.128101
-6.1661787,8,952.166977
-7.6304426,9,952.289014
-5.7966914,5,952.28905
-5.1304216,5,952.326657
-6.089524,7,952.466478
-7.354133,7,952.50351
-5.89341,6,952.65859
-6.9545245,7,952.658624
-8.122499,18,952.758045
-5.5666656,6,952.817824
-6.102843,8,952.874511
-6.2101583,7,952.951092
-5.3128357,6,952.987683
-7.2534637,9,953.156619
-6.0564694,6,953.156655
2302.7222,81,953.300315
-6.7884364,7,953.368365
-11.603258,13,953.408206
-10.718668,13,953.585654
-6.6642222,10,953.663641
-7.583661,9,953.725012
-10.897591,13,953.818346
-6.301711,7,953.888498
-8.254246,10,953.928868
-6.9234533,7,953.978373
-6.40088,6,954.100342
-9.285685,10,954.176458
-7.1882577,7,954.217261
-6.384205,7,954.344028
-6.78574,11,954.538754
-12.39442,19,954.614446
-8.931723,11,954.61448
-5.7651477,6,954.780869
-7.444453,7,954.839308
-7.5608916,8,954.839341
-8.454813,16,954.905779
-6.8654304,7,955.058067
-6.9227324,7,955.133914
-8.353347,9,955.133949
-8.405355,12,955.191403
-6.796008,7,955.308056
-8.888052,10,955.366474
-6.3507447,8,955.366512
-9.246145,9,955.443689
-9.035925,9,955.560609
-9.484826,10,955.616836
-4.865604,10,955.691464
-5.947536,6,955.729373
-10.054487,15,955.765613
-4.8374457,5,955.858621
-7.292492,7,955.894739
-5.9837027,6,955.931655
-8.5549135,12,955.969289
-6.780054,6,956.045948
-7.6775565,8,956.140513
-5.303261,6,956.140547
-7.8247447,9,956.195591
-6.2970443,6,956.290206
-9.011131,10,956.327392
-6.313819,6,956.382341
-6.6446195,8,956.382375
-6.4195566,6,956.477644
-5.5083723,6,956.534217
-6.6015058,8,956.571076
-8.981252,12,956.686453
-6.7387958,8,956.761826
-6.8510594,13,956.817512
-6.7440557,7,956.87595
-7.1663175,7,956.951795
-6.2385235,6,956.988635
-6.91985,7,957.074831
-6.2752542,7,957.181894
-8.983731,10,957.260303
-12.886972,26,957.260338
-7.1229877,7,957.301369
-4.2043786,4,957.387502
-7.3039136,8,957.45125
-7.256025,7,957.491317
-5.3895807,5,957.547064
-6.6838436,6,957.640256
-7.3719554,11,957.640291
-7.788735,11,957.775493
-7.285744,7,957.812792
-7.5145183,11,957.850485
-7.480361,9,957.888083
-5.871552,5,957.965923
-8.228169,9,958.065015
-6.891279,7,958.065053
-7.1948853,9,958.141253
-7.447831,9,958.277081
-8.95652,10,958.314585
-7.329796,8,958.351442
-6.3677363,6,958.447243
-6.0733643,6,958.484454
-9.951721,21,958.541852
-5.264888,8,958.579018
-5.996359,5,958.615471
-5.1321125,8,958.748988
-7.8592434,11,958.78752
-8.11722,12,958.903401
-7.633371,11,958.903437
-6.1606073,6,959.038431
-6.9026403,12,959.076223
-7.3151007,11,959.170758
-6.524301,8,959.267255
-5.6004467,5,959.323014
-9.082588,10,959.32305
-6.565443,6,959.442201
-8.143898,11,959.583191
-11.060424,14,959.65918
-7.4367566,11,959.715904
-4.8495784,5,959.791216
-7.465539,9,959.828292
-6.4596457,6,959.884671
-7.198249,7,960.020357
-7.5440083,10,960.085406
-5.3673854,8,960.124231
-5.9391327,6,960.278869
-5.8295264,6,960.321004
-6.0381618,6,960.523608
-8.341127,10,960.615811
-12.87801,21,960.701461
-5.620995,5,960.777516
-8.51921,8,960.777552
-6.241498,6,960.888197
-6.040902,8,961.017272
-6.385224,8,961.017307
-6.2384806,6,961.157849
-6.7660236,7,961.19976
-8.84502,12,961.243064
-6.4619923,7,961.394234
-7.521494,8,961.472642
-7.266813,10,961.508531
-6.8284016,7,961.682529
-6.4675655,8,961.682565
-9.991305,13,961.737629
-7.9508233,8,961.873049
-6.1575284,7,961.910479
-8.43767,10,961.946893
-6.2913346,6,962.103378
-7.3029876,8,962.103415
-7.3580003,11,962.19984
-5.444586,7,962.294999
-7.3387303,7,962.295035
-5.713936,5,962.350889
-6.919928,7,962.466188
-6.828247,9,962.540139
-7.6361322,7,962.540181
-6.3825264,7,962.695194
-8.762056,12,962.809227
-14.10824,15,962.846346
-4.9254913,6,962.961557
-5.40561,6,963.006699
-11.384847,13,963.043607
-6.1922455,7,963.176356
-5.3503146,5,963.176392
-7.301467,7,963.21299
-21.457005,163,963.288737
-7.59222,7,963.392563
-6.7721086,7,963.392598
-6.3981123,9,963.487982
-6.3480387,6,963.488021
-7.4548492,7,963.584581
-5.1878195,5,963.622782
-8.741098,10,963.67955
-7.54034,9,963.735184
-6.045806,6,963.772543
-6.150424,8,963.84903
-7.1334014,8,963.919146
-6.822201,7,963.979286
-8.5878,10,964.038016
-6.510026,8,964.097281
-6.3808136,6,964.156232
-4.3437195,4,964.252197
-8.545357,13,964.28978
-5.4527802,6,964.430546
-8.04465,10,964.523068
-11.192722,20,964.628142
-6.195654,9,964.688426
-7.0162997,10,964.793223
60.463707,29,964.846303
-6.144426,7,964.905995
-8.573197,12,964.987646
-6.3760395,7,965.029214
-7.822185,8,965.087151
-8.026672,7,965.125407
-6.9527607,7,965.217281
-6.052476,7,965.255262
-7.890445,7,965.329835
-5.496199,6,965.329868
-6.9629474,8,965.505497
-4.588011,9,965.542802
-8.437584,13,965.580526
-7.1278715,7,965.697106
-7.4454784,7,965.734759
-9.388563,19,965.789576
-6.715322,7,965.78961
-5.957489,6,965.905636
-5.569268,9,965.962637
-5.5730906,8,966.000628
-8.900209,11,966.078705
-7.1392336,9,966.199128
-9.935254,12,966.236326
-5.971216,7,966.275292
-6.2653527,11,966.3191
-6.4183874,6,966.394014
-6.540748,6,966.430948
-5.9498167,7,966.48741
-6.140185,8,966.544784
-7.377767,8,966.620497
-6.314719,8,966.714549
-9.615094,10,966.714584
-6.794837,7,966.831446
-9.239616,10,966.831484
-8.234435,9,966.949737
-6.825412,7,967.006528
-8.38768,10,967.083791
-8.139547,15,967.121492
-5.3878136,7,967.158355
-7.0937257,7,967.292268
-7.42795,8,967.349251
-8.285492,16,967.426432
-11.663541,14,967.465259
-9.086562,9,967.542063
-6.434291,8,967.636979
-6.853178,8,967.732296
-5.023857,16,967.769436
-6.0541058,9,967.868309
-6.363823,7,967.937723
-8.025283,7,967.975918
7.974061,22,968.05628
-6.2943487,7,968.096476
-5.0464168,5,968.136662
-6.126744,7,968.176
-5.054141,8,968.330523
-9.296974,9,968.330559
-6.3307505,8,968.368763
-5.5128393,8,968.406466
-7.2256007,7,968.56119
-8.027111,10,968.618883
-7.8014874,11,968.655372
-7.648486,12,968.736028
-5.220279,5,968.814876
-6.732202,8,968.814912
-5.3608456,8,968.952223
-5.6878576,7,969.008814
-8.842846,13,969.00885
-4.274375,4,969.087831
-8.628244,11,969.126548
-6.639634,6,969.244545
-9.817776,11,969.300377
-7.0651293,8,969.337394
-6.980094,14,969.3948
-7.0105634,8,969.473744
-6.5603647,7,969.512013
-7.5167036,7,969.54985
-6.6172304,9,969.646381
-6.8574276,7,969.683656
-7.2639813,8,969.739377
-6.7367554,8,969.777068
-4.754104,6,969.834289
-6.2234974,8,969.910529
-8.487873,8,969.967647
-7.481262,8,970.004931
-6.2714834,9,970.081817
-5.3405113,5,970.136877
-7.709032,7,970.136911
-6.6641035,11,970.289192
-8.120619,9,970.325251
-9.076202,10,970.382194
-4.7148914,6,970.482769
-5.70889,5,970.520883
-11.019028,18,970.594907
-7.6731462,13,970.650487
-6.8949933,7,970.687255
-5.475315,7,970.724514
-7.191762,8,970.819097
-8.563992,8,970.875768
-5.874917,8,970.912233
-7.374426,9,970.969047
-7.941103,10,971.10932
-6.6845093,7,971.109362
-10.12822,10,971.186748
-6.4097977,7,971.186786
-7.672692,8,971.325542
-6.5813446,7,971.362743
-7.8661203,11,971.438141
-8.12924,9,971.438182
-6.5429816,8,971.55067
-6.301104,6,971.604699
-6.344472,8,971.604729
-5.898763,8,971.659324
-6.2706585,6,971.754668
-5.353359,5,971.792027
-6.4696198,8,971.847095
-6.1525927,9,971.847125
-7.3027935,7,971.958593
-6.1570425,7,972.014906
-7.029,10,972.071394
-7.104419,10,972.108582
-5.6488504,7,972.186129
-5.6786795,5,972.186167
-6.271474,6,972.321895
-7.8529205,8,972.359622
-8.636854,9,972.48848
-5.369878,7,972.554981
-7.5519915,12,972.595232
-5.752353,5,972.653101
-6.977078,11,972.711194
-2.4041371,7,972.829448
-8.83283,13,972.918338
-11.50076,14,972.983113
-6.566691,11,973.171198
-7.76892,8,973.171237
-6.5457788,10,973.300231
-13.190667,21,973.344661
-7.5497737,9,973.468851
-6.756072,6,973.538752
-7.577945,9,973.611408
-5.497164,6,973.692378
-4.6550283,4,973.784746
-6.4828796,6,973.784782
-6.1833963,8,973.946937
-6.5974784,7,974.015564
-5.8927736,7,974.015598
-5.7953687,5,974.186613
-5.338276,7,974.296222
-7.3164573,11,974.435452
-5.6368084,6,974.54587
66.253136,42,974.665722
-5.7422447,8,974.702949
-2.5126042,18,974.778022
-8.352978,10,974.815603
-6.2882366,6,974.85371
-8.859676,10,974.97032
-6.485485,9,975.027742
-5.5335016,9,975.063977
-3.776199,10,975.120713
-6.8811665,6,975.166473
-6.503413,10,975.308444
-6.4734945,7,975.345991
-8.481744,9,975.382946
-7.3704147,7,975.50061
-6.9954557,7,975.537255
-8.113082,8,975.608289
-12.374387,22,975.704304
-5.581256,5,975.704342
-8.561721,9,975.781751
-5.488757,6,975.856572
-6.517624,7,975.954931
-10.183583,12,976.02373
-4.92485,4,976.095417
-6.2879915,9,976.132749
-5.7515354,7,976.230299
-5.1313457,5,976.267938
-5.3212233,7,976.305398
-8.418514,25,976.34253
-6.171087,6,976.441987
-7.209942,8,976.489321
-5.434628,7,976.530001
-5.682418,6,976.630098
-7.053853,11,976.668234
-6.0351954,8,976.726217
-7.234377,8,976.764368
-8.036545,8,976.862344
-7.702984,10,976.945907
-8.211098,9,976.98492
-8.010199,13,977.103575
-7.266409,8,977.18136
-5.3141,7,977.181399
-5.209487,5,977.259802
-5.605631,6,977.354129
-5.7180696,6,977.354192
-6.384366,9,977.506325
-5.872349,6,977.50636
-5.51803,7,977.685893
-8.533198,14,977.722789
-9.408929,12,977.814534
-4.175942,36,977.85054
-7.1847477,8,977.905523
-7.756887,8,977.941895
-6.629926,6,978.000618
-7.187505,7,978.08521
-5.0109086,5,978.085246
-6.985633,7,978.163744
-5.70545,5,978.221974
-6.315089,6,978.259758
-8.327151,9,978.296594
-5.2475514,5,978.372977
-7.562645,9,978.432223
-6.6445494,6,978.471004
-7.6438584,8,978.509889
-6.3275785,7,978.588126
-6.367061,6,978.663516
-5.919778,7,978.663548
-7.169002,7,978.721643
-5.84142,6,978.836229
-7.703036,8,978.836262
-9.838397,10,978.931703
-4.8073506,6,978.988661
-9.408826,11,979.026827
-6.768794,8,979.06471
-5.1875,5,979.101809
-6.3762026,6,979.178978
-7.027685,7,979.258792
-7.5969477,9,979.297276
-7.2189903,8,979.341403
-8.460168,8,979.44112
-5.658347,7,979.501467
-5.736906,6,979.557265
-6.6998506,7,979.557296
-6.396208,6,979.636208
-7.3283067,7,979.734261
-6.6154413,6,979.734296
-7.4184837,8,979.7914
-6.3603907,6,979.830709
-6.0137267,7,979.944228
-5.7867813,5,979.982939
-8.384066,9,980.023154
-5.8266993,7,980.162402
-6.598243,7,980.218154
-5.0789843,6,980.218188
-9.278647,15,980.274933
-5.7663336,6,980.373752
-7.704234,7,980.429761
-6.4013376,8,980.429796
-6.1277776,9,980.531191
-7.5777464,9,980.628173
-6.8624864,9,980.684849
-8.544311,9,980.68488
-6.028326,6,980.721097
-6.9507427,8,980.85266
-1.0191476,9,980.907114
-5.273904,10,980.963651
-6.479154,6,981.063046
-6.351418,7,981.139228
-5.725812,5,981.253381
-11.701857,18,981.308419
-5.8481836,6,981.404487
-5.5231104,6,981.462409
-15.234687,20,981.566679
-7.124557,7,981.603247
-6.962808,7,981.735524
-6.302287,10,981.828589
6.9035673,20,981.942289
-10.3043375,13,982.037682
-5.657039,10,982.075062
-6.334791,7,982.131281
-8.807594,9,982.282123
-8.104343,8,982.282166
-10.609105,10,982.37522
-4.8516955,6,982.449263
-5.5192347,7,982.490012
-6.988577,8,982.611964
-11.668016,13,982.801541
-12.213776,14,982.801578
-6.4565325,8,982.981607
-6.780513,12,983.091773
-9.624175,20,983.091811
-6.223535,11,983.248105
-6.881425,9,983.309458
-6.431237,6,983.405933
-10.825637,14,983.451433
-6.978291,8,983.528615
-5.6129565,5,983.58529
-7.8516927,9,983.660756
-5.82955,8,983.737782
-6.842383,7,983.775228
-6.2487035,6,983.908851
-4.9677877,5,983.908886
-5.7961397,5,984.023603
-6.7891846,7,984.097404
-10.804596,16,984.097442
-4.939007,5,984.177238
-5.549737,6,984.342851
-5.909099,9,984.342885
-8.419418,9,984.342891
-40.619293,147,984.436562
-6.803435,6,984.493659
-7.7194095,7,984.530972
-8.220093,9,984.589541
-5.240725,5,984.699475
-5.711351,8,984.699509
-6.247443,6,984.699514
-5.7364807,5,984.81265
-6.9898357,10,984.867667
-7.1847477,10,984.942344
-6.1322165,6,985.017788
-8.754697,9,985.0548
-5.7276783,5,985.09127
-9.355894,18,985.166734
-6.270322,7,985.226533
-6.1573834,7,985.302565
-4.948083,5,985.344461
-8.035858,13,985.468825
-6.677447,6,985.524499
-7.6221294,9,985.580817
-6.9256144,7,985.657306
-6.599946,6,985.694227
-6.2645903,7,985.769992
-8.325726,19,985.807221
-5.7532597,5,985.919115
-8.518159,9,985.919151
-9.14762,10,985.974988
-5.015012,7,986.090137
-11.972024,13,986.183284
-9.339684,9,986.18332
-7.3440657,7,986.183326
-7.1011977,8,986.316093
-7.14367,7,986.352923
-7.6170483,8,986.38931
-7.7548213,9,986.425852
-5.36744,5,986.502239
-7.128246,7,986.57774
-6.2833033,8,986.640057
-8.873169,13,986.697356
-6.493231,6,986.757896
-8.872549,10,986.79899
-5.921441,6,986.883512
-3.148728,10,986.956656
-5.6404696,6,986.956686
-5.353817,7,987.092157
-5.198584,5,987.092196
-9.61653,11,987.147872
-5.5959687,6,987.147907
-6.116165,7,987.316518
-7.673984,8,987.371024
-6.9085026,7,987.371053
-8.102102,8,987.410606
-6.4531364,6,987.532275
-5.0700874,7,987.570598
-6.3138533,7,987.6087
-8.2823925,12,987.688684
-6.266177,10,987.860522
-5.50943,5,987.860563
-7.747179,9,987.860569
-8.540647,8,987.860573
-6.3602962,6,987.998363
-8.285774,9,988.078499
-10.211777,11,988.136855
-8.338649,12,988.174636
-7.5114727,10,988.271824
-5.567416,5,988.309755
-7.9063563,9,988.346599
-6.2286735,8,988.382372
-6.1532702,6,988.479622
-6.039093,7,988.556358
-9.045675,9,988.594491
-6.989972,7,988.674027
-6.0218906,7,988.750705
-7.1727057,8,988.813023
-5.002743,5,988.890171
-5.389889,5,989.00951
-11.403856,14,989.065167
-7.4923525,9,989.0652
-6.1233463,6,989.201121
-8.117614,8,989.258923
-6.7398424,7,989.374748
-8.229584,9,989.476841
-6.670966,7,989.569589
-8.50841,12,989.849895
-7.555665,13,990.004539
-5.528713,5,990.15078
-10.020644,12,990.240463
-6.5920224,6,990.32906
50.389458,49,990.461204
-7.4080863,8,990.500251
-8.119223,9,990.614797
-4.852627,5,990.669661
-7.397137,7,990.716652
-6.409856,9,990.873736
-8.04708,9,990.91236
-9.863977,10,990.980689
-6.1197195,9,991.146568
-6.903312,7,991.202384
-6.989009,9,991.202417
-5.557191,6,991.355654
-6.1234365,6,991.355691
-7.661877,8,991.3927
-7.2824206,9,991.564222
-9.260879,10,991.600565
-6.0577173,7,991.735708
-14.031015,16,991.772318
-8.28666,10,991.846201
-5.9761667,8,991.960269
-9.027137,11,992.018289
-7.759408,8,992.055341
-79.1668,137,992.137467
-5.8496265,7,992.1749
-5.6309347,7,992.267979
-7.3080497,8,992.268016
-6.5284643,6,992.324072
-5.931917,8,992.400367
-6.052229,6,992.437848
-6.5331225,6,992.498506
-5.781698,9,992.542907
-5.847682,6,992.604995
-6.890628,8,992.684514
-6.19449,8,992.743476
-6.0627055,8,992.781356
-5.8384132,5,992.855515
-7.9173436,8,992.855551
-8.2089405,10,993.010004
-5.607686,9,993.068463
-8.162473,11,993.14361
-11.443611,13,993.143646
-6.788309,9,993.288454
-6.194932,8,993.3519
-7.9925137,8,993.449344
-7.0897784,8,993.449381
-6.3883486,6,993.564026
-6.6237235,7,993.625669
-6.789137,6,993.70381
-6.447669,6,993.70385
-6.475899,6,993.839565
-7.2501316,8,993.918304
-7.7268996,9,993.918341
-5.8686323,7,994.076426
-8.796609,11,994.134545
-9.691912,11,994.193531
-6.815288,8,994.297142
-6.9805365,7,994.353331
-1.5282159,27,994.353365
-8.450136,9,994.451723
-6.5648828,7,994.527351
-5.888546,8,994.624898
-6.6080055,8,994.624935
-8.099055,7,994.712158
-5.8866415,5,994.775435
-8.611292,8,994.830767
-5.8887773,6,994.830802
-6.2650237,6,994.91221
-5.5376887,6,995.002085
-7.332098,8,995.061812
-10.3936,10,995.111194
-5.6846952,5,995.176836
-5.6722574,6,995.274266
-8.370566,8,995.313075
-5.933174,6,995.350729
-8.998064,15,995.387376
-6.4023304,6,995.463402
-5.5579414,7,995.557317
-5.9483128,5,995.611924
-6.2684727,10,995.611956
-10.336616,11,995.667079
-5.800604,6,995.766498
-9.047343,12,995.909179
-8.466617,9,995.909214
-7.3078423,12,995.94661
-7.8824997,8,996.004374
-7.043774,7,996.100802
-6.817951,9,996.178106
-6.572826,6,996.178141
-6.4251604,9,996.2163
-6.0785675,7,996.318552
-6.001214,6,996.377685
-7.518426,9,996.455589
-7.781438,11,996.526353
-7.072903,7,996.564801
-5.273694,6,996.65184
-7.7066417,11,996.729059
-4.992944,5,996.804436
-7.328208,8,996.804471
-7.2528653,10,996.841655
-6.269931,6,996.916366
-6.4342847,7,996.990831
-6.3313093,6,997.084657
-9.390062,10,997.084691
-6.455107,7,997.180675
-8.907721,15,997.236354
-6.7719316,7,997.275699
-6.9867296,10,997.362543
-7.12571,9,997.443597
-7.220188,9,997.520601
-7.840896,11,997.557972
-6.3108206,9,997.615369
-6.2270713,7,997.713739
-7.2273946,11,997.77254
-7.077314,7,997.772576
-6.398404,6,997.916999
-6.9383407,8,997.973489
-7.466785,7,997.973524
-7.8173256,16,998.068854
-7.729945,8,998.145646
-7.4121876,9,998.202534
-8.013544,11,998.36026
-12.6586075,15,998.360295
-9.797993,9,998.398253
-9.278192,9,998.456241
-5.267604,5,998.512691
-5.7762523,8,998.589046
-6.846344,7,998.645777
-8.32168,11,998.702807
-7.255779,7,998.781291
-8.363455,11,998.835809
-5.4284124,6,998.835844
-7.6757927,7,998.913129
-5.71981,7,999.00757
-7.5988154,8,999.044258
-5.810651,5,999.138914
-11.760853,16,999.213239
-7.55606,14,999.269379
-8.887526,10,999.305759
-7.512602,7,999.342735
-6.7537646,7,999.422065
-4.946892,5,999.496725
-6.942484,7,999.536005
-7.5000935,10,999.608921
-6.3819914,7,999.672182
-5.3851786,7,999.730143
-5.5894485,5,999.767393
-6.5264406,6,999.843555
-9.5891285,11,999.879604
-6.3307505,6,999.915452
-6.3672085,6,1000.029942
-5.5689,9,1000.029979
-6.3209467,6,1000.086503
-6.6003103,9,1000.143269
-5.3452516,5,1000.224099
-7.9676557,8,1000.267363
-7.185572,11,1000.387858
-6.7561617,9,1000.480571
-5.7098103,5,1000.480605
-6.398253,6,1000.480612
-5.9348245,7,1000.655913
-6.729624,9,1000.655946
-6.127599,9,1000.719997
-6.8744173,6,1000.853107
-8.424858,9,1000.958946
-6.9542866,8,1000.998072
-6.2456856,7,1001.089279
-6.092601,8,1001.225742
-7.2176895,9,1001.225777
-5.3661985,5,1001.343174
-6.734169,6,1001.380788
-11.150402,13,1001.43736
-6.815802,8,1001.612174
-11.988415,12,1001.649128
-11.233628,12,1001.685172
-7.42756,7,1001.808057
-6.089325,6,1001.845679
-7.128531,9,1001.901052
-5.527023,6,1001.977781
-5.191856,8,1002.054673
-7.8891754,9,1002.131391
-6.7346725,9,1002.210332
-7.6604376,7,1002.248915
-5.724251,8,1002.346955
-6.9060435,6,1002.385205
-5.740821,8,1002.464196
-6.392518,7,1002.540907
-6.911275,7,1002.579574
-5.541218,6,1002.637335
-5.0950236,5,1002.695515
-8.483927,10,1002.83122
-5.457342,7,1002.887068
-7.761804,9,1002.8871
-5.455209,6,1003.002641
-6.299104,6,1003.038297
-6.4618397,7,1003.074591
-6.857747,8,1003.227134
-41.463562,102,1003.269366
-7.0835567,12,1003.346537
-5.996068,10,1003.346568
-8.362507,9,1003.484253
-8.029447,9,1003.561525
29.819447,13,1003.622659
30.029327,12,1003.664023
-6.8960605,11,1003.785936
-6.7097473,9,1003.862168
-6.3232975,7,1003.8622
-6.209817,7,1003.899179
-5.205472,6,1004.017448
-6.515339,8,1004.05492
-6.1792526,9,1004.125729
-5.4985237,5,1004.19927
-6.9758835,6,1004.256307
-8.117564,13,1004.2932
-7.1681523,7,1004.470374
-6.796092,7,1004.511799
-6.6806297,8,1004.663525
-6.551428,9,1004.73811
-11.579696,28,1004.924199
37.994545,27,1004.961953
-8.147493,10,1005.028547
-5.771429,5,1005.155655
-9.282421,19,1005.229249
-7.892186,9,1005.229284
-8.081829,11,1005.266789
-6.6737456,6,1005.38493
-8.32881,8,1005.446553
-8.513681,9,1005.503593
-5.402597,5,1005.540782
-6.7295833,6,1005.677181
-5.9511456,5,1005.677217
-8.281563,12,1005.769805
-6.510225,9,1005.88016
-7.642432,14,1006.074255
-7.8388,10,1006.11283
-6.525588,8,1006.284701
-6.2543783,7,1006.284738
-6.7833977,8,1006.454995
-7.9580793,11,1006.530684
-5.5821857,8,1006.643846
-5.541708,6,1006.680923
-6.1084223,8,1006.85264
-6.306895,7,1006.852678
-6.438491,7,1008.551881
-7.368486,12,1008.66731
-6.205022,7,1008.723455
-6.0935783,5,1008.837385
-28.07076,71,1008.893799
-6.7560844,12,1008.968741
-4.9698205,6,1009.005106
-7.2783194,8,1009.101592
-6.4255495,7,1009.196828
-7.4322395,8,1009.196863
-6.9678617,8,1009.312542
-6.20159,6,1009.349957
-6.9127464,7,1009.385903
-5.3188696,5,1009.462976
-6.3256245,7,1009.540081
-5.4857893,5,1009.597907
-6.263414,6,1009.696177
-10.374074,13,1009.732923
-5.1461945,5,1009.850358
-6.6444564,11,1009.887107
-8.017311,9,1009.94167
-5.883022,6,1010.016487
-7.5256433,8,1010.151784
-7.8765655,10,1010.151821
-6.6582675,8,1010.227752
-6.4925594,6,1010.311162
-5.0228314,4,1010.365665
-5.1455526,7,1010.365697
-5.9055815,7,1010.496087
-7.3172383,8,1010.550602
3.7529764,9,1010.586423
-8.317556,9,1010.74075
-6.2487545,6,1010.740787
-8.9173155,10,1010.817172
-5.537858,5,1010.873742
-5.8603687,6,1010.966668
-8.87356,10,1011.002917
-161.84796,169,1011.039048
-5.8022876,7,1011.075209
-4.682863,5,1011.174144
-5.8587303,8,1011.231441
-5.272854,5,1011.231477
-9.031779,12,1011.354585
-6.2577424,7,1011.409466
-6.479481,6,1011.409498
-6.4334674,8,1011.467387
-6.483619,7,1011.583142
-5.8853197,6,1011.58318
-5.733036,5,1011.620378
-8.707351,10,1011.697645
-6.5584164,6,1011.758229
-6.082969,6,1011.813552
-7.265644,7,1011.813585
-4.2898617,4,1011.853365
-5.104496,5,1011.951787
-7.4653606,10,1012.067655
-5.9872494,8,1012.067694
-8.892568,10,1012.104897
-6.1708875,8,1012.185376
-6.8818164,6,1012.244573
-8.650356,8,1012.343369
-7.980541,9,1012.343403
-7.55252,8,1012.463125
-7.3984756,9,1012.581026
-8.063492,14,1012.581062
-9.952766,10,1012.720611
-7.408454,7,1012.758051
-13.192523,19,1012.852875
-7.400312,10,1012.85291
-7.391495,8,1012.948189
-6.575019,7,1013.026743
-7.6380324,15,1013.158258
-11.307988,12,1013.158291
-8.573312,10,1013.273784
-6.3419895,6,1013.332627
-9.743771,14,1013.332656
-5.3820972,8,1013.389591
-5.4797544,5,1013.468453
-5.51052,6,1013.505774
-6.4129868,6,1013.561984
-6.7811275,10,1013.599689
-5.2821946,5,1013.658208
-6.559065,7,1013.697127
-6.471739,6,1013.75263
-5.30587,6,1013.865387
-7.0137224,7,1013.865421
-6.0125165,5,1013.90265
-5.7652793,5,1014.016435
-7.882814,14,1014.01647
-8.125458,8,1014.130411
-7.064359,9,1014.130446
-6.4702744,6,1014.188875
-6.6402016,7,1014.225863
-6.947177,6,1014.301527
-5.852892,8,1014.377285
-5.6719937,6,1014.377317
-6.6651936,7,1014.434635
-5.3444405,6,1014.529454
-6.544097,6,1014.584137
-11.3932495,11,1014.620359
-10.857443,12,1014.698895
-7.873169,8,1014.755646
-5.1733007,6,1014.793464
-6.7560253,9,1014.849688
-6.2959476,6,1014.926191
-8.125646,9,1014.964913
-5.2296853,6,1015.05356
-6.387313,8,1015.053598
-6.0614223,6,1015.147644
-6.348249,8,1015.257084
-5.4896874,6,1015.25712
-9.510179,9,1015.376307
-7.5752606,8,1015.446958
-6.2463946,7,1015.509291
-5.1691265,5,1015.56386
-5.6934547,8,1015.56389
-5.6071606,6,1015.641432
-6.5138245,6,1015.709955
-5.0086036,6,1015.748381
-7.0922556,7,1015.789394
-6.3528805,6,1015.84827
-7.1885405,7,1015.924628
-6.490123,6,1015.974417
-7.022971,10,1016.052984
-6.9725504,7,1016.150955
-5.6828127,5,1016.189412
-6.0545673,10,1016.22859
-7.3330803,7,1016.352385
-5.5976467,7,1016.408821
-9.993475,22,1016.47546
-5.929683,6,1016.552109
-5.490032,5,1016.664918
-5.298126,5,1016.746504
-8.27437,9,1016.746537
-6.3849335,6,1016.868758
-6.5913897,6,1016.951561
-6.5162497,6,1016.951591
-7.3733807,7,1017.108642
-6.576522,7,1017.17937
-5.7086782,9,1017.246313
-5.899145,7,1017.365366
-6.6038384,6,1017.464758
-8.950902,9,1017.648563
-7.722065,8,1017.713945
27.475475,48,1017.786793
-6.3347197,6,1017.924186
-8.284742,8,1018.074037
-6.9863405,7,1018.168054
63.62107,30,1018.212939
-5.4869213,5,1018.384392
-6.814972,6,1018.384429
-6.9495673,10,1018.427203
-8.0581875,10,1018.670112
-7.770175,10,1018.670153
-8.335468,11,1018.741904
-5.9720383,6,1018.900828
-10.573614,11,1019.076734
-8.493111,9,1019.076776
-4.4922934,5,1019.222919
-8.278959,11,1019.266496
-7.3874125,8,1019.335965
-6.2944956,6,1019.420113
-6.539537,7,1019.493307
-6.774442,7,1019.552274
-6.068854,5,1019.635012
-8.208705,11,1019.752445
-6.809748,7,1019.752482
-6.612301,6,1019.811162
-6.544402,7,1019.995668
-7.8382277,9,1019.995708
-7.916711,10,1020.033684
-7.84994,8,1020.234143
-5.871375,9,1020.234186
-7.1625714,10,1020.274175
-5.7046366,6,1020.42181
-6.010935,8,1020.460674
5.3909016,5,1020.59319
2948.8816,98,1020.680439
-10.834693,18,1020.758537
-12.443647,15,1020.891577
-7.9777107,9,1020.891615
-4.9790983,7,1020.937049
-8.0600395,9,1021.073177
-4.940456,5,1021.073215
-6.146963,6,1021.132825
-7.5598297,9,1021.192137
-6.101144,7,1021.297907
-7.6528506,8,1021.431789
-8.705116,13,1021.481591
-6.7639894,7,1021.529268
-7.0258074,13,1021.567203
-4.6410284,5,1021.683115
-5.8822417,7,1021.683154
-6.34575,7,1021.720358
-5.9555035,7,1021.77824
-5.696678,5,1021.83678
-5.439275,5,1021.873818
-5.1497474,7,1021.987802
-7.8802834,10,1021.987841
3.9862342,6,1022.084886
-7.2785125,7,1022.084924
-5.158881,7,1022.223616
-5.8718023,7,1022.290878
-10.164392,10,1022.380186
-5.234376,6,1022.417885
-7.550244,8,1022.534015
-8.017151,17,1022.534052
-6.700569,6,1022.572621
-7.547332,9,1022.672084
-6.8445673,6,1022.745966
-4.985729,5,1022.745999
-6.4669924,6,1022.746005
-6.954606,7,1022.910265
-6.3314457,8,1022.967048
-6.061902,9,1022.967081
-7.022644,14,1023.142608
-6.251658,6,1023.142645
-5.647271,6,1023.142651
-5.7510977,6,1023.282634
-5.133971,7,1023.320975
-8.004747,10,1023.399459
-5.1532683,5,1023.438342
-5.563129,5,1023.534616
-8.637161,12,1023.634538
-8.651597,9,1023.674293
17.227045,28,1023.713539
-6.1601734,9,1023.793042
-6.2507396,6,1023.832357
-5.109118,6,1023.872654
-6.4737186,7,1023.930801
-5.7618847,6,1024.030608
-4.6787987,5,1024.072173
-8.838375,11,1024.133438
-5.826624,5,1024.190751
-6.4032736,8,1024.297333
-8.755812,9,1024.417008
-7.1354666,12,1024.454368
-6.913312,8,1024.514473
-5.962086,6,1024.591394
-5.2299905,5,1024.648803
-8.792708,11,1024.744399
-5.6150436,8,1024.804844
-8.460848,10,1024.943669
-5.942728,6,1025.011788
-6.985839,10,1025.106117
-0.6613667,46,1025.219542
-5.5041714,5,1025.302842
-7.9787955,8,1025.344801
-6.2433243,6,1025.443093
-5.7554836,5,1025.533514
4.0130553,16,1025.578939
-6.2049932,10,1025.678193
-6.2496886,6,1025.794793
-7.2085314,8,1025.848171
-6.967231,10,1025.848202
-6.215288,6,1025.90419
-6.4183407,7,1025.999782
-6.20057,7,1026.057205
-7.7090826,7,1026.057241
-6.5211525,6,1026.100732
-5.5253153,6,1026.199297
-6.5481043,7,1026.279775
-8.760625,9,1026.334923
-7.291642,7,1026.483503
-6.8046455,9,1026.483538
-5.3752427,5,1026.483544
-5.845723,5,1026.598403
-6.268265,6,1026.63583
-9.597411,21,1026.709044
-8.304045,8,1026.709076
-6.258216,6,1026.786292
-6.5063725,7,1026.893497
-7.720908,11,1026.968905
-6.163024,6,1026.968939
-8.336315,12,1027.0464
-5.9253154,6,1027.17574
-6.4364305,8,1027.175776
-5.139888,5,1027.26429
-7.7010427,8,1027.264326
-5.848334,7,1027.413877
-6.5886445,6,1027.452283
-7.8036766,9,1027.497191
-7.0591927,9,1027.572261
-5.955943,6,1027.629186
-6.5231905,7,1027.708635
-6.356473,9,1027.763564
-6.1187954,6,1027.763595
-5.096268,6,1027.820035
-7.013591,7,1027.935637
-5.4120154,6,1027.973577
-8.194862,12,1028.091013
-5.437347,5,1028.091055
-7.4220767,8,1028.193201
-5.0903263,5,1028.230794
12.492262,20,1028.288036
-7.764657,9,1028.344444
-7.6117244,7,1028.401163
-6.2413335,7,1028.55643
-7.624893,11,1028.556464
-5.9774694,5,1028.556471
-10.632509,10,1028.593049
-5.1617446,5,1028.69084
-5.4921665,6,1028.735305
-9.244041,10,1028.873796
-9.118998,9,1028.87383
-6.8539963,7,1028.957268
-5.499603,8,1029.032023
-6.031229,6,1029.10148
-6.604599,6,1029.232133
-6.375889,11,1029.270348
-6.193324,7,1029.344224
-5.2130494,6,1029.431732
-8.946323,15,1029.480361
-7.1759787,7,1029.577746
-9.089262,10,1029.622315
-5.584446,7,1029.723965
-7.691901,9,1029.770486
-5.189375,6,1029.828675
-6.122372,6,1029.870399
-6.560524,7,1030.074406
-12.0729,12,1030.228711
-6.9231176,10,1030.228747
-5.569998,5,1030.27699
-5.8887663,7,1030.50245
-7.541295,9,1030.551632
-9.522336,11,1030.619392
-6.4888315,6,1030.823859
-6.8040075,8,1030.823894
-8.360979,9,1030.8239
-6.2023983,6,1030.975185
-6.31267,9,1031.051932
-5.289072,5,1031.1375
-7.2115846,11,1031.137536
-5.151144,5,1031.225409
-5.966511,6,1031.377835
-8.540037,9,1031.377868
-10.148142,10,1031.413841
-6.150133,8,1031.571686
-8.103074,8,1031.608592
-6.379692,7,1031.77676
92.698395,67,1031.81579
-8.845218,10,1031.859511
-5.864176,5,1031.957711
-5.83951,6,1032.075428
-6.6921144,7,1032.075463
-6.281065,7,1032.197215
-8.39817,8,1032.301499
-7.2211976,9,1032.339262
-7.03426,7,1032.413782
-6.164383,8,1032.577192
-6.4878845,8,1032.633216
-5.0803967,6,1032.633249
-7.498349,7,1032.790569
-8.955988,10,1032.866444
-7.262109,7,1032.965025
-5.3279543,5,1033.002806
-3.7570684,20,1033.101728
-5.10318,5,1033.161387
-5.529829,6,1033.16142
-5.220219,7,1033.295835
-8.775423,9,1033.391725
-8.256263,9,1033.391757
-7.2849474,7,1033.492053
-6.272853,10,1033.630311
-13.668125,18,1033.799601
-8.968063,9,1033.837
-11.006286,17,1033.892607
-4.9491367,4,1033.929497
-7.69917,7,1034.025454
-6.8515625,7,1034.101831
-6.7687693,6,1034.101867
-6.245336,6,1034.239694
-7.7585974,7,1034.27751
-10.083848,12,1034.353327
-140.38733,111,1034.429379
-6.3319807,7,1034.467142
-5.0387573,5,1034.504611
-6.1536703,10,1034.5414
-5.9821644,6,1034.659772
-6.0731473,9,1034.698077
-3.7739503,9,1034.735854
-6.056361,10,1034.812977
-6.0217085,6,1034.888416
-5.5350256,5,1034.888449
0.21826243,10,1034.965929
-5.567378,7,1035.030106
-5.3200808,6,1035.069856
-5.8068223,6,1035.146993
-7.9328365,10,1035.184665
-7.4732995,8,1035.288044
-8.287971,12,1035.392199
-6.7507167,8,1035.433889
-8.6956215,10,1035.50641
-6.765164,7,1035.580114
-6.544684,6,1035.652186
-5.3126245,5,1035.727224
-7.143471,9,1035.766191
-5.5517707,6,1035.824879
-7.870413,11,1035.862867
-6.851938,6,1035.920375
-5.4512196,6,1035.967439
-6.6960044,6,1036.036957
-5.4406176,5,1036.094339
-7.5790653,7,1036.209757
-7.3623214,7,1036.265875
-6.5265245,12,1036.30216
-6.7150574,6,1036.43452
-6.433095,8,1036.434559
-6.6970925,6,1036.474789
-5.378463,5,1036.587693
-5.019332,7,1036.648723
-11.658399,29,1036.707784
-7.3074846,9,1036.74642
-5.4495573,6,1036.843066
-6.3574753,8,1036.843107
-6.4688263,6,1036.901652
-6.795616,7,1037.028267
-4.9988756,6,1037.070737
23.435503,12,1037.192835
-8.022618,15,1037.192874
-6.817146,7,1037.266984
-5.6853085,6,1037.267021
-5.574398,6,1037.361019
-4.9584866,5,1037.398064
-8.426035,9,1037.454131
-6.703311,10,1037.531202
-6.493783,7,1037.587708
-6.761881,12,1037.683249
-5.536036,5,1037.738707
-6.259934,10,1037.738739
-8.269798,10,1037.814178
-6.771983,6,1037.88998
-5.9569874,7,1037.929492
-6.760522,10,1037.987227
-7.7874255,8,1038.069093
-4.6955786,5,1038.069124
-6.5901957,6,1038.126662
-5.123833,5,1038.217134
-8.439714,8,1038.294305
-10.042919,11,1038.332754
-6.768976,8,1038.370867
-7.285553,9,1038.478311
-7.0842924,7,1038.519666
-5.6123323,8,1038.608461
-5.1370964,7,1038.608493
-7.4898973,7,1038.741507
-7.566822,9,1038.778997
12.383123,9,1038.854054
-9.188305,10,1038.891116
-4.9311814,5,1038.927422
-5.6729383,5,1039.00281
-5.350844,5,1039.039353
0.6825452,11,1039.075914
-8.042594,8,1039.168206
-5.4375777,5,1039.168238
-7.8599157,7,1039.262899
-5.361989,6,1039.262934
-5.572574,5,1039.321497
-7.485741,8,1039.422652
-5.7729397,5,1039.422685
-4.433907,5,1039.480263
-6.953087,8,1039.516837
-6.030526,5,1039.573207
-6.7912254,7,1039.647573
-5.454287,5,1039.647608
-8.87685,10,1039.786967
-7.414061,10,1039.870238
-6.361796,8,1039.870271
-5.7239943,5,1039.945076
-6.0248203,6,1040.020669
-4.9225216,7,1040.057864
-7.140768,8,1040.15383
-6.765669,6,1040.192
-6.1141143,6,1040.307461
-7.2365437,8,1040.386948
-6.8235035,9,1040.536747
-6.212332,6,1040.536782
-6.725089,8,1040.741819
13.185604,27,1040.741855
-6.9073796,8,1040.741862
-6.611639,7,1040.891132
-8.225729,11,1040.98533
-9.710738,12,1041.039767
-4.5884056,5,1041.039798
-5.6972966,5,1041.134283
-6.9031153,7,1041.228854
-6.1695366,7,1041.228889
-7.225074,8,1041.435844
-7.6073666,8,1041.435879
-9.310954,11,1041.435886
-5.9893737,6,1041.568975
-7.483675,7,1041.607697
-5.233511,7,1041.764007
-8.899148,14,1041.80241
-7.4894314,10,1041.893999
-5.6242223,8,1042.011344
-6.2871227,6,1042.073836
-6.782464,12,1042.167837
-6.323717,7,1042.228063
-7.175739,7,1042.289638
-7.3956265,8,1042.386415
-7.5606117,8,1042.486193
-5.774229,5,1042.52446
-9.212541,14,1042.602342
-7.1619277,7,1042.679223
-7.705948,8,1042.811921
-5.9757757,11,1042.811956
-4.581195,6,1042.853879
-5.5969496,6,1042.974182
-6.5637856,8,1043.052028
-7.964762,10,1043.090067
-5.2682867,6,1043.148419
-5.6907573,6,1043.228486
-5.5322733,6,1043.266144
-6.874069,6,1043.322675
-6.360278,6,1043.399038
-5.593261,8,1043.475515
-18.727352,145,1043.531999
-6.5205154,10,1043.588701
-7.034043,8,1043.626921
-6.624028,7,1043.687685
-5.584091,6,1043.726738
-7.466468,7,1043.805638
-5.8086433,7,1043.842739
-6.181308,7,1043.902381
-7.369667,7,1043.941268
-5.91187,6,1043.998345
-5.674327,6,1044.035064
-5.9460716,6,1044.110052
-8.275042,7,1044.203285
-6.14155,10,1044.203318
-6.605032,12,1044.338338
-7.6770554,7,1044.409913
-6.3745575,7,1044.409945
-7.8404455,10,1044.40995
-6.0635166,6,1044.521707
-7.0027084,8,1044.614024
-6.819367,8,1044.614056
-7.172309,7,1044.708449
-7.4128575,13,1044.745215
-5.726136,6,1044.782493
-9.788311,9,1044.877558
-5.563742,5,1044.877592
-5.1897917,5,1044.933983
-7.090847,9,1045.011207
-6.8886247,7,1045.068061
-6.397547,7,1045.12467
-9.050766,11,1045.181015
-6.9674487,7,1045.218447
-7.503878,7,1045.274624
-4.7921405,6,1045.351255
-8.483164,9,1045.388603
-6.0613403,6,1045.446257
-7.56426,10,1045.524965
-4.570421,4,1045.524998
-5.6404305,7,1045.581151
-7.554164,8,1045.676387
-5.728567,9,1045.75273
-8.537105,10,1045.828951
-7.863803,13,1045.865484
-6.562332,8,1045.902105
-4.8638945,6,1046.02054
-7.169143,8,1046.077365
-9.199545,11,1046.077395
-7.5752425,8,1046.138139
-6.0865993,5,1046.216641
-6.0001664,6,1046.254552
8.259626,9,1046.311796
-6.193568,7,1046.350582
-8.417404,9,1046.508721
-8.15171,10,1046.508757
-7.142724,7,1046.546256
-6.3817444,7,1046.686439
-7.115454,7,1046.743182
-7.5800176,8,1046.743212
24.12643,16,1046.780108
-7.1125607,7,1046.914706
-8.21476,8,1046.951312
-7.337339,10,1047.026489
-6.1560755,6,1047.105424
-5.7729273,5,1047.105472
-6.7526855,7,1047.266536
-6.302821,8,1047.30369
-8.026085,13,1047.380657
-4.565145,5,1047.417226
-1.4517694,29,1047.516712
-6.7050395,7,1047.516748
-6.1252613,8,1047.631566
-6.8148623,7,1047.631599
-4.8748803,7,1047.710469
-9.776958,11,1047.808033
-7.9296637,8,1047.845765
-8.912351,11,1048.00284
-9.478516,14,1048.002876
-6.766854,9,1048.061407
-7.7941747,12,1048.181119
-6.07368,6,1048.181159
-7.594817,8,1048.24124
-6.8268294,8,1048.300917
-6.3066273,7,1048.376868
-8.071501,8,1048.414644
-5.5501795,7,1048.492331
-2.6363852,11,1048.55044
-5.750329,6,1048.605375
-7.3308706,7,1048.605411
-6.0977654,7,1048.839131
-6.267744,6,1048.839177
-6.0286655,9,1048.839184
-7.0375934,8,1048.896864
-5.884834,6,1048.99739
-6.6208897,7,1049.035362
-6.32583,7,1049.093322
-6.6659436,8,1049.229569
-6.3520136,7,1049.229606
-5.1931067,5,1049.347191
-5.5182757,6,1049.38555
-5.971122,6,1049.501152
-9.564203,10,1049.639624
-5.0268254,5,1049.639663
-5.273385,5,1049.757949
-6.5462475,7,1049.816184
-7.3158545,7,1049.94324
-5.722765,6,1050.085247
-6.1043024,6,1050.227973
-5.3637767,7,1050.390663
-6.508456,7,1050.550486
-6.6846113,6,1050.695287
6.434901,42,1050.820827
-7.475863,7,1050.884591
-7.2649393,7,1051.106137
-8.307154,9,1051.106178
-6.606155,6,1051.31675
-5.954256,6,1051.316786
-4.904793,95,1051.361764
-6.142455,6,1051.494717
-7.959901,8,1051.555261
-7.623515,7,1051.736517
25.051083,13,1051.776466
-6.892617,7,1051.81697
-7.5289474,7,1051.966284
-8.963136,9,1052.072587
-10.638282,12,1052.269118
-7.5514793,12,1052.565792
-10.785729,13,1052.880771
-8.038186,9,1053.099888
-7.358998,8,1053.298212
-7.8023887,8,1053.498126
-6.4060097,10,1053.728836
-7.22223,7,1053.890811
4630.94,190,1054.030397
-6.2958274,9,1054.111794
-5.5813236,5,1054.173215
-6.249032,7,1054.319265
-6.643813,7,1054.377848
-7.8421936,97,1054.484303
-7.424851,7,1054.526283
-6.6634073,6,1054.682727
-10.701107,11,1054.736351
-7.1942606,7,1054.787651
-5.389528,5,1054.933362
-8.081011,8,1054.972821
-6.162817,8,1055.012867
-5.900087,6,1055.140306
-5.0278482,6,1055.179119
-9.136115,10,1055.239741
-5.94804,5,1055.301423
-8.321936,8,1055.428654
-6.388627,7,1055.506751
-8.132868,11,1055.564772
-5.991544,7,1055.684709
-6.151625,6,1055.722894
-9.562762,15,1055.821331
-7.052931,7,1055.880601
-5.909096,7,1055.919862
-6.247652,6,1056.005541
-6.3450546,7,1056.084254
-6.888837,7,1056.125007
-4.9362993,5,1056.167788
-7.113733,8,1056.385139
-6.802802,10,1056.428677
-10.371994,12,1056.560153
-7.515203,7,1056.692985
-7.774394,8,1056.69302
-5.6330943,5,1056.784271
-5.576816,5,1056.897163
-5.351339,6,1056.941145
-5.81631,6,1057.010827
-6.0930667,5,1057.110176
-5.708228,6,1057.199997
-10.253809,13,1057.361246
-6.4631658,7,1057.361282
-6.171968,6,1057.450212
-4.5636864,4,1057.516325
-6.72544,8,1057.63809
-6.5133686,8,1057.716772
-6.5303497,6,1057.716811
-6.1901994,6,1057.894259
-6.5559793,6,1057.894296
-8.568771,9,1057.935735
-5.1919155,5,1058.0802
-6.4892883,7,1058.199817
-10.218908,12,1058.30499
-8.065034,11,1058.438715
-7.8505654,8,1058.579298
-5.2411,5,1058.644196
-7.7908916,14,1058.697618
-6.311605,6,1058.817739
-6.6403856,8,1058.944691
-5.4221096,5,1058.994516
-8.68025,13,1059.120232
-6.857041,9,1059.262239
-5.919032,8,1059.262275
-7.892389,9,1059.413579
-6.29875,6,1059.47953
-6.2766194,8,1059.554511
-6.6685395,6,1059.620388
-5.355339,6,1059.706297
-7.116688,8,1059.984506
-6.051099,11,1060.024107
-10.956179,15,1060.085999
-4.984256,4,1060.237115
-6.6620474,8,1060.329294
-8.348431,12,1060.430642
-6.837077,6,1060.483131
-7.1442976,7,1060.607151
-8.306543,9,1060.790435
-8.079578,7,1060.861167
-7.503079,7,1060.983253
-7.079684,11,1061.162812
9434.546,304,1061.16285
-6.4289417,6,1061.162857
-5.3547783,6,1061.295667
-7.9029226,8,1061.350948
-7.0347753,7,1061.465578
36.348553,35,1061.502896
-7.0905075,8,1061.55855
-5.6617618,5,1061.614378
-5.999296,5,1061.689503
-8.840348,9,1061.745841
-6.4564,6,1061.782515
-5.372203,6,1061.857633
-5.8157263,7,1061.951167
-4.9128075,6,1062.025161
-6.166586,10,1062.025195
-7.3965244,7,1062.140794
-6.066029,6,1062.17859
-7.0188165,7,1062.215869
-6.1646566,5,1062.292003
-5.990943,7,1062.37087
-6.991003,7,1062.408245
-6.7352033,7,1062.495206
-5.464101,6,1062.572862
-7.719571,9,1062.750489
-7.372561,8,1062.787877
-10.383451,14,1062.827404
-6.5257845,7,1063.001438
-7.0008535,9,1063.001474
-8.603615,11,1063.077992
-6.596178,7,1063.205257
-6.826518,7,1063.205295
-5.61625,5,1063.338036
-8.094403,9,1063.33807
-6.986624,6,1063.374935
-5.2856836,5,1063.469888
-7.799573,8,1063.546386
-7.264974,9,1063.625901
-5.079536,5,1063.625934
-5.3548803,5,1063.74288
-5.4759836,7,1063.800725
-10.220148,11,1063.876386
-7.6524725,9,1064.006166
-9.748579,11,1064.114301
-5.18408,10,1064.164932
-7.0592012,8,1064.253972
-43.1641,116,1064.369191
-6.4760528,8,1064.411976
-5.5219517,6,1064.453803
-5.85082,6,1064.563261
-6.7793427,8,1064.704884
-9.895163,10,1064.748708
-7.4718704,8,1064.914117
-6.634104,7,1065.012707
-6.8053484,7,1065.052484
-6.325757,7,1065.233721
-7.8198824,10,1065.233758
-7.920206,7,1065.275736
-6.022704,5,1065.433872
14.1706085,39,1065.491715
-6.1901083,7,1065.491748
-6.9830356,8,1065.545371
-6.095701,6,1065.712274
-5.937516,5,1065.712311
-5.4014316,8,1065.814115
-5.404639,5,1065.897184
-6.555833,9,1065.897214
-6.1399226,6,1065.938289
-4.7611294,5,1066.012203
-6.494025,7,1066.155816
-9.103424,11,1066.30567
-5.7172384,5,1066.370135
-10.880381,11,1066.370171
-7.498316,14,1066.523775
-6.040585,6,1066.565644
-7.1210027,7,1066.606537
-6.586561,10,1066.678792
-7.5302563,9,1066.834758
-8.75502,9,1066.910337
-7.4545846,8,1066.910369
-6.825406,6,1066.910375
-5.6770678,5,1067.096932
-5.4246607,5,1067.096967
-6.5760736,6,1067.155242
-7.245263,7,1067.155277
-6.2162185,5,1067.279409
-7.198763,7,1067.37183
-6.422126,7,1067.41031
-7.5348997,9,1067.502652
-5.519943,5,1067.502688
-5.4609156,6,1067.605023
-5.1260715,4,1067.645292
-5.663634,5,1067.707667
-6.9521174,7,1067.707698
-5.7037926,5,1067.859545
-6.497938,7,1067.93594
-8.195114,9,1067.975083
-10.489392,11,1068.015373
-6.2814283,6,1068.078087
-6.984194,8,1068.231893
-6.6076956,7,1068.23193
-5.2069144,5,1068.231937
-6.3721895,6,1068.370077
-8.500711,9,1068.447029
45.50656,20,1068.503732
-9.932564,12,1068.539685
-6.4686213,9,1068.616249
-7.9855394,8,1068.67378
-6.303403,6,1068.709615
-5.7983007,9,1068.764431
-4.397287,4,1068.860295
-6.252337,7,1068.899002
-6.748983,9,1068.955628
-7.2428436,11,1068.95566
-5.7401094,6,1069.060261
-6.0662394,6,1069.097714
-5.259469,6,1069.134967
-4.516864,10,1069.234435
-5.8766136,6,1069.300891
-7.5696445,7,1069.300923
-6.920926,7,1069.371546
-6.191387,6,1069.467512
-8.232317,9,1069.543851
-6.00725,6,1069.543885
-7.936079,11,1069.640738
-5.634388,5,1069.640776
-6.789366,7,1069.758346
-5.326007,7,1069.75838
-6.2169805,6,1069.815849
-7.352885,9,1069.909418
-5.509886,5,1069.909449
-5.51339,7,1069.966505
-7.1957707,7,1071.563801
-5.291519,6,1071.622608
-5.3513064,5,1071.702214
-8.446997,10,1071.740126
-5.2194934,7,1071.816392
-6.397793,6,1071.89
3.5645623,13,1071.890033
-6.4296913,7,1071.946265
-4.71239,5,1072.022239
-6.5021486,6,1072.059716
-6.1721725,6,1072.118143
-5.9652157,5,1072.184319
-7.320867,13,1072.231236
-7.2295375,7,1072.308794
-5.8090773,5,1072.308826
-5.7008147,5,1072.441926
-6.7230344,6,1072.482154
-9.794384,10,1072.520564
-7.8049173,11,1072.576952
-5.7624416,6,1072.672998
-5.551665,7,1072.673033
-5.2692738,6,1072.748405
-5.708911,7,1072.879573
-7.288272,7,1072.879608
-7.559622,12,1072.879614
-7.2757006,9,1073.009213
-5.579708,5,1073.009249
-5.9020576,6,1073.046091
-8.035626,9,1073.122483
-4.765338,5,1073.16222
-5.7208657,7,1073.220648
-6.766532,7,1073.258022
-5.4014482,6,1073.394009
-7.4712577,9,1073.394057
-7.441555,7,1073.468945
-8.380702,10,1073.468978
-7.1928797,8,1073.626709
-8.777547,9,1073.690203
-7.0100718,7,1073.690243
-6.5598817,9,1073.747881
-5.708812,5,1073.844499
-4.9226327,5,1073.844534
-5.0935774,8,1073.901729
-5.3122215,5,1073.99809
-5.684406,5,1073.998126
-8.816229,10,1074.065251
-5.9859214,6,1074.108805
-5.911746,6,1074.204444
-5.3479204,6,1074.204479
-5.894644,7,1074.283587
-5.853897,6,1074.360652
-5.7780504,7,1074.398087
-5.7992873,5,1074.434806
-7.468403,15,1074.545995
-6.503857,6,1074.546031
-7.763617,8,1074.622333
-7.5769887,9,1074.678657
-5.154268,5,1074.755236
-6.663588,6,1074.831673
-9.051281,13,1074.906776
-9.276342,13,1074.906811
-6.3883924,6,1074.943395
-5.900475,6,1075.058066
-5.9726257,6,1075.094962
-5.969227,10,1075.131554
-6.5767317,9,1075.169951
-6.9624324,10,1075.345265
-7.082929,9,1075.345305
-7.4817467,8,1075.383091
-7.7087193,10,1075.420392
-5.5563593,5,1075.497321
-6.229188,6,1075.533455
-7.115197,6,1075.589631
-7.986949,10,1075.665918
-5.7099752,6,1075.720453
-5.979781,7,1075.720484
-6.6554356,7,1075.797402
-4.7834835,5,1075.836831
-7.466569,7,1075.91642
-5.748367,5,1075.954056
-7.8713923,9,1075.991672
-8.480921,8,1076.069279
-6.126732,6,1076.107873
-5.3605623,7,1076.205859
-5.9837027,8,1076.205894
-5.378866,5,1076.242365
-5.487773,5,1076.278833
-5.939389,6,1076.407786
-4.993847,5,1076.407819
-1.2524717,6,1076.407825
-6.1791515,8,1076.503293
-5.183713,5,1076.541481
-8.055934,10,1076.661433
-6.0549707,8,1076.755398
-8.343945,9,1076.755436
-6.2209864,7,1076.850459
-6.219864,6,1076.924042
-6.232831,6,1076.924075
23.63738,20,1076.95994
-5.519462,5,1077.07418
-5.6929073,5,1077.074215
-7.2131925,8,1077.11162
-5.6399183,6,1077.147989
-5.4495625,5,1077.28429
-5.9474235,7,1077.284328
-6.9895973,8,1077.341642
-6.1804285,6,1077.440778
-8.78254,14,1077.478935
-7.8234396,7,1077.538339
-6.2065296,6,1077.635643
-6.0973473,7,1077.714661
-6.589401,11,1077.75293
-6.0414343,9,1077.87255
-4.250455,9,1077.95009
-8.321891,10,1078.009003
-6.779027,7,1078.066791
-6.528755,7,1078.145248
-6.082473,6,1078.182468
-5.0305634,5,1078.219525
52.077915,37,1078.295673
-5.768768,6,1078.333775
-7.048946,9,1078.453004
-9.828541,12,1078.50934
-6.5707307,6,1078.62614
-8.409695,12,1078.626181
-7.481546,13,1078.684235
-7.5421815,7,1078.721128
-5.095541,4,1078.816856
-4.808109,6,1078.816893
-6.004755,9,1078.894834
-5.6832314,6,1078.994787
-6.22309,6,1078.994825
-8.431207,10,1079.033605
-5.679431,7,1079.112713
-2.0732355,5,1079.151041
-7.495858,7,1079.20964
-6.486669,9,1079.310045
-6.5221257,6,1079.310083
-4.9696393,5,1079.374009
-10.046858,10,1079.457113
-6.4718246,6,1079.494391
-7.4148273,8,1079.555259
-5.4063325,7,1079.610376
-4.930524,5,1079.679072
-6.200204,7,1079.717216
-4.5639296,5,1079.755089
-5.3336096,4,1079.813878
-5.277008,5,1079.948719
-5.876913,8,1079.948757
36.466064,13,1080.005306
-7.937647,12,1080.08223
-6.41892,6,1080.126364
-6.4051466,7,1080.184299
-4.2518225,5,1080.184335
-5.1472206,6,1080.287101
-6.083688,7,1080.346272
-6.5243616,9,1080.428392
-6.52945,10,1080.4846
-5.9053955,6,1080.555963
-7.883205,10,1080.615494
-7.13821,7,1080.678272
-6.1053634,7,1080.718307
-6.026264,6,1080.756059
-5.436365,5,1080.855443
-4.876719,7,1080.911474
-6.9988694,9,1080.911517
-6.777754,7,1080.984198
-6.4323387,6,1081.106685
-6.2590046,7,1081.10672
-6.7147913,8,1081.186353
-6.3414645,6,1081.186389
-6.622049,6,1081.285358
-4.528264,5,1081.330763
-7.7288556,9,1081.418909
-5.957379,7,1081.418947
-5.9496927,7,1081.528989
-5.485549,5,1081.571013
-8.157768,8,1081.608351
-7.2648783,8,1081.665199
-7.5491495,7,1081.763477
-7.1431103,10,1081.840019
-7.809468,8,1081.840056
-5.588066,7,1081.878453
-7.074805,7,1081.976982
-7.247057,8,1082.072651
-6.834938,7,1082.072688
-9.937156,12,1082.16998
-5.9032736,6,1082.228242
-7.0370317,7,1082.266293
-5.6457214,6,1082.343856
-0.77244973,16,1082.440421
-6.829595,6,1082.440461
-6.67496,8,1082.476831
-6.510584,6,1082.595084
-5.9563503,7,1082.650485
-3.2166348,6,1082.65052
-5.206337,15,1082.76671
-4.4871283,8,1082.843495
-5.9179287,7,1082.843531
-6.469101,8,1082.879906
-5.8913555,5,1082.976424
-5.5234394,7,1083.036737
-5.731264,7,1083.074483
-10.558934,12,1083.13266
-5.474036,6,1083.170903
-6.236997,7,1083.249885
-5.5851345,5,1083.288587
-5.987524,6,1083.349379
-7.2946377,10,1083.387968
-6.2608576,6,1083.467882
-7.6858697,9,1083.527293
-5.9269085,7,1083.56569
-1.4114668,9,1083.644279
-5.990947,7,1083.701071
-5.3987646,5,1083.701104
-7.437098,8,1083.801996
-6.360537,6,1083.862389
-5.833948,7,1083.900947
-6.1420393,6,1083.980129
-9.908756,13,1084.055445
-6.1446676,6,1084.055479
-5.221271,5,1084.133267
-7.8169327,9,1084.172327
-7.0711417,8,1084.276215
-6.051343,5,1084.335592
-5.670122,6,1084.335632
-5.6227,6,1084.458569
-6.4182014,7,1084.519514
-8.059083,8,1084.559923
-5.7478313,5,1084.620721
-6.282616,6,1084.702709
-5.012418,7,1084.804157
-8.501982,11,1084.865251
-8.572662,11,1084.987712
-6.557668,8,1085.025546
-5.8144674,5,1085.145255
-7.101338,7,1085.184081
-9.04513,15,1085.263264
-5.880004,6,1085.324087
-6.4686,6,1085.364304
-5.86174,6,1085.446118
-5.836457,5,1085.485345
-6.810141,7,1085.564325
-6.3197155,6,1085.622684
-5.9382668,7,1085.680169
-5.33554,5,1085.819333
-7.481859,8,1085.859441
-2.1159937,11,1085.897816
-5.155385,6,1086.017576
-6.824974,8,1086.095424
-10.632282,13,1086.193908
-6.5788894,6,1086.193943
-5.9989038,6,1086.340493
-6.5981665,7,1086.380523
-10.721048,12,1086.441317
-4.5019956,5,1086.520236
-7.684761,8,1086.579685
-6.184221,6,1086.618471
-5.1067486,5,1086.676763
-5.989195,7,1086.774849
-7.3202066,7,1086.813509
2842.3423,100,1086.894807
-5.0722895,5,1086.940356
-5.2485456,6,1087.000671
-6.184724,6,1087.079058
-6.031102,7,1087.137756
-6.706685,6,1087.187717
-7.3592405,7,1087.35829
-7.280883,7,1087.395588
8.420387,14,1087.497693
-5.0381756,5,1087.537172
-5.455402,7,1087.576636
-5.8066893,5,1087.65826
-4.9153423,5,1087.696889
-5.126706,5,1087.799019
-6.4758406,9,1087.838446
-6.986485,7,1087.897835
-7.2811475,7,1088.000132
-5.696874,8,1088.058598
-8.258314,9,1088.14
-6.12113,7,1088.202089
-5.6428137,6,1088.241054
-5.123429,6,1088.365846
-6.0971923,9,1088.405142
-7.1482296,8,1088.465619
-5.670597,6,1088.592918
-5.799918,8,1088.637395
-6.470787,8,1088.738169
-5.650958,5,1088.828895
-5.5611196,6,1088.82893
-7.7934537,8,1089.021648
-7.3294296,8,1089.089313
-7.612472,9,1089.13101
-5.8667154,6,1089.225244
-7.453852,7,1089.317132
-6.3003235,9,1089.397774
-5.652755,7,1089.440172
-5.832465,5,1089.596526
-5.7072477,8,1089.596563
-8.47645,9,1089.751115
-5.411516,6,1089.818442
-6.0303974,6,1089.818474
-5.577549,5,1089.949184
-5.1756887,5,1089.996172
-5.987618,6,1090.050912
-6.1021566,6,1090.183845
-5.907545,6,1090.226643
-4.707157,6,1090.268097
-5.7406206,5,1090.372486
-5.2059774,5,1090.414932
-7.1767716,7,1090.501475
-4.7058434,6,1090.562813
-8.282549,8,1090.649986
-5.3449097,8,1090.733109
-7.363405,7,1090.771764
-6.734585,6,1090.830669
-5.1404924,5,1090.887847
-4.8598366,5,1090.98524
-7.528694,7,1090.985276
-5.3339615,6,1091.126182
-8.579557,9,1091.20544
-13.209271,14,1091.263237
-5.4026556,6,1091.300933
-5.1280584,5,1091.359395
-6.4385805,8,1091.477479
-8.000323,8,1091.515581
-5.5028687,7,1091.553777
-5.8165264,5,1091.635515
-4.8322606,4,1091.70902
-5.649126,5,1091.709054
-5.4277782,6,1091.867075
-6.2391367,7,1091.904244
-7.3585544,9,1091.940837
-6.345445,6,1092.034329
-6.6575937,7,1092.277243
-4.95814,11,1092.277278
-9.269115,12,1092.277284
-5.661162,5,1092.417259
-5.9819727,8,1092.53096
-8.088964,9,1092.57241
5851.481,189,1092.624924
-7.690759,8,1092.712389
-5.8028994,6,1092.769001
-4.8921194,5,1092.769031
-5.5874186,5,1092.807698
-6.326003,7,1092.967469
-5.3868895,6,1092.967504
-6.1429424,6,1093.024556
-5.954398,7,1093.024589
-4.792598,5,1093.120714
-6.8772364,7,1093.197825
-5.4102726,8,1093.236023
-6.3145733,10,1093.275634
-8.288144,8,1093.353889
-6.1804385,6,1093.391326
-6.891054,7,1093.485296
-6.876972,8,1093.485332
-7.0853524,9,1093.640981
-6.049739,6,1093.641018
-5.7749977,7,1093.676863
-6.0582485,6,1093.80971
-5.0669384,6,1093.809743
-6.265475,6,1093.847259
-8.737452,18,1093.882996
-5.9471717,6,1093.977509
-4.659466,5,1094.014205
-6.8049316,7,1094.051357
-9.430469,10,1094.109644
-5.4228277,6,1094.208543
-7.2579803,8,1094.266326
-6.898489,6,1094.266357
-6.069986,8,1094.36439
-5.574784,5,1094.402016
-7.3048415,9,1094.497619
-7.09805,8,1094.49765
-7.3121905,9,1094.641646
-5.7612104,5,1094.641681
-6.000388,10,1094.705885
-5.4656224,8,1094.743727
-5.8626614,5,1094.818464
-5.9508014,5,1094.818498
-5.6986127,5,1094.938909
-7.580166,9,1094.997157
-7.2821493,8,1094.997194
-6.443308,7,1095.035252
-6.638436,6,1095.236176
-3.2924376,7,1095.236213
-5.7451773,7,1095.236219
-10.025606,10,1095.297715
-4.2589707,8,1095.468029
-6.072441,6,1095.468065
-5.033623,5,1095.634803
-6.5932245,6,1095.673797
-8.866251,18,1095.790052
-5.6044455,5,1095.790086
-7.0868073,7,1095.944673
-14.453485,26,1095.985126
-6.0381355,6,1096.152282
-8.203125,17,1096.152317
-6.3632374,6,1096.195285
-4.74988,6,1096.334942
-7.159175,7,1096.374538
-7.2856956,9,1096.484726
-7.357249,8,1096.589389
-7.829076,8,1096.641668
67.63268,29,1096.685481
-5.545694,5,1096.800404
-8.156076,9,1096.800445
-5.447754,6,1096.866468
-5.922259,6,1096.908754
-5.750658,5,1097.015489
-6.3856173,6,1097.080254
-6.615121,10,1097.137314
-5.9413233,10,1097.137352
-6.094174,6,1097.222899
-4.6218514,5,1097.282282
-4.813036,5,1097.393565
-7.8282485,8,1097.3936
-6.9810877,10,1097.440707
-6.124872,7,1097.524471
-5.511412,5,1097.602888
-6.4048815,6,1097.602923
-6.9997787,7,1097.649254
-5.7843127,6,1097.741853
-4.991195,6,1097.811121
-6.1000214,6,1097.847287
-6.4504466,8,1097.884904
-6.201708,8,1097.994008
-6.98697,7,1098.07323
-6.453492,6,1098.073261
-7.655628,9,1098.111522
-4.7785563,6,1098.22767
-6.4357634,8,1098.368023
-7.1778975,7,1098.368061
-6.800554,8,1098.368067
-6.3710117,7,1098.538582
-5.5677185,7,1098.538618
-7.609737,12,1098.574447
-8.308198,10,1098.632786
-5.509178,7,1098.746764
-6.0487976,6,1098.746799
-6.9115868,8,1098.783888
-6.7147775,7,1098.843312
-6.4872274,6,1098.919744
-7.1002216,10,1099.039171
-5.674708,9,1099.095264
-6.1845098,6,1099.095296
-6.305054,6,1099.235312
-4.7874064,5,1099.235346
-6.4573536,6,1099.273446
-6.4578314,6,1099.408809
-15.864808,23,1099.408843
-6.5458813,7,1099.446372
-7.325473,7,1099.484347
-5.989062,6,1099.602833
-7.8914495,8,1099.679622
-7.1922784,8,1099.679656
-6.4387784,6,1099.679662
-6.7004886,6,1099.811151
-5.6136603,5,1099.811186
-5.984748,6,1099.847769
-5.934847,9,1099.923077
-5.185693,5,1099.989448
-6.7958374,7,1100.080922
-7.1871414,9,1100.119926
-7.55172,7,1100.177787
-6.5611315,8,1100.234779
-6.006751,5,1100.270858
-5.416881,7,1100.414404
-8.513413,11,1100.463263
-6.917138,7,1100.502181
-10.62875,10,1100.615854
-6.3583665,6,1100.615894
-6.0232,8,1100.694477
-5.252729,5,1100.752152
-6.546867,6,1100.792321
-8.365875,11,1100.834036
-5.256205,5,1100.943583
-7.099217,9,1100.987235
-6.8072534,6,1101.026293
-6.6478896,9,1101.078087
-4.743501,4,1101.117044
-8.580695,9,1101.278868
-7.1076107,8,1101.333856
-6.931558,7,1101.333887
24.436289,10,1101.37094
-5.620864,5,1101.468672
-6.1095777,7,1101.549414
-7.212683,7,1101.621576
-5.926155,9,1101.621612
-5.8826437,5,1101.775906
-7.1741104,7,1101.775945
-4.5098066,4,1101.775951
-5.348069,6,1101.833187
-6.152651,7,1101.95205
-6.998735,8,1101.990536
-8.310838,9,1102.070684
-5.2907934,5,1102.135875
-8.553413,14,1102.176794
2.662757,8,1102.23073
-6.646376,6,1102.443155
-6.805618,7,1102.443192
-6.2246714,8,1102.443198
-6.3998322,6,1102.605092
-6.494808,9,1102.68908
-5.5740976,6,1102.774888
-6.9666553,7,1102.869895
-13.5949745,17,1102.90577
-7.2528057,7,1102.962845
-5.798093,6,1103.040036
-0.6721182,36,1103.136837
-7.2645564,8,1103.193974
-5.908395,5,1103.194009
-7.228155,14,1103.289134
-5.272887,6,1103.327166
-7.49596,8,1103.426836
-5.3411803,5,1103.486799
-7.6443934,9,1103.48683
-6.5786467,7,1103.571268
-5.9660406,5,1103.610099
-5.379735,7,1103.691398
-10.032127,9,1103.749098
-6.9138613,7,1103.787222
-5.964717,6,1103.904958
-7.951551,12,1103.950742
-7.410837,11,1104.009513
-7.074547,9,1104.046971
-4.2313285,5,1104.104472
-6.816975,8,1104.222225
-5.6956553,6,1104.259809
12.335612,13,1104.302311
-7.026694,12,1104.390592
-4.9353714,7,1104.465866
-5.941842,6,1104.4659
-6.352109,6,1104.597785
4.934246,9,1104.597819
-5.858411,5,1104.634993
-5.2820783,7,1104.692971
-5.1287203,5,1104.750299
-3.555781,7,1105.245788
-5.0348296,5,1105.284374
-6.7496605,7,1105.502836
-7.7360673,9,1105.502872
-6.2583456,6,1105.502878
-9.457895,15,1105.562696
-5.295069,5,1105.667278
-6.178359,6,1105.710415
-5.763659,5,1105.751486
-8.693932,9,1105.814595
-5.9167833,6,1105.884494
-5.48318,6,1105.94327
-7.2535896,9,1106.001951
-6.348162,8,1106.085765
-6.0095496,8,1106.1457
-6.1730947,6,1106.265153
-9.025127,10,1106.32311
-6.254344,7,1106.360696
-6.526967,6,1106.399168
-5.4639344,5,1106.503129
-7.9329743,8,1106.540478
-5.7001543,6,1106.601933
-7.1803985,8,1106.664293
-8.6089325,8,1106.788914
-6.1092443,7,1106.788953
-5.894449,6,1106.84851
-5.7352695,5,1106.848543
-5.1762543,7,1107.083798
-7.1440277,9,1107.14592
-6.644718,9,1107.145955
-7.959839,10,1107.226111
-7.393643,7,1107.357395
-6.8059096,7,1107.417954
-4.817142,5,1107.417988
-9.611706,9,1107.486504
-5.718801,5,1107.570999
-5.5611925,6,1107.651125
-7.02326,8,1107.789047
-9.86919,14,1107.789082
-5.829375,6,1107.826859
-7.7782817,15,1107.866133
-4.9360204,7,1108.042602
-4.613902,5,1108.04264
-7.1432524,7,1108.042646
-5.399884,8,1108.099676
-5.2661,5,1108.177734
-5.612752,6,1108.217787
-7.0722356,7,1108.25579
-7.0213523,7,1108.312848
-6.216049,7,1108.389471
-5.7202773,6,1108.426789
-6.6247683,9,1108.483771
-8.6545925,9,1108.560624
-7.0528564,8,1108.643501
-5.8086586,7,1108.643535
-5.9298472,6,1108.743507
-8.250622,10,1108.805066
-5.7574277,9,1108.922176
-8.563026,10,1108.962071
-6.092424,6,1109.005802
-5.085941,5,1109.102395
-7.2948065,11,1109.158361
-5.6370544,5,1109.158398
-5.5942664,5,1109.195798
-5.989586,6,1109.311424
-7.074913,7,1109.348739
-7.420104,11,1109.425559
-6.1756973,6,1109.482831
-5.778885,6,1109.520797
-9.011572,13,1109.558192
-6.615824,6,1109.661234
-8.799663,10,1109.736953
-5.9491415,7,1109.736989
-5.205663,5,1109.822498
-8.692402,10,1109.889053
-4.2664776,4,1109.889086
-7.0171423,7,1109.967852
-5.7233124,5,1110.006462
-6.3928947,6,1110.0637
-7.083305,7,1110.161961
-7.418738,7,1110.198269
-6.1110077,7,1110.255527
-6.542747,7,1110.356309
-5.6894755,6,1110.414069
-6.344267,6,1110.512582
-4.7926207,5,1110.550948
-7.2835793,14,1110.58965
-14.89328,26,1110.630845
-4.951391,7,1110.731072
-6.8796816,7,1110.770532
-6.5037956,6,1110.810169
-6.6268272,8,1110.848258
-5.8048344,5,1110.946013
-5.436463,6,1111.00367
-7.1734867,9,1111.042204
-6.9462566,7,1111.079755
-4.6948204,5,1111.117617
-5.1568074,5,1111.176814
-5.6108646,6,1111.237278
-5.7356243,5,1111.276298
-5.8205595,8,1111.335426
-7.1173058,7,1111.393771
-7.2409124,7,1111.471938
-5.4982085,6,1111.509568
-6.3118114,6,1111.567953
-5.771754,5,1111.626894
-3.0781047,8,1111.722916
-6.1013618,7,1111.764074
24.85203,20,1111.829371
-7.4443626,8,1111.868419
-6.1006017,5,1111.905035
-6.200307,7,1111.99983
-5.696143,5,1111.999865
-4.3982987,5,1112.058079
-7.0925665,9,1112.150543
-5.731664,7,1112.210777
-8.868771,9,1112.275895
-6.4880295,8,1112.314751
-6.727586,6,1112.360822
-5.0586286,6,1112.42296
-5.3606243,5,1112.462904
-5.879356,6,1112.533751
-5.756661,8,1112.637722
-4.998351,7,1112.708649
-6.027153,6,1112.708686
-6.1648884,7,1112.797986
-6.88361,7,1112.878496
-7.2276187,9,1112.979355
-7.3643203,10,1113.033484
-6.2509766,9,1113.093203
-6.641662,7,1113.131833
-5.79719,5,1113.210562
-6.112958,6,1113.210598
-5.9114943,7,1113.310757
-6.735124,7,1113.349574
-7.2352266,7,1113.406899
-6.8525085,10,1113.483337
-5.149649,6,1113.520681
-5.8941693,8,1113.557191
-6.1313124,6,1113.595402
-6.247944,7,1113.718462
-6.5918055,7,1113.754751
-6.968341,10,1113.792061
-5.1271477,5,1113.871271
-5.1759505,6,1113.929325
-7.5251474,14,1114.005292
-6.115794,7,1114.00533
-6.6266527,8,1114.145722
-8.419257,12,1114.204695
-6.835561,9,1114.261073
-9.352591,9,1114.261107
-0.99633,6,1114.360349
-5.7003164,5,1114.398618
-5.222951,5,1114.437165
-6.1900353,6,1114.476249
-7.329127,7,1114.597202
-6.723005,6,1114.645977
-6.29628,6,1114.684202
-6.518702,7,1114.81303
-6.7409315,7,1114.860501
-6.587137,10,1115.086513
-8.442442,16,1115.124605
-6.955333,7,1115.30427
-6.329348,6,1115.304307
-12.560713,18,1115.38278
-6.436176,6,1115.4788
-5.9975924,8,1115.535272
-6.977556,8,1115.742832
-3.4409227,16,1115.896369
-6.2915983,6,1115.896405
-9.732458,21,1115.933491
-7.6778836,9,1116.106697
-4.916897,10,1116.161489
-7.4241204,9,1116.161524
-5.6006308,6,1116.279744
-6.8517127,8,1116.356984
-8.237882,10,1116.414814
-6.73346,7,1116.471959
-6.0025916,6,1116.528962
-0.3668852,8,1116.644351
-4.7040606,6,1116.644387
-6.400711,6,1116.7006
-6.614249,6,1116.797731
-6.303919,7,1116.838979
-6.3003736,7,1116.916764
6.7595997,89,1116.916798
-6.07793,6,1117.015209
-5.1471596,5,1117.070195
-7.554113,7,1117.167131
12.397161,10,1117.16717
-5.6072187,5,1117.327219
-6.9509068,8,1117.327257
-6.354208,8,1117.366023
-7.1095486,10,1117.463078
-6.1861115,7,1117.523228
-6.058606,9,1117.616954
-7.1254454,9,1117.655719
-6.487584,6,1117.69993
-5.3821125,6,1117.811699
-8.82087,9,1117.848213
-6.493449,6,1117.974668
-6.282885,11,1118.051563
-6.670089,6,1118.051594
-8.759103,12,1118.0516
-5.3997116,5,1118.192991
-5.4196734,5,1118.193027
-8.763648,9,1118.28689
-6.124616,8,1118.286923
-6.7776666,7,1118.400021
-5.3599916,6,1118.461397
-7.713714,8,1118.553229
-9.7321,11,1118.553262
-6.7457123,6,1118.625352
-5.80707,6,1118.747381
-5.4584165,5,1118.8181
-5.6694264,7,1118.818135
-8.98098,10,1118.862661
-5.7882986,5,1118.964109
-5.7145886,5,1119.04428
-5.218112,7,1119.092903
-7.2728343,8,1119.135205
-6.817317,7,1119.227554
-6.491132,6,1119.279849
-4.9366393,6,1119.325186
-6.985358,8,1119.439539
-5.533209,7,1119.533565
-6.0556602,6,1119.5336
-7.160042,7,1119.692416
-7.316839,7,1119.763913
-7.2847805,8,1119.807557
-7.0255446,7,1119.90987
-5.8157625,6,1119.96662
-9.6017475,19,1120.025227
-6.7053857,7,1120.069999
-4.5198874,4,1120.151863
-7.032031,6,1120.197514
-7.2194166,7,1120.308394
-6.7226458,9,1120.34743
-6.948702,7,1120.403265
-5.636321,6,1120.403297
-4.562147,5,1120.481394
-6.7161627,6,1120.540487
-6.905451,9,1120.634647
-7.5053906,8,1120.748808
-8.255049,10,1120.748841
6.8635883,6,1120.822648
-9.399023,15,1120.822681
-5.256105,5,1120.915405
-5.4197874,5,1120.915441
-5.0190573,6,1120.991849
-6.976427,9,1121.086242
-6.300709,6,1121.086276
-4.7669945,4,1121.141056
-7.0487146,7,1121.141086
-6.6526513,7,1121.354381
-6.0180683,8,1121.354418
-8.711197,9,1121.399124
-8.800762,9,1121.452077
-6.587741,6,1121.551845
-7.0536885,6,1121.589513
-6.1309843,6,1121.627345
-7.6359587,9,1121.676953
-5.7556925,8,1121.804685
-7.050522,6,1121.860023
-6.0782375,8,1121.860056
-8.409706,8,1121.895636
-5.9853506,5,1121.991294
-4.422284,5,1122.045574
-5.4575143,7,1122.045604
-7.233865,7,1122.082291
-5.7898483,6,1122.177924
-5.5001097,7,1122.234729
-7.8211493,10,1122.329727
-6.4159594,7,1122.36661
-10.07017,15,1122.459738
-6.1692476,8,1122.459774
-4.9337487,5,1122.501254
-6.083147,6,1122.559405
-7.3655605,7,1122.659744
-7.441994,8,1122.718275
16.165781,10,1122.755706
-6.2846565,8,1122.793257
-5.646454,7,1122.872467
-6.902406,7,1122.930964
-6.422029,7,1122.969238
-6.0639453,8,1123.028594
-6.052322,7,1123.088231
-6.1848345,6,1123.126852
-6.210538,8,1123.208458
-5.2240067,6,1123.267599
9.974815,9,1123.323474
-5.929666,6,1123.323505
-6.4218435,6,1123.400086
-5.8198524,6,1123.457635
-5.315918,7,1123.520786
-5.974409,6,1123.578001
-10.845214,14,1123.714577
-7.1023173,9,1123.714613
-6.6003523,6,1123.752064
-5.8667307,5,1123.868968
-10.412935,12,1123.869002
-5.7732267,6,1123.927275
-6.4659758,8,1123.964878
-4.8643937,5,1124.083669
-7.0893083,7,1124.083711
-5.2813435,5,1124.122281
-5.163026,5,1124.218126
-4.8610315,5,1124.273613
-5.8450937,6,1124.273645
-4.574805,4,1124.389184
-8.653427,17,1124.38922
-5.435422,6,1124.445713
-8.463096,10,1124.539509
-5.671841,5,1124.53954
-4.6757426,6,1124.576284
-5.6160502,5,1124.691887
-5.820751,5,1124.691922
-4.729498,5,1124.730324
-7.230592,11,1124.78725
-5.8038435,7,1124.903152
-6.103157,7,1124.9032
-7.3318076,7,1124.940069
-5.971011,6,1124.97737
-5.10721,5,1125.055601
-5.881262,6,1125.092801
-5.288252,7,1125.151258
-6.240339,7,1125.189126
-4.7477717,5,1125.226784
-5.270324,6,1125.283952
-5.4183145,7,1125.380767
-5.460491,6,1125.380802
-5.8516235,6,1125.420209
-6.1430626,6,1125.477638
-7.6579385,7,1125.575314
-5.653676,7,1125.630691
-5.5197096,8,1125.630727
-8.074501,8,1125.708195
-5.572512,5,1125.745973
-7.0624137,7,1125.824607
-5.9768457,8,1125.862831
-4.7760773,5,1125.900713
-8.188431,8,1125.957858
-5.444994,6,1126.036313
-5.692706,6,1126.11499
-7.3960123,9,1126.172459
-7.4681945,11,1126.17249
-4.9174185,5,1126.294738
-4.708105,5,1126.349921
-6.7395,9,1126.349953
-5.3232393,5,1126.44624
-7.565897,10,1126.483712
-5.8198805,7,1126.541636
-7.54667,10,1126.619652
-7.059848,7,1126.676364
-6.2928233,6,1126.676395
-6.5748425,6,1126.733822
-4.849868,5,1126.810633
-6.626479,6,1126.865919
-6.641718,7,1126.86595
-5.7628727,6,1127.00094
-6.825077,7,1127.039612
-8.0476,12,1127.089412
-9.005373,12,1127.235644
-5.5667195,6,1127.35815
-6.8160787,8,1127.358184
-8.077415,8,1127.477119
-6.545387,6,1127.518684
-6.3903913,6,1127.65382
-10.1708975,13,1127.711403
-8.318755,9,1127.767587
-5.7459884,7,1127.863286
-5.6330724,5,1127.863323
-0.13062239,28,1127.973348
-7.5106964,7,1128.011503
1.1678071,6,1128.070461
-6.338153,7,1128.107551
-5.724679,7,1128.230798
-7.251141,8,1128.230831
-5.974882,8,1128.329714
-6.62681,9,1128.41275
-6.9268465,7,1128.476251
-7.151492,9,1128.554023
-7.612088,9,1128.705606
-6.997141,7,1128.705641
-6.0989695,11,1128.705647
-5.4067707,6,1128.742753
-5.475465,6,1128.858476
-6.7828646,7,1128.895281
-5.5923967,5,1129.007329
-8.799458,10,1129.007363
-7.090468,7,1129.084097
-10.133718,15,1129.122047
-6.9678745,7,1129.219778
-6.6502156,7,1129.219811
-5.996908,6,1129.306419
-5.039535,5,1129.30645
-6.3808694,6,1129.527502
-6.209909,8,1129.527539
-5.9420376,7,1129.563784
-7.2312264,11,1129.62075
-6.58399,6,1129.698918
-7.3653107,8,1129.757235
-7.4463563,8,1129.794804
-6.779941,7,1129.832848
-6.5925,6,1129.986409
-6.124147,7,1129.986446
-5.0930142,5,1129.986452
-9.416948,10,1130.024808
-5.934458,5,1130.123369
-6.6874313,6,1130.161983
-7.144023,7,1130.199909
-7.8742285,8,1130.258385
-6.4698668,6,1130.316566
-5.7400656,5,1130.371085
-6.7090225,6,1130.371117
-6.8991594,6,1130.447805
-5.748669,5,1130.485465
-7.4408293,7,1130.563133
-4.350564,5,1130.600923
-6.8888416,6,1130.661007
-6.5957804,7,1130.782282
5.494232,10,1130.856943
-8.476547,17,1130.856978
-7.777902,10,1130.938213
-5.0485835,5,1130.994989
-8.308079,8,1131.03293
-7.5483475,7,1131.132127
-5.365484,5,1131.26573
-6.4176307,9,1131.265763
-10.197334,12,1131.324375
4.2191834,19,1131.381467
-5.5346737,5,1131.420583
-5.729456,5,1131.495371
-7.181094,7,1131.495404
-7.4755683,9,1131.63216
-7.0459337,7,1131.670621
-6.8528624,9,1131.725966
-6.9530334,13,1131.783047
-6.496819,6,1131.820159
-7.818101,8,1131.900979
-6.181038,7,1131.938895
-5.7526503,6,1131.993843
-5.433943,5,1131.99387
-6.3724957,6,1132.134129
-6.812073,7,1132.134171
-5.8279166,6,1132.189453
-6.548948,6,1132.189491
-5.510875,5,1132.285533
-6.3898344,6,1132.323049
-5.5094748,6,1132.361173
-6.3202863,8,1132.422636
-6.1551814,7,1132.547089
-4.400422,5,1132.547125
-4.666895,6,1132.547131
-5.418348,6,1132.626446
-5.985689,6,1132.705829
-6.7085223,7,1132.770333
-6.912715,7,1132.770368
-6.545434,8,1132.865456
5.985752,8,1132.959125
-6.6569753,7,1132.959164
-7.6492653,8,1132.995739
-6.0269876,9,1133.12844
-6.3366694,6,1133.128475
-6.9109707,8,1133.185747
-5.9112315,8,1133.222383
-6.883219,7,1133.315956
-6.5133963,7,1133.390566
-7.496737,9,1133.390599
-9.097626,9,1133.483314
-4.643872,5,1133.483349
-5.795554,6,1133.560702
-5.964117,8,1133.674819
-10.991543,13,1133.730878
-7.97687,8,1133.766845
-8.677397,15,1133.897504
-5.328777,4,1133.897538
-6.2251635,7,1133.897544
-6.552661,6,1133.933425
-3.8694372,7,1134.122459
-6.750743,8,1134.122494
-7.483441,8,1134.122499
-9.738197,10,1134.177639
-6.264002,6,1134.272017
-6.039036,8,1134.328348
-5.6257715,7,1134.365212
-5.617369,5,1134.481903
-8.498945,15,1134.520018
-7.4951267,8,1134.556893
-9.161942,11,1134.593664
-7.1251807,7,1134.691015
-8.182787,7,1134.79034
-7.117475,9,1134.790374
-7.5792284,10,1134.861136
-9.27931,9,1134.977906
-4.770997,7,1135.035578
-7.225416,7,1135.035613
-6.3203444,6,1135.085511
-6.266964,6,1135.276018
-6.9650874,7,1135.276056
-8.283033,8,1137.773339
-8.161009,10,1137.809417
-7.109608,6,1137.966784
-6.68111,7,1137.966821
-8.187668,11,1138.016943
-7.4101396,13,1138.098726
-5.460108,5,1138.178613
-6.2773294,7,1138.216062
-5.855182,9,1138.273314
-6.6321535,8,1138.352201
-5.6102424,5,1138.352235
-5.004077,5,1138.450636
-7.267861,7,1138.450672
-5.7665615,5,1138.509194
-6.1601467,6,1138.548988
-6.50458,6,1138.627165
-6.83846,7,1138.669333
-5.6955013,5,1138.714023
-7.0539103,7,1138.751399
-5.3208585,5,1138.85331
-6.3059425,7,1138.8909
-5.0044794,6,1138.928344
-6.472821,6,1139.0259
-5.266511,6,1139.084695
-2.819345,16,1139.130934
-6.289769,6,1139.226988
-5.260908,6,1139.30704
-6.875486,9,1139.370226
-7.6786556,8,1139.473357
-12.307828,20,1139.511474
-5.99965,7,1139.59799
-9.347206,11,1139.681615
-5.1371,6,1139.681655
-6.680996,7,1139.741204
-5.757081,7,1139.847408
-5.5339994,5,1139.847444
-5.209131,6,1139.892897
-4.9285173,6,1139.955701
-6.531733,8,1140.082588
-7.3759103,9,1140.123807
-7.104755,9,1140.16212
-4.923521,5,1140.280213
-6.895464,6,1140.280252
-6.500558,6,1140.339777
-4.7161145,5,1140.424215
-12.621218,17,1140.463026
-5.0694036,5,1140.500906
-7.738268,8,1140.538977
-6.167492,6,1140.618532
-6.0731936,6,1140.656461
-5.3925104,6,1140.715958
-8.191586,9,1140.78085
-6.9226775,7,1140.846268
-6.828924,7,1140.925527
-7.3344965,12,1141.018066
-8.215824,9,1141.05569
-6.207561,8,1141.096755
-6.3811455,6,1141.228394
-5.786228,9,1141.22843
-6.945167,7,1141.287137
-6.6628957,7,1141.324853
-6.484911,6,1141.423601
-6.153004,6,1141.423638
-5.535297,5,1141.462343
-4.898623,5,1141.500979
-5.4705048,6,1141.620426
-6.8002396,6,1141.620465
-6.3913703,7,1141.70106
-5.120045,6,1141.701124
-5.955082,5,1141.798347
-5.6954584,5,1141.892797
-5.612042,7,1141.892832
-5.715969,7,1141.952909
-6.4465604,6,1142.046156
-5.457568,5,1142.086119
-5.436939,6,1142.127372
-7.280469,7,1142.21607
-5.9410825,6,1142.303571
-6.3729753,8,1142.351573
-8.697579,11,1142.408501
-5.218959,5,1142.467578
-5.3055983,6,1142.52929
-6.558319,7,1142.625581
-7.174104,13,1142.625617
-5.013904,6,1142.66392
-4.647695,5,1142.70247
-5.038478,6,1142.802221
-6.069538,8,1142.860912
-6.8422146,7,1142.898094
-5.051187,6,1142.977784
-9.032551,9,1143.115098
-7.071254,8,1143.115135
-6.9329834,7,1143.18653
34.074318,19,1143.2235
-4.680889,5,1143.284123
-6.6278744,6,1143.321643
-6.4311705,6,1143.378734
-5.187036,6,1143.416901
-7.132058,7,1143.493936
-5.8684855,5,1143.532708
-5.334196,8,1143.569641
-6.8848495,9,1143.670587
-4.8960195,6,1143.727163
-5.733239,5,1143.727198
-6.952421,8,1143.766727
-6.1711235,7,1143.888383
-7.4035025,7,1143.927651
-6.2416534,7,1143.965899
-6.484152,10,1144.022842
-6.48664,6,1144.122474
-6.397452,6,1144.200255
-5.731345,9,1144.200293
-7.8144965,11,1144.237711
-6.1634293,6,1144.316967
-6.45439,6,1144.38053
-5.259763,6,1144.418518
-8.711679,9,1144.49217
-5.736368,5,1144.492208
-7.6960087,8,1144.60543
-5.7110014,7,1144.667127
-6.616394,9,1144.725493
-5.412742,6,1144.820792
8.600891,10,1144.879838
-4.7299147,4,1144.937794
-7.6082525,9,1144.975135
-9.497505,21,1145.01272
-6.007741,5,1145.050941
-5.6056366,5,1145.108317
-5.003308,5,1145.168394
-6.1795187,7,1145.206537
-5.651061,6,1145.245263
-6.273257,6,1145.30443
-5.6667747,5,1145.341712
-6.6702523,7,1145.420863
-6.008713,6,1145.478159
-7.1833158,10,1145.535782
-5.6667166,5,1145.573425
-7.7688913,9,1145.611165
-4.5326385,6,1145.670591
-6.468099,7,1145.749071
-5.83289,7,1145.804432
-6.094647,6,1145.804464
-4.795879,5,1145.90209
-7.606576,10,1145.968023
-6.067259,8,1146.026365
-6.3766875,6,1146.084026
-6.8845334,7,1146.23554
-8.086645,9,1146.235577
29.801235,16,1146.274637
-6.8475943,7,1146.315261
-6.9225183,7,1146.432082
-6.2631984,6,1146.469803
-7.1641855,9,1146.507681
-5.145813,5,1146.585446
-4.8614383,5,1146.623545
-7.2808332,14,1146.700357
-5.277594,6,1146.700389
-6.5741014,6,1146.798284
-6.285964,6,1146.856399
-5.710956,7,1146.894633
-10.4807625,12,1146.97049
-5.679388,5,1146.970523
-5.4749503,5,1147.027337
-5.3097177,7,1147.141614
-8.422922,11,1147.199871
-7.4181323,8,1147.237463
-10.191695,12,1147.295627
-6.19308,6,1147.333257
-5.348533,6,1147.403986
-5.606838,7,1147.544836
-7.770563,9,1147.544872
-6.926671,8,1147.623352
-5.979501,6,1147.623385
-6.3238783,6,1147.724713
-7.385527,7,1147.76316
16.974197,9,1147.877862
-9.027145,9,1147.877899
-5.7223473,6,1147.916319
-5.390312,6,1147.96356
-5.473897,4,1148.032349
-4.67437,5,1148.068419
-5.9865026,7,1148.143415
-4.5608807,6,1148.201899
-8.34996,10,1148.260779
-5.8755856,6,1148.31779
-7.77096,11,1148.372883
-6.8915424,7,1148.449458
-4.8346796,5,1148.509802
-7.0360565,12,1148.553754
-8.249096,10,1148.637684
-6.396823,6,1148.733879
-5.2108226,8,1148.733915
-5.639505,6,1148.770666
-6.3515735,6,1148.827009
-5.5406246,5,1148.918334
-5.466095,5,1148.918368
-4.406468,4,1148.918374
-5.723759,5,1149.03385
-6.505609,6,1149.07096
-7.3147545,7,1149.124228
-7.53606,9,1149.124256
-5.6071496,5,1149.201338
-6.0545645,6,1149.260011
-4.928944,6,1149.299573
-6.335203,7,1149.347154
-5.6794004,5,1149.385791
-6.0130067,7,1149.505807
-6.267278,7,1149.593168
-7.1247706,8,1149.593199
-5.0654154,4,1149.674584
-8.008871,8,1149.674617
-5.2476835,5,1149.758141
-5.6033373,6,1149.795966
-6.396924,6,1149.852022
-7.183242,9,1149.9479
-6.382251,8,1150.004408
-4.9914265,5,1150.145962
-6.547092,10,1150.146003
14.245712,9,1150.19846
-6.3806057,6,1150.277503
-5.8275375,5,1150.337398
-7.348974,8,1150.434894
-5.1326876,5,1150.434931
-7.0416107,9,1150.492888
-6.2877192,6,1150.53028
-6.0929084,6,1150.608681
-6.6547794,8,1150.66666
-5.038099,7,1150.703134
-6.7131543,7,1150.798182
-7.1837053,7,1150.854867
12.7998,14,1150.911673
-7.2792296,9,1150.947835
-5.642708,8,1151.040333
-6.244897,6,1151.040366
-6.7781634,7,1151.13437
-8.485399,9,1151.171911
-6.245825,7,1151.245503
-7.39336,7,1151.245538
-6.2149076,9,1151.380984
-6.27814,9,1151.419373
-6.9879904,12,1151.552867
-11.614918,12,1151.552904
-6.3346715,7,1151.609835
-9.105721,9,1151.646473
-6.42743,7,1151.742495
-6.142709,8,1151.779925
-6.787762,7,1151.817029
-6.6742206,6,1151.934014
-5.6595035,9,1152.008166
-5.4236217,7,1152.008195
2.8450098,16,1152.083875
-7.335499,7,1152.141529
-7.124515,8,1152.22091
-5.9350433,5,1152.280092
-7.5564604,9,1152.336899
-9.581595,13,1152.374331
-5.912056,6,1152.411835
-5.323681,6,1152.46901
-4.906352,5,1152.505594
-5.0681973,5,1152.543565
-4.9654446,6,1152.600183
-5.8577557,6,1152.657093
-5.5902247,6,1152.693716
-5.68083,6,1152.770784
-5.9655914,9,1152.824933
-5.463799,5,1152.824966
-6.430294,6,1152.880805
-5.2049475,5,1152.937424
-5.7412453,5,1152.973804
-4.5550976,5,1153.028503
-6.3768005,11,1153.122599
-9.124238,9,1153.179806
-6.0006523,8,1153.256195
24.80946,10,1153.256233
-7.3350496,7,1153.333617
-5.8246536,5,1153.395648
-6.597641,6,1153.452065
-7.108938,8,1153.452098
-7.0543065,9,1153.603683
-6.057845,6,1153.603718
-6.8132343,9,1153.679512
6.050165,11,1153.717295
-6.1054273,6,1153.77522
-6.2094803,6,1153.849848
-9.866234,11,1153.906348
-5.865389,6,1153.943602
-8.494636,9,1153.981088
-8.1616745,8,1154.079423
-6.737969,7,1154.117349
-4.782049,7,1154.171928
-5.904635,6,1154.171957
-4.3157887,5,1154.267751
-5.117057,5,1154.305
-5.9742846,8,1154.343198
-7.4217553,8,1154.400009
-7.209134,7,1154.493916
-6.2878027,6,1154.493948
-8.248276,8,1154.583625
-5.7925177,7,1154.622551
-4.6831636,5,1154.664069
-7.314622,7,1154.747983
-5.6174755,5,1154.785868
-5.374305,6,1154.862934
-6.415285,9,1154.940767
-4.9230003,6,1154.940801
-6.7726984,6,1154.980477
-6.0026054,5,1155.045797
-5.232768,6,1155.162744
-6.6988034,7,1155.162782
-5.309081,5,1155.219693
-5.392085,8,1155.219728
-6.180326,6,1155.34024
-6.341302,6,1155.396692
-6.372363,7,1155.396724
-6.976314,8,1155.465264
-4.4914184,6,1155.610485
-7.7778096,8,1155.708524
-5.6731873,5,1155.708559
-6.9604545,7,1155.708564
-5.662431,5,1155.91996
-5.9348316,6,1155.919997
-5.6470966,5,1155.920003
-6.7434177,9,1156.061406
-5.477437,6,1156.141373
-7.1106615,7,1156.179976
-6.71348,8,1156.217698
-7.204482,7,1156.296214
-6.5589566,6,1156.405836
-8.129121,8,1156.448095
-5.142752,5,1156.508006
-7.7492504,10,1156.508033
-5.3384733,5,1156.613294
-4.974552,5,1156.655664
-5.571746,5,1156.694878
-6.680825,6,1156.753715
-6.4680605,7,1156.919128
-7.0432734,7,1156.963523
-5.147007,6,1157.005838
-7.267006,8,1157.055113
-5.4207907,6,1157.221178
-7.3047476,8,1157.261486
-8.156621,10,1157.303242
-6.4171734,9,1157.368726
-5.638444,5,1157.447892
-6.518592,6,1157.519267
-8.202659,10,1157.579606
-7.700867,8,1157.654018
-5.239684,6,1157.790082
-6.426731,8,1157.790117
-7.853114,11,1157.828161
-5.134342,7,1157.883667
-7.3953495,8,1158.017955
-5.9396105,8,1158.01799
-7.7557306,7,1158.074392
-8.482504,10,1158.111804
-5.0694957,5,1158.169728
-6.0329337,6,1158.208153
-6.1683416,7,1158.284094
-5.237152,5,1158.321178
-7.849968,8,1158.358264
-6.5474634,7,1158.489629
-5.7116466,5,1158.489664
-5.9593554,8,1158.545642
-6.9564815,13,1158.582569
-6.0676346,6,1158.658371
-5.962761,6,1158.714281
-6.8541427,7,1158.864542
-7.0903296,10,1158.864577
-1.8048818,13,1158.864583
-5.899482,7,1158.920252
-5.3358684,5,1159.014846
-5.035487,5,1159.014879
-6.388446,7,1159.070422
-6.9613357,7,1159.203807
-9.511552,10,1159.203845
-6.987523,9,1159.260188
-5.5940623,10,1159.336597
-6.3794155,6,1159.374468
-6.1826925,6,1159.431536
-5.370345,5,1159.487491
-8.653473,11,1159.523137
-6.3754826,8,1159.609668
-6.344143,6,1159.685722
-7.5723367,9,1159.722248
-7.526454,8,1159.780416
-5.0929008,6,1159.825632
-5.3676906,5,1159.86306
-5.99113,6,1159.92062
-4.8501043,5,1159.977762
-7.26453,7,1160.013707
-7.5431905,10,1160.164844
-6.3062115,6,1160.164887
-5.6268287,8,1160.164893
-7.8426957,8,1160.261549
-5.1587873,5,1160.379989
-6.0855846,5,1160.380025
-6.181676,6,1160.428046
-7.513688,8,1160.554113
-5.5769777,7,1160.608289
-7.352338,8,1160.648591
-6.9266872,9,1160.815238
-7.607046,9,1160.852421
-9.424362,9,1160.889916
-12.025561,18,1160.963054
-4.586275,4,1161.03895
-6.229145,6,1161.078852
-8.334901,11,1161.199668
-4.909047,5,1161.199702
-8.4139805,9,1161.266533
-6.998172,7,1161.311701
-5.5989323,6,1161.411278
-7.671052,9,1161.509052
-7.921758,8,1161.573116
-8.953394,10,1161.795584
-6.2357917,8,1161.866687
-11.1106415,14,1161.866721
-8.949102,9,1161.933749
-5.250855,6,1162.024951
-4.5933704,5,1162.096761
-8.344515,11,1162.219861
-5.1726923,6,1162.312551
8.250525,15,1162.392786
-5.3976517,5,1162.446122
-7.3250246,13,1162.523372
-7.2254696,7,1162.589158
-6.9092493,8,1162.685401
-6.3309464,6,1162.80634
-9.362596,10,1162.806376
-6.898514,8,1162.806382
-5.9833317,7,1162.93779
-6.4471035,6,1163.017946
-6.537113,7,1163.083388
-7.4126735,9,1163.159413
-6.768903,6,1163.384749
-6.9722238,8,1163.384784
-8.661791,13,1163.46265
-8.980228,13,1163.521246
-5.187694,5,1163.598206
-5.822301,5,1163.598241
-5.32515,8,1163.79101
-5.5996103,5,1163.791045
-5.911994,6,1163.857021
-7.01667,7,1163.857068
-7.088198,7,1164.031894
-7.29821,9,1164.141473
-5.047472,4,1164.202974
-8.857513,10,1164.203009
-4.9634852,4,1164.31144
-6.458541,6,1164.400342
-6.362632,7,1164.454542
-6.254301,6,1164.517966
15.415331,23,1164.61404
-5.756988,7,1164.655059
-7.059071,7,1164.694048
-5.6147833,5,1164.818057
-7.4617205,8,1164.818094
-4.813292,4,1164.878634
-5.7952313,5,1164.878663
-5.5936537,5,1165.003496
-4.828891,5,1165.003528
-6.833768,7,1165.107789
-7.9811454,8,1165.153284
-5.694417,7,1165.277209
-6.86664,7,1165.27725
-7.603052,9,1165.475525
-6.4654303,10,1165.475562
-5.6937957,6,1165.475569
-8.530134,11,1165.633451
-6.7642713,6,1165.702582
-6.418816,6,1165.702618
-6.991527,8,1165.780265
-4.9356766,5,1165.872358
-5.160475,6,1165.939892
-5.6530433,5,1165.982875
-7.000374,8,1166.036169
-2.9223528,6,1166.117853
-5.0490084,6,1166.186203
-6.2424726,6,1166.273056
-5.9406962,7,1166.273092
-8.599926,8,1166.425199
-6.7439556,7,1166.467155
-7.4638605,7,1166.546237
-5.7162375,5,1166.63868
-8.19668,11,1166.683746
-8.150967,8,1166.735694
-6.524161,7,1166.808421
-5.0111265,5,1166.878141
-8.241348,9,1167.015214
-6.8043575,7,1167.015246
-5.5970125,5,1167.015252
-5.344112,5,1167.164181
-4.862236,6,1167.208564
-7.4705706,7,1167.253192
-6.563261,7,1167.413218
-7.195685,7,1167.463205
-5.8704195,7,1167.512751
-6.3716164,7,1167.694192
-6.226974,7,1167.737032
-9.440441,10,1167.77993
-6.8220167,6,1167.954545
-5.755428,5,1167.954587
-5.920663,6,1168.021719
-5.0507083,4,1168.088777
-5.714175,5,1168.138857
-4.969116,7,1168.345854
-5.539457,6,1168.34589
-6.7085505,12,1168.44174
-6.5016203,6,1168.570925
-6.0847783,6,1168.570961
-6.6384783,6,1168.662864
-6.084486,7,1168.816633
-7.860743,7,1168.81667
-5.9554725,7,1168.920301
-6.6458597,7,1169.062383
-6.5425043,7,1169.157458
-6.910287,11,1169.209673
-6.711939,6,1169.299501
-7.0102034,7,1169.434342
-7.3668027,9,1169.532391
-7.36538,7,1169.679035
-11.647805,14,1169.79734
-9.168511,9,1169.888074
-5.3078766,5,1169.888111
-5.475688,5,1170.049939
-7.4648232,7,1170.049978
-6.9797063,8,1170.171335
-5.2576475,5,1170.28555
-5.518689,5,1170.28559
-6.363801,6,1170.406659
-3.863992,5,1170.450762
-5.6812525,7,1170.525901
-5.7898636,6,1170.6451
-5.8868036,5,1170.687236
-7.9486628,9,1170.729557
-5.2247086,5,1170.833746
-5.7043176,6,1170.927137
-6.960479,7,1170.996422
-5.912227,6,1171.064031
-5.7175503,6,1171.131669
-5.4244285,5,1171.233284
-5.7503066,6,1171.330356
-6.230603,7,1171.462903
-7.0636563,7,1171.556105
-11.951717,18,1171.598233
-6.7239423,10,1171.799864
13.364021,8,1171.859851
-6.399371,10,1171.915004
-6.615315,8,1172.075133
-5.9109955,7,1172.119477
-8.741901,10,1172.243064
-6.692679,6,1172.294339
-7.381927,7,1172.372931
-6.6156445,7,1172.530311
-2.0165408,9,1172.578743
-7.612909,8,1172.648073
-4.76707,6,1172.753811
-6.4177775,8,1172.792538
-6.438762,6,1172.831238
-6.0135283,7,1172.973506
-6.071954,8,1173.049251
-9.605685,10,1173.049286
-3.9554327,7,1173.169937
-5.8755627,6,1173.209826
-5.000327,6,1173.329016
-7.573193,11,1173.469049
-7.1765137,7,1173.506983
-5.9353786,5,1173.608016
-5.5284476,5,1173.646615
-5.4563017,5,1173.759781
-5.797988,5,1173.799097
64.811104,32,1173.920389
-5.8256626,5,1173.920427
-7.703099,9,1174.04091
-5.4462914,6,1174.079037
-5.919123,9,1174.166295
-5.836813,5,1174.204761
-5.2113934,5,1174.243115
-5.9347005,5,1174.323489
-6.264241,6,1174.40554
-7.8313994,8,1174.448072
-6.432657,7,1174.532546
-7.2179255,7,1174.613028
-6.8217926,8,1174.673288
-5.044053,5,1174.764454
-6.030487,10,1174.822412
-6.405732,8,1174.905946
-6.8546276,7,1175.004347
-5.6439905,6,1175.065461
-5.301141,8,1175.213706
-9.78841,19,1175.292682
-7.7116528,8,1175.292717
-5.866907,6,1175.39478
-6.1269627,6,1175.471305
-4.9057956,6,1175.588816
22.226072,12,1175.672223
-5.8809395,6,1175.672258
-6.1280384,6,1175.823707
-6.8568964,8,1175.886735
-5.604849,9,1176.105073
-6.382684,7,1176.105108
-5.1830764,5,1176.24514
-6.0382833,7,1176.308101
-4.692539,4,1176.371674
-8.185189,8,1176.514233
8854.821,300,1176.623823
-8.573359,12,1176.704065
-5.042646,6,1176.704101
-5.6186056,6,1176.842749
-6.5562906,6,1176.910566
-6.5737534,8,1176.980304
-6.414485,7,1177.081784
-4.928911,5,1177.081816
-6.2787085,7,1177.183137
-4.8061028,6,1177.243685
-5.1874113,5,1177.322104
-5.9718685,10,1177.360616
-6.259494,7,1177.442449
-5.9358654,5,1177.479512
-6.7199554,6,1177.538587
-5.910041,5,1177.598523
-5.952229,7,1177.679109
-6.065026,6,1177.718254
-5.29609,6,1177.780042
-5.3153806,6,1177.878296
-5.6178164,5,1177.878332
-4.992797,5,1178.017405
-8.231972,8,1178.017442
-7.7359943,7,1178.07567
-5.406954,6,1178.175141
-6.4861946,7,1178.214075
-6.58426,7,1178.272842
-5.745653,5,1178.393584
-7.915167,9,1178.454211
-6.1482797,9,1178.624204
-8.457394,10,1178.707889
-7.9854064,8,1178.831401
-1.7430727,7,1178.89192
-7.640437,7,1179.016918
-6.5085754,6,1179.055652
-6.3363423,6,1179.180692
-6.2736945,6,1179.220217
-4.9650097,4,1179.301958
-6.3915143,7,1179.405234
-6.0722833,9,1179.529576
-8.494372,9,1179.632622
-6.3286943,6,1179.778398
-6.4554157,6,1179.925413
-8.032277,10,1180.156213
17.922943,28,1180.214272
5358.5454,169,1180.294064
-5.3466473,7,1180.356119
-7.1355658,6,1180.395832
-5.186892,5,1180.518214
-5.5429783,7,1180.518249
-5.8393307,6,1180.576659
-6.980815,7,1180.696158
-7.6242247,8,1180.734282
-8.203875,9,1180.812435
-5.321265,5,1180.869935
-6.487068,7,1180.987948
-5.9486666,7,1181.047624
-8.265999,14,1181.085495
4.5448723,8,1181.204267
-6.625429,9,1181.283183
-6.546364,6,1181.425018
-9.971722,11,1181.485324
-8.502718,8,1181.624521
-6.247756,7,1181.661594
-5.209138,6,1181.780506
-5.639267,7,1181.837898
-7.310719,10,1182.026501
-6.9627495,9,1182.067631
-13.815496,40,1182.110383
-4.7598047,4,1182.210264
-6.057376,6,1182.265133
-6.90999,7,1182.265171
-4.89632,5,1182.401388
-5.7101097,5,1182.401424
-6.0419064,7,1182.440369
-6.4757905,6,1182.563988
-5.8868403,7,1182.602435
-7.468324,7,1182.64094
-5.290863,5,1182.743668
-7.0187,7,1182.782386
-7.3077135,7,1182.839934
-6.392462,8,1183.015661
-9.026389,10,1183.054088
-6.0679865,9,1183.113928
-4.6304617,5,1183.236179
-5.7279077,8,1183.27366
-9.028276,14,1183.393897
-5.4151583,6,1183.453975
-5.4857445,7,1183.454015
-5.574542,5,1183.578385
-7.2510905,7,1183.638333
-7.973501,10,1183.698119
-5.391848,6,1183.761012
-5.9587984,7,1183.860366
-5.5610576,5,1183.860407
-5.801818,6,1183.942045
-5.328375,5,1184.001823
-7.718218,9,1184.10597
-7.129336,7,1184.14892
-6.914833,8,1184.233207
-5.2005043,5,1184.279653
-5.791339,6,1184.340347
-6.319188,6,1184.459205
-6.7070966,6,1184.497756
-6.9875135,8,1184.600945
-6.0224295,6,1184.661012
-7.1786757,9,1184.719199
-6.422859,7,1184.800097
-5.5185375,5,1184.877823
-6.444351,7,1184.877856
10.757463,6,1185.034992
-7.7932115,8,1185.035029
-8.180952,14,1185.207715
-7.9505653,10,1185.282871
-6.6201277,10,1185.282908
8156.014,260,1185.319118
-6.1365957,7,1185.417281
-6.5089183,7,1185.493278
-5.811643,7,1185.493312
-8.7600975,9,1185.568785
-5.753288,7,1185.627599
-7.1786776,8,1185.721838
-4.5603695,5,1185.721872
-6.9047585,10,1185.777495
-5.925433,7,1185.834486
-6.418392,6,1185.890333
-4.885723,5,1185.965129
-7.524923,10,1186.038796
-10.852027,16,1186.134563
-6.2235136,8,1186.173311
-5.7851763,6,1186.227609
-10.728044,12,1186.22764
-5.758993,5,1186.304767
-5.5851946,5,1186.342302
-6.38763,6,1186.398175
-6.864546,8,1186.454262
-6.3617687,6,1186.511583
-7.1728845,8,1186.548248
-6.439846,7,1186.604639
-5.9295635,6,1186.64175
-6.732357,9,1186.796658
-6.7042375,8,1186.796695
-4.396529,5,1186.7967
-10.165048,10,1186.895159
-5.6296797,5,1186.937767
-5.9870687,6,1186.9996
-5.6567917,6,1186.99963
-5.7791924,5,1187.142809
-7.273778,8,1187.19781
-6.6707363,7,1187.197842
-7.9525466,10,1187.295221
-5.5582447,5,1187.363753
-6.974163,6,1187.363786
-5.9397287,6,1187.413534
-5.1536856,5,1187.488862
-5.237335,5,1187.525744
-5.764184,6,1187.600947
-7.5779448,7,1187.600982
-5.3752604,5,1187.775532
-5.5269084,5,1187.775566
-5.4246664,7,1187.775581
-5.543563,8,1187.775585
-6.690246,7,1187.956539
-7.1772633,7,1187.956575
-6.985017,8,1187.99333
-8.966181,9,1188.031839
-6.482461,8,1188.168265
-7.348506,7,1188.223843
-7.1241503,8,1188.223875
-9.831373,15,1188.374543
-5.112654,6,1188.374579
-7.480913,9,1188.45257
-7.346111,7,1188.567675
-6.764824,7,1188.567709
-5.996773,6,1188.625119
-7.3435273,7,1188.758497
-7.2058043,7,1188.758533
-6.6052256,9,1188.854374
-6.269089,6,1189.004814
-7.2344913,10,1189.004851
-7.3221345,11,1189.042672
-5.047447,6,1189.17579
-6.020078,6,1189.175822
-5.4725866,6,1189.31795
-5.403165,7,1189.357617
-7.394714,13,1189.394605
-4.647378,5,1189.473028
-5.963482,7,1189.594597
-8.800934,10,1189.652295
-6.783478,7,1189.691302
-5.013637,5,1189.751182
-6.2722406,6,1189.849114
-5.1036177,5,1189.849152
-4.6660776,4,1189.947449
-8.622709,9,1190.006046
-5.483715,7,1190.045099
-5.939927,7,1190.147025
-4.9026575,7,1190.205566
-6.558108,6,1190.37712
-9.378261,12,1190.377163
-9.090429,10,1190.435249
-4.942213,5,1190.513059
-6.9374027,7,1190.571076
-5.3887806,6,1190.61042
-5.817813,7,1190.728781
-4.6688557,5,1190.728817
-7.4121346,7,1190.807773
-5.2250547,5,1190.866297
-6.9031034,7,1190.925845
-7.065908,7,1191.005658
-5.68223,6,1191.043636
-5.4590826,6,1191.102056
-4.2223444,4,1191.139728
-8.123895,9,1191.301848
-5.9494915,6,1191.301882
-9.221491,10,1191.395777
-7.071088,7,1191.536044
-5.6035857,5,1191.585875
-5.6775484,5,1191.694129
-7.605854,7,1191.776605
-9.6481285,16,1191.818614
-6.9133105,7,1191.912834
-5.6555185,6,1191.993986
-6.7237635,9,1192.080115
-5.8141174,5,1192.080154
-5.495394,5,1192.225916
-6.551272,10,1192.306865
-6.1622887,9,1192.354244
-6.992015,7,1192.446244
-5.2336307,5,1192.526962
-7.39561,8,1192.587749
-6.674711,7,1192.746379
-7.767568,10,1192.784453
-5.9955244,8,1192.84343
-5.6421084,5,1192.902837
-5.9233894,6,1193.01328
-7.254416,11,1193.104617
-5.407447,7,1193.229126
-6.6314125,6,1193.289386
-5.531128,7,1193.423221
-6.8770857,7,1193.48931
-5.9641023,6,1193.632982
-8.908037,10,1193.693279
-6.7601385,7,1193.900866
-7.0204973,9,1193.900903
-6.132538,6,1194.057646
-4.773496,6,1194.057681
-6.808051,9,1194.253662
-6.011447,5,1194.372109
-7.700526,8,1194.581601
-6.4708085,8,1194.75953
-4.575971,5,1194.894513
-3.0097287,36,1194.932379
-7.085645,7,1195.068969
8.062607,8,1195.12729
-5.044264,5,1195.20561
20.264017,96,1195.398166
-9.045503,11,1195.398203
-6.99108,9,1195.435776
-5.264631,6,1195.55571
-5.396881,7,1195.613486
-5.242492,6,1195.613517
-6.4067597,6,1195.755477
-9.71967,10,1195.833097
-7.1218085,11,1195.891375
-6.2260313,6,1195.928399
-5.164645,5,1195.98719
-5.636565,5,1196.045874
-5.5169973,6,1196.104579
-6.289633,7,1196.183205
-5.246666,6,1196.261513
-6.98155,10,1196.319001
-8.607032,8,1196.39887
-6.08665,6,1196.436206
-6.327702,6,1196.494159
-6.218934,7,1196.593232
-7.0091834,8,1196.654456
-6.558833,11,1196.798562
-7.9853005,10,1196.877978
-8.016355,9,1196.922286
-7.321748,11,1197.082273
-8.736818,9,1197.158849
-7.2835393,10,1197.158881
-4.627664,5,1197.237634
-6.712726,6,1197.343898
-6.9397936,7,1197.404932
-6.341088,6,1197.468015
-5.688334,5,1197.527054
-6.876133,6,1197.592889
-5.313166,7,1197.672727
-7.436151,7,1197.753201
-5.672688,5,1197.753236
-6.0315995,5,1197.838851
-5.6013227,5,1197.902953
-6.2699823,6,1198.011301
-8.38653,12,1198.093348
-6.586176,10,1198.175072
-7.6512265,7,1198.215186
-6.502431,6,1198.274668
-7.768617,8,1198.414232
-7.163384,7,1198.414267
-8.3379345,10,1198.535693
-6.8716655,8,1198.618979
-6.02126,6,1198.698503
-5.7979507,6,1198.778885
4.5948224,18,1198.88313
-7.6270514,8,1198.921428
-6.9945188,10,1199.054038
-5.6388164,6,1199.092948
-8.881136,11,1199.229377
-6.038967,6,1199.289335
-5.825916,6,1199.40132
-9.622557,13,1199.458442
-6.569193,8,1199.515316
-4.6674776,5,1199.553865
12074.686,402,1199.590711
-6.291395,6,1199.648723
-5.654249,7,1199.746491
-5.512428,5,1199.746526
-4.97186,4,1199.784103
-9.986866,11,1199.880672
-5.898818,7,1199.940355
-5.341113,8,1199.995783
-7.1766086,7,1199.995815
-5.877623,7,1200.130964
-6.8897605,7,1200.186837
-8.888966,10,1200.186875
-6.703801,10,1200.263134
-4.874727,4,1200.302431
-7.2849984,9,1200.398191
-4.4288197,9,1200.434974
-6.062191,6,1200.638084
-6.604477,11,1200.638124
-7.8165965,12,1200.638131
96.41785,7,1200.638135
-6.2511964,6,1200.779279
-5.440326,7,1200.835975
-7.012379,7,1200.836008
-7.470569,8,1200.873363
-7.224548,7,1203.2933
-7.0350127,7,1203.35112
-6.9613733,9,1203.387805
-6.2525387,6,1203.463627
-6.2443447,7,1203.540968
-7.8454256,9,1203.618955
-5.274694,6,1203.698105
-9.632662,11,1203.755732
-5.603796,9,1203.891177
-6.7385798,6,1203.891216
-6.9152174,6,1203.953121
1.5265417,30,1203.991422
-6.5615177,6,1204.1106
-6.107482,6,1204.165915
-7.41578,9,1204.165947
-9.878062,10,1204.203098
-5.7327313,5,1204.280746
-5.3119583,6,1204.339677
-5.6733646,7,1204.397829
-5.629848,5,1204.436134
-5.403478,5,1204.512003
-8.611935,11,1204.512039
-5.538025,5,1204.568094
-5.94739,7,1204.64624
-6.1795473,8,1204.728777
-7.417557,9,1204.767849
-5.2670584,5,1204.808133
-6.621387,9,1204.847177
-5.3407574,6,1204.929717
-7.0445223,8,1205.006836
-7.2542048,8,1205.044156
-7.749349,8,1205.081111
-7.2253146,8,1205.2172
-7.3851433,8,1205.293614
-7.8610063,13,1205.293652
-6.815695,12,1205.420924
-6.0667977,6,1205.458193
-5.663111,6,1205.513659
-6.5021687,7,1205.55071
-5.503758,7,1205.643935
-5.216363,6,1205.643968
-6.022993,7,1205.721482
-8.391169,8,1205.778696
-6.1324835,6,1205.818294
-4.73045,7,1205.856287
-6.6084566,7,1205.933374
-4.8363795,4,1205.971473
-5.692621,8,1206.027355
-5.7909746,8,1206.065352
-7.0049386,7,1206.144839
-4.703253,5,1206.183344
-8.37117,8,1206.222257
-6.7003193,7,1206.379304
-5.958859,6,1206.379342
-10.068865,13,1206.49563
-5.8492794,5,1206.627834
-8.548525,10,1206.627869
-5.46094,14,1206.723368
-5.539352,5,1206.760988
-6.280013,6,1206.798868
-5.1367006,5,1206.895313
-7.5429044,8,1206.951457
-7.305441,7,1206.987919
-5.6926765,5,1207.0476
-5.2388344,5,1207.106212
-5.2714972,6,1207.162104
-5.7771034,5,1207.292622
-6.9823036,9,1207.292657
-7.0784593,11,1207.388977
-4.979265,6,1207.447371
-6.7795544,53,1207.505342
-5.2756414,5,1207.543096
-6.8892198,6,1207.620628
-5.6757374,5,1207.677843
-5.979012,8,1207.736304
-4.8207564,5,1207.774137
-6.5151525,6,1207.850646
-5.9517255,6,1207.906573
-6.677409,6,1208.001185
-8.172659,12,1208.078654
-5.91152,5,1208.136921
-9.12191,10,1208.174909
51.218143,34,1208.249984
-5.5391264,5,1208.250021
-4.971011,7,1208.367766
-5.8208203,10,1208.445092
-6.166523,7,1208.445129
-6.631008,6,1208.621606
-4.9024444,6,1208.621644
-7.866986,8,1208.62165
-11.856063,14,1208.659728
-5.921664,5,1208.780285
-5.5454273,5,1208.780321
-4.9301577,5,1208.896895
-10.658981,14,1208.99358
-8.28915,12,1209.072137
-7.2359796,8,1209.110058
22.664043,18,1209.1478
-5.7869215,6,1209.185506
-4.9582906,6,1209.263705
-5.6324477,6,1209.301754
-7.52206,8,1209.398254
-6.608657,7,1209.398291
-6.0709496,6,1209.456365
-6.237735,6,1209.494492
-5.5505886,5,1209.552243
-6.3764534,7,1209.634746
-4.6512556,5,1209.634783
-5.737632,6,1209.712426
-8.203299,9,1209.876798
-6.9364047,7,1209.876834
-7.200908,9,1209.96057
-5.0125217,7,1209.960605
-8.184756,8,1210.142684
-8.144339,9,1210.181231
-8.130666,8,1210.228554
2.0107527,10,1210.286736
-5.701408,5,1210.364372
-6.272161,6,1210.364407
-6.101413,6,1210.423853
-4.702467,5,1210.483814
-5.6981955,5,1210.559094
-5.8584127,6,1210.625777
-5.017393,4,1210.62581
-6.5352345,6,1210.717302
-5.08466,5,1210.756598
-7.1055593,8,1210.898774
-6.894904,8,1210.898808
-5.427724,5,1210.940232
-5.8891134,5,1211.082299
-4.4801207,5,1211.122271
-6.618582,7,1211.161028
-7.9250855,14,1211.24852
-5.1726646,5,1211.292353
-4.583484,5,1211.33253
-5.7561893,5,1211.419819
-7.1069813,7,1211.508468
-9.556042,13,1211.602687
-5.26272,6,1211.60272
-6.7793827,10,1211.640176
-4.579378,4,1211.715829
-6.55118,8,1211.752949
-5.075869,6,1211.790895
-5.6846204,6,1211.829656
-5.289175,5,1211.88725
-6.7798023,6,1211.943845
-5.098401,6,1211.981269
-5.3863125,5,1212.076762
-7.2648935,8,1212.180131
-7.858431,12,1212.217366
-7.0167594,8,1212.29702
-9.044062,18,1212.337111
-9.404125,10,1212.487067
-6.574544,9,1212.487105
-6.5593324,7,1212.545353
-9.60203,11,1212.622354
-6.35676,6,1212.664782
-6.004347,8,1212.722531
-3.4930766,8,1212.779849
-6.2413044,7,1212.855081
-5.180565,6,1212.855114
-5.841261,5,1212.933403
-6.4140396,6,1213.021812
-6.5856886,8,1213.079043
-6.64183,7,1213.138102
-6.0734224,7,1213.242889
-9.487029,17,1213.242923
-6.373427,6,1213.31884
-7.9552035,10,1213.376362
-6.2639017,8,1213.4519
-7.328562,7,1213.510653
-11.306505,11,1213.567722
-5.3223104,6,1213.567758
-6.9709377,7,1213.668273
-6.0926986,6,1213.710453
-6.8911505,6,1213.771525
-6.281333,6,1213.771559
-4.7442994,6,1213.883439
-7.2598267,7,1213.952409
-6.519397,7,1214.005623
-6.2872577,8,1214.045117
-5.4296803,5,1214.140501
-5.491948,5,1214.198529
-9.636499,11,1214.260414
-5.564746,5,1214.297359
-5.963463,11,1214.354216
-5.3019795,5,1214.412591
-6.6582565,7,1214.488507
-4.9091215,4,1214.523993
-3.3630373,14,1214.601937
-5.584221,5,1214.64007
-7.7142315,11,1214.677737
-5.4887,7,1214.733257
-5.4532766,8,1214.827718
-7.2006764,7,1214.864613
-8.21385,9,1214.959688
-6.002018,6,1214.997139
-7.1554885,8,1215.09481
-5.4722223,6,1215.157814
-5.6650257,5,1215.256052
-6.6904016,8,1215.256086
-7.2534146,6,1215.336668
-5.047648,5,1215.394759
-7.230354,7,1215.453422
-5.795004,6,1215.550973
-7.432364,11,1215.645361
-7.2511373,7,1215.645394
-7.679895,8,1215.762642
-6.2123785,6,1215.800028
-6.2413993,7,1215.837546
-5.745878,6,1215.956385
-5.902003,6,1215.995793
-7.1449857,9,1216.035704
-2.1288128,51,1216.094729
-5.2222443,5,1216.132632
-5.712916,5,1216.191168
-7.5405846,8,1216.252339
-5.469039,7,1216.312046
-7.286628,7,1216.390113
-7.433949,11,1216.465448
-5.297179,5,1216.465484
-6.9952164,8,1216.503062
-4.939067,6,1216.620397
-6.2370563,7,1216.694062
-6.839218,9,1216.694091
-6.274216,6,1216.694097
-5.934248,6,1216.812355
-5.529522,6,1216.850467
-5.14577,7,1216.888636
5.830756,8,1216.926668
-6.2873993,6,1217.009377
-7.2192397,6,1217.094736
-7.10885,7,1217.094773
-6.3264637,7,1217.154636
-5.252269,5,1217.193971
-6.658271,7,1217.318185
-5.760657,5,1217.318223
-7.8575993,8,1217.357954
-6.055984,6,1217.396031
-5.6084366,5,1217.475178
-5.602502,6,1217.518331
-6.072173,6,1217.558521
-7.7968125,9,1217.697868
-5.297714,6,1217.697907
-5.6371317,5,1217.697914
-6.4959946,8,1217.797443
-5.498467,6,1217.874614
-6.3256493,6,1217.874647
-5.7027054,7,1217.91255
-5.5187335,5,1217.969868
-6.9978385,7,1218.067773
-5.7271276,5,1218.107245
-8.513441,9,1218.164863
-6.010662,8,1218.164898
-5.7654333,5,1218.266335
-6.878608,7,1218.304257
-6.288981,6,1218.342473
-6.9860945,7,1218.380685
-6.091357,6,1218.481786
-6.6394343,8,1218.537981
-5.8179426,6,1218.538009
-6.4389195,7,1218.596267
-6.8991017,6,1218.672628
-5.911436,5,1218.747473
-7.067472,7,1218.747503
-5.8762035,5,1218.841054
-8.993212,10,1218.841086
-2.7252126,5,1218.90035
-7.615567,7,1218.960419
-5.197464,5,1219.000356
-7.76208,8,1219.096885
-5.985752,6,1219.096919
-6.74918,6,1219.155902
-6.128669,7,1219.215905
-5.691249,5,1219.255013
-5.774842,6,1219.292858
-5.735506,8,1219.412557
-6.8687716,6,1219.412592
-7.3297997,8,1219.507817
-7.5276947,7,1219.507852
-5.802902,5,1219.566926
-5.9619603,7,1219.625071
-4.832217,6,1219.682692
-9.866003,10,1219.778749
5.930581,10,1219.855404
-5.226572,6,1219.855439
-6.0815754,6,1219.971257
-7.4117994,12,1219.971292
-4.787987,7,1220.049338
-6.3621855,6,1220.127992
-7.5273786,11,1220.167282
-7.2403927,8,1220.205717
-7.77205,8,1220.284013
-5.750353,6,1220.322441
-5.607546,6,1220.361405
-6.5589485,8,1220.441175
-4.844534,5,1220.500075
-6.364233,8,1220.537953
-7.494427,8,1220.57601
-5.3593597,5,1220.613529
-6.0928063,6,1220.733612
-6.704522,8,1220.773386
-5.481413,7,1220.811909
-6.527246,11,1220.850451
-5.513815,5,1220.932343
-6.898198,7,1221.011614
-2.0105677,10,1221.049241
-5.543376,5,1221.086241
-5.360381,5,1221.231814
-8.283173,13,1221.231849
0.76704836,9,1221.314096
-8.077303,11,1221.351178
-4.865239,4,1221.465388
-7.1176834,7,1221.465425
-5.344429,7,1221.465432
-6.104148,6,1221.541235
-4.834212,5,1221.599669
-5.7283206,6,1221.637889
-6.41391,8,1221.69444
-8.77795,9,1221.790331
-5.776188,7,1221.830766
9.937354,10,1221.893796
-7.242385,8,1221.931684
-4.997138,7,1222.009487
-7.2825007,7,1222.047713
-6.2943354,7,1222.1042
-7.209476,7,1222.142141
-6.6031375,8,1222.240907
-5.7612705,5,1222.278143
-8.403806,9,1222.316833
14.342165,9,1222.375349
-5.5251036,5,1222.413624
-5.0734186,5,1222.512506
-6.9970064,8,1222.550813
-5.7609253,6,1222.588276
-4.594938,5,1222.705507
-6.8688283,7,1222.744127
-10.555948,17,1222.801225
-9.312761,9,1222.80126
-5.7114077,5,1222.877995
-7.1578307,7,1222.972686
-6.4890924,6,1222.972721
-5.318371,5,1223.092273
-5.924213,6,1223.131864
-10.262236,14,1223.254312
-6.0679293,8,1223.332364
-6.1170435,7,1223.332401
-6.4264593,7,1223.472251
-5.09079,5,1223.472288
-5.5737166,5,1223.59759
-6.6986003,9,1223.717012
-10.455933,14,1223.717046
-6.5692773,9,1223.84073
-5.561798,6,1223.879344
-6.4025393,8,1223.938195
-6.3548927,7,1224.040702
-5.3407745,5,1224.079853
-8.757402,11,1224.179057
-7.2976313,7,1224.257996
-5.6449757,5,1224.317613
-10.059084,11,1224.356309
-5.8781796,6,1224.435674
-6.9834003,6,1224.493997
-6.493786,8,1224.573602
-4.786684,5,1224.633648
-6.2725472,6,1224.73267
-5.898719,5,1224.77111
-7.779555,8,1224.942126
-5.5011735,6,1225.085954
31.818115,14,1225.137696
29.539906,31,1225.275373
-7.516475,8,1225.333491
-5.444396,5,1225.413576
-7.941789,13,1225.49232
-6.261298,7,1225.529409
-5.950287,5,1225.646384
-6.693841,12,1225.743086
-6.828304,9,1225.743121
-5.907977,5,1225.801797
-5.687304,6,1225.900811
-6.188215,7,1225.938459
-6.5309286,8,1226.018928
-7.2619867,7,1226.096998
-6.3658047,7,1226.134618
-5.525481,6,1226.191556
-5.7185855,8,1226.330257
-5.0653286,5,1226.330294
-8.600693,12,1226.444388
-5.215315,6,1226.500209
-6.821983,6,1226.500245
-6.266043,6,1226.638595
-5.8098893,8,1226.715436
-8.03133,9,1226.715469
-8.673399,9,1226.867787
-7.776597,8,1226.92294
-6.9113083,8,1226.922972
-5.0325994,5,1227.024267
-5.3173456,6,1227.089619
-7.728665,7,1227.12798
-5.4786787,5,1227.22384
-8.383421,8,1227.261747
-5.7239513,5,1227.361359
-6.0435953,6,1227.427402
-6.625903,7,1227.540083
-6.7675,8,1227.716804
60.377144,25,1227.754593
-6.581387,6,1227.904036
-6.99981,9,1227.972564
-5.512144,5,1228.063613
-5.3356433,5,1228.125623
-6.863855,7,1228.316175
4.5368423,10,1228.355464
-5.3590784,7,1228.528556
-9.302875,13,1228.648968
-6.0774975,8,1228.728207
-6.069155,6,1228.807618
-5.3463736,5,1228.867764
-6.4156423,7,1228.997365
-6.3250275,6,1229.036935
-5.3419533,5,1229.159637
-7.4183536,7,1229.198088
-5.454277,6,1229.32202
-7.6971126,10,1229.457239
-5.565313,5,1229.579376
-6.103577,5,1229.717669
-10.967155,15,1229.717705
-6.6739073,7,1229.884399
-6.6006613,8,1229.923841
-6.675131,7,1230.073572
-7.0062633,7,1230.114501
-4.940244,5,1230.230587
-8.23933,13,1230.441816
2.0326805,10,1230.480599
-4.7529097,6,1230.608017
4201.7656,291,1230.682097
-6.0433164,5,1230.805085
-5.737221,8,1230.843297
-6.604476,7,1231.002997
-6.138373,7,1231.163328
-9.679526,19,1231.260409
-5.2075186,5,1231.298274
4727.4116,154,1231.433591
-6.785143,7,1231.470169
-28.922312,43,1231.584948
-4.917077,5,1231.584985
-5.569681,6,1231.64377
-4.936708,4,1231.702761
50.270668,17,1231.740586
-6.6227145,7,1231.84098
-6.665004,10,1231.880141
-8.587231,8,1231.957079
-7.138251,7,1231.957117
-6.164604,7,1232.068281
-5.343157,7,1232.107937
-6.593806,6,1232.144892
-6.4160724,7,1232.263762
-6.1137557,6,1232.320005
-6.9826465,7,1232.320037
-4.91105,5,1232.443744
-9.635816,16,1232.443782
-5.1952834,5,1232.506717
-5.8167663,5,1232.506755
-6.272684,6,1232.680635
-5.2995133,5,1232.680673
-7.4670534,8,1232.740686
-5.9804554,8,1232.784703
-6.108097,6,1232.867822
-6.3419366,7,1232.909991
-6.090537,7,1232.997137
-5.625145,6,1232.997194
-6.7642093,7,1233.148775
-5.718091,5,1233.191557
-5.8560934,6,1233.235846
-7.438634,11,1233.337902
-5.259857,6,1233.415888
-5.9867754,6,1233.462765
-4.978359,5,1233.535708
-8.960804,11,1233.58517
-6.3341336,6,1233.662748
-4.5513496,4,1233.7312
-8.377163,8,1233.78718
-5.111083,5,1233.892247
-7.816956,9,1233.94828
-5.4405804,5,1234.044517
-8.270119,9,1234.141461
-5.5515513,8,1234.211518
-6.0947394,8,1234.309571
-5.5846205,5,1234.391076
-5.2519264,5,1234.479803
-5.871831,11,1234.538764
40.777077,17,1234.583502
-7.6410527,7,1234.713126
-7.2530484,11,1234.767446
-7.522148,8,1234.815665
-5.5206914,9,1234.88687
-6.335843,7,1235.023412
-7.156941,10,1235.120069
-6.8439255,8,1235.120103
-7.389403,7,1235.185778
-5.7492256,5,1235.257803
-5.9909544,7,1235.357279
-5.0670643,7,1235.410894
-7.2903833,11,1235.536731
-6.62931,8,1235.536766
-6.5110836,8,1235.657155
-7.8600416,8,1235.73535
-5.7881117,5,1235.735384
-5.3712683,5,1235.73539
-6.690303,7,1235.925484
-6.33014,9,1236.008813
-7.469289,11,1236.067448
-0.15693927,11,1236.115104
-4.6504307,6,1236.257296
-5.7429557,7,1236.383587
-5.8476324,6,1236.383623
-8.550091,10,1236.383631
-5.5733747,6,1236.513684
-6.5078673,7,1236.603265
-7.5457296,8,1236.642174
-4.5265746,5,1236.844553
-7.8203163,8,1236.844589
-4.0583353,4,1236.844597
-4.7666674,5,1237.029239
-5.5177855,6,1237.089368
-5.064992,7,1237.127557
-6.5386915,7,1237.307877
-5.4523935,6,1237.307913
-6.6217327,7,1237.378439
-5.5141153,5,1237.482547
-5.9423666,7,1237.541878
-6.8139925,6,1237.595608
-7.1898575,8,1237.760252
-8.517414,9,1237.864541
-6.125888,6,1237.928686
-5.730192,5,1238.013075
-4.4520397,5,1238.074957
-6.2439294,6,1238.182298
-5.5056868,6,1238.244524
-5.3829856,6,1238.350337
-7.356262,8,1238.455694
-7.2753,7,1238.560134
-9.885302,10,1238.863302
36.194183,15,1238.944088
-5.039605,4,1239.006642
-4.79411,5,1239.112715
-5.1664925,5,1239.303463
-7.702485,9,1239.34927
-5.871435,7,1239.56929
-6.253857,9,1239.681713
-5.1943007,7,1239.784929
-6.83703,7,1239.868864
-5.3762994,6,1239.951074
-7.5892386,10,1240.117541
-9.98286,11,1240.247479
-5.1896496,6,1240.320659
-5.7425766,6,1240.460637
-8.212881,9,1240.656784
-6.5885525,7,1240.729257
-7.0455775,9,1240.93144
-6.996813,10,1241.012655
-6.2999153,7,1241.154299
-5.1855884,5,1241.199734
-5.066551,5,1241.339871
-5.3693933,8,1241.50452
3292.5967,155,1241.544687
-7.740624,7,1241.604832
-5.765081,5,1241.731419
-6.516194,6,1241.731454
-5.7418914,5,1241.805565
-6.338629,6,1241.966389
-6.197135,7,1242.008389
-5.1185923,8,1242.127277
-1.2836039,6,1242.197578
-6.9282684,7,1242.275283
-7.299007,7,1242.45657
-4.9390707,5,1242.456608
-10.440033,10,1242.498037
-6.1079984,6,1242.706637
-6.6910763,6,1242.706675
-5.7831645,5,1242.706681
-5.9156976,5,1242.902614
-6.053563,7,1242.984845
-7.672426,8,1243.026196
-4.529251,4,1243.068592
-6.456749,7,1243.25671
-5.1292577,5,1243.256745
-8.116115,8,1243.328579
-5.766093,6,1243.469886
-6.294725,6,1243.602846
-5.798962,8,1243.602881
-5.5062714,6,1243.818963
-6.8291225,8,1243.89925
-6.0098505,5,1243.99364
-7.286458,8,1244.169286
-5.9722276,6,1244.211015
-5.5415864,5,1244.364821
-5.613394,8,1244.492956
-7.074139,8,1244.657187
-6.513866,7,1244.771656
-8.486408,35,1244.828412
-5.817729,5,1244.893241
-8.5927105,9,1245.127532
-5.838716,8,1245.19403
-7.4472785,9,1245.194061
-5.6662264,6,1245.412979
-8.588754,8,1245.475252
-5.9860725,8,1245.528081
-5.8675632,5,1245.675674
-6.2018685,9,1245.795053
-5.0136986,5,1245.884825
-6.0336356,6,1246.016418
-6.974839,6,1246.076873
-4.977922,5,1246.191239
-6.48874,6,1246.294724
-6.8027735,6,1246.398835
-6.650961,7,1246.553868
-6.886606,8,1246.708459
-6.7303424,7,1246.813055
-6.9666824,7,1247.059727
-9.801981,10,1247.059763
-5.2403417,5,1247.229774
-6.6030254,9,1247.361339
-6.3966165,7,1247.453212
-7.752987,8,1247.676322
-8.187308,12,1247.738432
-5.782366,6,1247.881722
-7.651114,9,1247.981503
-7.073954,8,1248.080015
-5.605158,7,1248.158042
-6.787575,7,1248.259215
-6.258069,7,1248.339566
-5.5280056,5,1248.421558
-5.8561144,5,1248.558019
-5.6545696,7,1248.558054
-5.0707865,5,1248.672191
-6.768351,10,1248.785943
-6.569355,6,1248.823173
-5.7488904,5,1248.951918
-2.6801946,8,1249.048228
-7.1404495,7,1249.125161
-7.595741,9,1249.259363
-6.715727,7,1249.296306
-5.1224756,7,1249.455843
-7.330947,14,1249.5928
-5.3654966,7,1249.63092
-43.52198,137,1249.667402
-5.8439302,6,1249.804134
-6.354351,7,1249.804173
-5.5461025,6,1249.841205
-5.1365986,5,1249.936835
-5.8264456,5,1249.973112
-5.6805687,5,1250.068505
-9.04445,13,1250.146636
-5.7399282,8,1250.184369
-5.0007153,5,1250.222639
-6.1899,6,1250.358397
-6.2509675,7,1250.358433
11233.313,390,1250.418185
-6.273339,9,1250.478164
-5.2900257,5,1250.522025
-6.060714,6,1250.579826
-4.943239,4,1250.579856
-6.468582,6,1250.678293
-4.7837152,6,1250.735854
-8.186838,9,1250.795127
-8.728027,11,1250.875419
-5.5270195,7,1250.939388
-7.23226,8,1251.075583
-8.670518,16,1251.226637
-5.425219,5,1251.22667
28.115372,11,1251.226676
-6.0125227,7,1251.412407
-6.8393555,7,1251.412443
7.7408953,28,1251.452438
-7.647777,10,1251.510357
-4.578434,4,1251.547525
-6.3677034,6,1251.626551
-6.483407,8,1251.664746
-7.5576344,8,1251.740796
-8.851395,10,1251.818127
16.405855,7,1251.854833
-7.60891,9,1251.892385
-6.586035,6,1252.004647
-1.7975237,9,1252.00468
-6.051609,7,1252.083014
-7.3192387,9,1252.120379
-6.208052,6,1252.200343
-6.227029,6,1252.200379
-4.747017,6,1252.297658
-6.599865,8,1252.33647
-4.645767,6,1252.375761
-7.117438,7,1252.41918
-5.61246,5,1252.477617
-4.730158,5,1252.535457
-7.468681,7,1252.613562
-5.524232,5,1252.671627
-7.000119,9,1252.846058
-8.112364,18,1252.846094
-6.7363143,10,1252.923739
-7.601498,9,1253.099123
-7.389295,9,1253.099165
-6.4920473,6,1253.099171
-4.856637,5,1253.215862
-5.813139,6,1253.254622
-6.2749686,7,1253.291957
-5.356533,4,1253.388142
-8.645067,9,1253.484464
-6.2341,7,1253.561681
0.360075,14,1253.599593
-10.281549,45,1253.676276
-5.937803,7,1253.756193
-6.4413404,8,1253.829668
-10.629565,13,1253.871653
-6.8277154,7,1253.912338
-5.2341433,5,1253.952888
-5.3065577,7,1254.062048
-5.2540493,7,1254.103269
-6.535989,6,1254.142196
-6.299323,10,1254.230569
-6.025153,6,1254.301723
-5.2736826,6,1254.343686
-5.4171615,5,1254.50431
-8.762377,10,1254.622663
-6.011636,7,1254.622698
-6.0508404,6,1254.705807
-5.431035,6,1254.784014
-5.1377106,5,1254.845449
-4.918684,5,1254.931507
-8.549491,15,1255.029819
-6.926806,6,1255.106011
-7.646851,9,1255.106044
-6.1920643,6,1255.249428
-6.7297754,7,1255.305367
-7.924819,9,1255.305404
-7.376354,7,1255.449605
-6.116881,7,1255.488145
-8.039387,8,1255.526024
-4.8839264,5,1255.607638
-6.32336,9,1255.770728
-6.545887,8,1255.770764
-5.40757,5,1255.77077
-6.3727803,6,1255.913136
-7.112098,8,1255.972556
-9.029026,9,1256.010419
-5.2361,6,1256.147708
-8.378666,12,1256.225944
-5.9090276,7,1256.326838
-6.9401407,8,1256.426799
-5.536826,6,1256.486238
-6.2484326,6,1256.595646
-5.283463,5,1256.634628
-5.1673603,5,1256.734087
-5.539855,5,1256.852708
-7.2491674,12,1256.931663
-5.454485,5,1256.989208
-6.584257,8,1257.133552
-8.034412,8,1257.196151
-6.15199,8,1257.346555
-6.212974,8,1257.406376
-7.131599,7,1257.564474
-9.316907,12,1257.643762
-6.28172,6,1257.721847
-7.794017,8,1257.839217
-8.173523,9,1258.038987
-6.5797253,7,1258.203197
-10.560211,26,1258.341977
-36.438942,94,1258.342016
-4.7295804,6,1258.380775
-7.9491825,10,1258.622492
-8.271587,9,1258.622527
3.7710385,12,1258.685333
-6.4956903,6,1258.805455
-9.199889,9,1258.896991
-6.454423,9,1259.036243
-12.794677,17,1259.151295
-7.152488,10,1259.15133
-6.565572,6,1259.322343
-7.6157336,10,1259.322379
-6.1486845,7,1259.361075
-5.5200634,5,1259.492839
-7.162575,7,1259.53092
-6.5837326,8,1259.573896
-6.4747415,6,1259.727985
-5.8933725,6,1259.775812
-4.77146,5,1259.89526
-5.1588225,6,1259.955966
-7.252118,18,1260.063639
-6.577894,7,1260.104
-4.6878233,5,1260.210915
-8.296749,10,1260.259127
-5.6606426,7,1260.319195
-6.459938,6,1260.419836
-6.3239326,5,1260.419873
-8.659852,9,1260.565903
-5.6853404,7,1260.606876
-7.0449777,8,1260.645892
-6.3455753,6,1260.771811
-7.3113427,9,1260.852462
-5.932911,7,1260.8525
-7.275249,8,1261.018837
-5.397414,8,1261.095851
-7.0146813,8,1261.095887
-5.6422176,5,1261.234281
-5.1797023,5,1261.234317
-8.055146,12,1261.363071
-7.1738763,10,1261.515579
-6.5380373,7,1261.717256
-9.257391,13,1261.759026
-6.748418,6,1261.977651
-8.964823,10,1262.126296
-5.3693857,5,1262.20198
-6.127141,6,1262.341737
-7.061793,10,1262.52714
-7.252206,8,1262.590171
-6.6363373,8,1262.807779
-8.403486,10,1262.807815
-5.2532163,5,1262.948624
-7.245077,10,1263.126623
-5.273163,7,1263.187958
-6.152958,6,1263.334196
-9.099215,10,1263.564968
-5.513813,6,1263.565007
-5.736273,5,1263.739202
-5.459817,6,1263.786601
-5.314946,5,1263.953809
-8.389914,9,1264.073651
-5.8306656,5,1264.170392
-5.8798623,7,1264.337209
-6.710761,7,1264.416231
-5.3068824,5,1264.501686
-5.0832324,7,1264.615668
-6.2003098,6,1264.676713
-5.949713,6,1264.840831
-6.049616,6,1264.908741
-5.746433,8,1265.111858
-6.6729403,6,1265.111893
-4.565516,8,1265.352833
-9.504486,9,1265.392594
-6.3541584,6,1265.51512
-5.5865946,6,1265.554857
-5.3235435,5,1265.675742
-6.4184084,7,1265.713948
-29.240484,137,1265.751816
-5.2124043,5,1265.892529
-6.358243,6,1265.892567
-6.0056243,5,1267.55725
-5.810331,10,1267.714606
-6.6996775,7,1267.784488
38.355595,21,1267.854694
-5.704178,5,1267.98004
-6.4584756,10,1268.098544
-7.9241095,7,1268.148499
-6.236431,7,1268.255668
-5.9475994,6,1268.346878
-7.9223437,10,1268.439605
-6.706204,7,1268.574508
-8.429804,11,1268.626929
-7.270943,7,1268.692399
-5.527275,5,1268.760943
-6.298546,6,1268.853581
-5.174246,5,1268.896055
-5.6072383,5,1268.956651
-6.9527674,7,1269.061125
-6.7724957,7,1269.100452
-7.5719066,8,1269.181015
-6.173224,7,1269.262298
-6.113814,8,1269.322831
-6.631195,6,1269.361808
-5.6311264,6,1269.443212
-5.807948,5,1269.483042
-7.1075473,10,1269.625762
-6.867343,7,1269.665077
-7.8048706,9,1269.703771
-6.12731,6,1269.805181
-8.875,9,1269.929951
-7.7300167,12,1270.007188
-7.5971265,7,1270.007223
-7.260516,7,1270.127805
-6.392192,6,1270.184558
-5.9525905,6,1270.18459
-5.88411,7,1270.362838
-6.414643,8,1270.362875
10.474953,11,1270.466498
-5.9969134,5,1270.506038
-5.3954687,7,1270.565566
17426.367,500,1270.623573
-4.859164,4,1270.720845
-7.9439454,8,1270.77872
-6.834098,12,1270.834997
-5.1440496,5,1270.918357
-6.712289,7,1271.078827
-7.3337398,8,1271.07886
11.45116,19,1271.118295
-5.7346087,5,1271.24913
-6.8883843,8,1271.306535
-8.911367,10,1271.365863
-6.2890067,6,1271.438895
-5.074977,6,1271.496097
-7.340257,7,1271.572273
-13.585688,25,1271.64835
-6.702264,7,1271.684758
-8.292892,8,1271.797981
-5.4368196,5,1271.798017
-5.993871,7,1271.873872
-5.18038,5,1271.955745
-6.425039,9,1272.065116
-11.881603,24,1272.146087
-5.8379908,6,1272.146122
-6.5256414,9,1272.185431
-6.314271,7,1272.282259
-6.5826683,6,1272.319536
-6.266638,6,1272.358379
-7.060699,8,1272.397087
-7.724111,7,1272.495942
-6.503619,6,1272.532453
-7.30961,11,1272.628372
-6.4211044,7,1272.686452
-8.645441,12,1272.723414
-8.082818,9,1272.780845
-5.3219423,5,1272.860106
-8.223118,9,1272.897551
-4.4851446,4,1272.975168
-5.362902,6,1273.068906
-7.5426564,10,1273.068939
-10.399532,14,1273.105742
-5.6194873,5,1273.143409
-5.6451583,5,1273.220027
-5.3040447,6,1273.258106
-5.6224074,7,1273.35404
-8.359806,8,1273.354077
-6.93748,7,1273.449662
-5.817233,7,1273.487113
-6.6859174,7,1273.565484
-6.878583,9,1273.623811
-6.643549,7,1273.700235
-6.947398,8,1273.700269
-6.1169567,7,1273.776802
-6.3987675,7,1273.835553
-6.73711,6,1273.976767
-9.7404585,13,1274.051794
-7.421913,10,1274.051829
-11.721031,18,1274.176557
-6.3914766,7,1274.253385
-7.3779964,9,1274.253419
-5.2590814,5,1274.342606
-5.1101675,5,1274.431619
-8.144694,12,1274.431654
-6.2762737,6,1274.469855
-5.5396576,5,1274.530096
-5.3630457,5,1274.587998
-7.5270157,8,1274.682409
-6.232702,7,1274.682439
-6.7626963,6,1274.759739
-5.9320545,6,1274.856521
-9.300776,11,1274.856554
-6.274482,7,1274.893822
-5.9376774,6,1275.012484
-6.726943,6,1275.050232
-7.75644,8,1275.088272
-10.14433,13,1275.145048
-5.849289,7,1275.243547
-6.1778674,9,1275.299808
-5.4017677,7,1275.299838
-6.2249413,6,1275.335989
-5.590282,5,1275.452751
-6.94793,7,1275.508233
-7.6873493,8,1275.508264
-4.848624,6,1275.663422
-9.041466,13,1275.663456
-6.834038,9,1275.741955
-9.968006,11,1275.779577
-5.186804,5,1275.81689
-6.6012316,7,1275.939895
-5.9096756,8,1276.018702
-9.463937,12,1276.018739
-7.915759,9,1276.078225
-5.847148,5,1276.117695
-6.2721143,6,1276.227876
-6.394145,6,1276.227913
-6.0577593,6,1276.332553
-6.599883,7,1276.332591
-6.2338953,6,1276.409155
-5.3415194,5,1276.465882
-6.4213276,6,1276.503323
-7.9278674,10,1276.540708
-5.1388054,7,1276.636994
-5.515696,5,1276.63703
-6.042805,7,1276.713603
-6.9803867,7,1276.750585
-5.8468494,5,1276.788757
-7.0776806,8,1276.886902
-5.3948784,5,1276.886938
-5.133507,5,1276.925586
-5.4015036,5,1276.962524
-6.8744392,7,1277.122437
-5.496168,6,1277.122475
-6.911697,7,1277.122481
-4.9662795,6,1277.160226
-4.953538,5,1277.26468
-6.046271,6,1277.320266
-5.100078,6,1277.320302
-5.159342,4,1277.421474
-5.7788324,10,1277.477584
-6.0221605,5,1277.477622
-7.9397464,7,1277.517354
-5.1919537,5,1277.625456
-8.325575,8,1277.68718
-7.6318574,7,1277.745451
-7.8660088,8,1277.745491
-5.459062,5,1277.806074
-5.741501,5,1277.865166
-5.6664133,5,1277.92205
-5.592285,5,1277.922085
-5.108484,5,1278.042157
-4.863847,4,1278.042192
-6.6510477,8,1278.09707
-5.097377,5,1278.097104
-7.066595,7,1278.234339
-7.7365675,8,1278.2721
-6.179099,8,1278.309471
-8.505919,11,1278.385293
-5.597442,5,1278.423459
-5.252823,5,1278.461438
-5.7150335,8,1278.504667
-6.9828596,7,1278.629511
-7.1895328,6,1278.629546
-5.2521486,6,1278.667477
-6.9325933,9,1278.764776
-7.640045,10,1278.914781
-5.9236526,5,1278.914815
-8.263616,12,1278.973982
-5.015265,7,1279.102118
-7.1192675,7,1279.157994
-4.8085995,10,1279.195044
-5.515552,5,1279.251863
-7.1140585,8,1279.368391
-8.1908,8,1279.424655
-6.5200157,6,1279.42469
-5.3553233,7,1279.561393
-7.3349004,8,1279.61992
-5.0960865,7,1279.74861
20.556915,14,1279.790289
-6.9080625,7,1279.953202
-8.870248,12,1279.953237
-4.7025175,5,1280.069045
-5.9877925,6,1280.116842
-1.8403273,13,1280.45437
-5.2472367,16,1280.510803
-5.7363224,8,1280.656832
-5.9814343,6,1280.817215
-6.183671,6,1280.971704
-4.662201,13,1281.265549
34.016056,31,1281.265585
-4.8742867,4,1281.362016
-8.102535,9,1281.50946
6.215868,10,1281.648889
-6.9743023,6,1281.685013
35.278847,123,1281.873968
-6.571875,11,1281.913072
-7.5003633,12,1281.972833
-5.895706,5,1282.050381
-8.037226,9,1282.209805
-6.2680836,6,1282.209842
-6.525742,6,1282.342635
-8.24806,8,1282.39866
-5.5011163,5,1282.512696
-8.61014,11,1282.624899
-40.968704,111,1282.624933
-6.1190553,6,1282.681959
-5.7453017,6,1282.778614
-7.215342,9,1282.857507
-7.2587037,10,1282.954309
-6.5670843,6,1282.954345
-5.467708,5,1283.070257
-7.5013433,7,1283.128377
-6.7387958,7,1283.286721
-7.097704,10,1283.340444
-9.52142,18,1283.340475
-6.327135,6,1283.47709
-6.5790014,9,1283.534366
-7.1328135,9,1283.571276
-6.3887863,7,1283.670004
-5.19019,6,1283.707517
-8.410614,9,1283.802567
-5.860223,9,1283.993107
-14.241706,19,1284.108642
-5.0192075,5,1284.223421
-5.031799,4,1284.326617
-6.257093,6,1284.461508
-5.859144,7,1284.62304
-6.5989146,7,1284.773354
-6.8549576,6,1284.903683
44.237434,52,1285.14408
-8.965915,16,1285.238652
-5.6636314,5,1285.275343
-5.0697184,6,1285.392101
-7.1235723,7,1285.45065
-41.884125,79,1285.506487
-5.57796,5,1285.543677
-5.463786,6,1285.620049
-6.045867,6,1285.700036
-6.1669083,7,1285.7981
-8.477028,13,1285.854682
-5.802062,8,1285.9116
-9.046062,9,1286.047165
-5.918163,5,1286.047202
-7.888296,10,1286.123044
-5.477886,5,1286.197204
-33.53508,174,1286.197238
-8.630605,8,1286.274848
-6.357458,7,1286.363314
-5.0456576,5,1286.363348
-6.584697,6,1286.475771
-6.54555,7,1286.56739
-7.1138268,13,1286.607117
9.943802,11,1286.700312
-5.393694,5,1286.742799
-7.6070795,9,1286.786589
-5.417034,6,1286.906867
-6.484215,6,1286.986313
-7.703721,12,1287.027515
-9.2380905,10,1287.091202
-4.2654266,4,1287.163332
-4.8764486,7,1287.223084
-6.751589,7,1287.334488
-7.064603,8,1287.451985
-6.0511456,9,1287.560072
-6.4463687,6,1287.560108
-5.79734,6,1287.652826
-4.895341,6,1287.740389
-8.696276,8,1287.876572
-7.2257895,11,1287.876609
-6.427599,7,1287.956257
-5.452015,5,1288.044296
-9.220928,11,1288.202385
-5.4586105,7,1288.245655
-7.0779114,12,1288.305052
-6.3338394,7,1288.520524
-8.471489,10,1288.561935
-7.124709,12,1288.602854
-32.000183,53,1288.644229
-5.696874,5,1288.780193
-6.9061227,7,1288.78023
-7.6502175,8,1288.870895
-5.5449505,5,1288.981287
-8.754883,10,1289.029284
-6.558977,8,1289.10144
-6.8611126,8,1289.21518
-4.972146,6,1289.354272
-7.926803,9,1289.354321
-8.734545,10,1289.439108
-4.9016886,4,1289.507199
-8.369177,10,1289.591948
-6.229607,8,1289.674675
-5.682772,6,1289.674712
-5.041074,5,1289.772125
-5.6242466,6,1289.894281
-5.319414,5,1289.971197
-5.376728,9,1290.012614
-6.341582,6,1290.137112
16.364738,16,1290.137152
-4.3840857,9,1290.265251
-5.5985556,6,1290.303733
-6.632212,7,1290.342599
-9.3216305,11,1290.380979
-5.5252495,5,1290.438663
-7.015964,7,1290.536077
-5.6803493,5,1290.536114
-6.4177523,6,1290.614176
-4.962758,7,1290.714096
-5.818268,8,1290.753099
-6.489582,6,1290.791435
-6.3372183,17,1290.850123
-6.266527,6,1290.910825
-5.0864806,5,1290.949667
5.474122,7,1290.987192
-8.2096,8,1291.087241
-5.5408425,5,1291.125213
-5.9109206,7,1291.162659
-4.8381095,4,1291.237227
-9.260563,10,1291.237262
-6.1787634,6,1291.314529
-6.990553,7,1291.415262
-5.6747594,5,1291.472014
-9.275589,10,1291.472047
-9.113386,11,1291.548028
-6.1639338,6,1291.605942
-6.2507606,6,1291.643262
-6.130472,7,1291.681242
-5.058259,5,1291.719546
-5.8698106,5,1291.818478
-5.2304564,6,1291.818515
-6.8975067,7,1291.917271
-9.939274,10,1291.99496
-6.220998,6,1291.994994
-5.695056,7,1292.032676
-5.424286,7,1292.131353
-6.700138,7,1292.188945
-7.355692,8,1292.2273
-5.371154,5,1292.302736
-8.1029415,9,1292.302771
-5.559633,6,1292.40225
-5.111868,8,1292.441025
-6.338458,6,1292.479228
-7.088744,8,1292.538584
-5.096817,5,1292.600233
-6.476822,7,1292.6378
-6.168968,6,1292.67515
-6.1433105,6,1292.734302
-6.6931686,6,1292.796652
-5.3304253,5,1292.83622
-6.9479628,7,1292.876189
-5.2070045,5,1292.996129
-5.9949336,8,1292.996171
-6.100067,5,1293.053573
-6.584675,7,1293.053609
-6.2114277,6,1293.172843
-6.470824,7,1293.212422
-7.0484185,7,1293.250985
-5.731698,8,1293.289436
-8.676847,9,1293.447904
-6.629307,6,1293.447942
-6.9315686,8,1293.504351
-6.5588493,9,1293.504387
-5.70614,5,1293.604458
-6.3257933,6,1293.643111
-7.37331,9,1293.762097
-6.632908,7,1293.861402
-9.984203,11,1293.861442
-6.642332,7,1293.984627
-6.7038445,7,1294.069283
-7.5308785,8,1294.125151
-9.6487255,14,1294.125184
-6.6106553,6,1294.203413
-4.622545,4,1294.241905
-6.0555663,7,1294.301477
-4.8696146,5,1294.372891
-6.1837187,9,1294.4334
-6.2404366,5,1294.433438
-5.440861,8,1294.649258
-7.352929,9,1294.649298
-8.258761,11,1294.649304
-9.622747,11,1294.724801
-6.500927,6,1294.804404
-6.555568,6,1294.901923
-9.429279,9,1294.901962
-8.725761,11,1294.959508
-7.307452,7,1295.017282
-6.2588654,8,1295.113662
-9.360004,11,1295.19202
-8.001604,12,1295.270615
-7.4685946,7,1295.308122
-9.82612,14,1295.390464
-5.7348056,5,1295.429965
-7.654979,8,1295.537975
-6.0905814,8,1295.615075
8.7181225,10,1295.689698
-15.380974,21,1295.766806
-5.473549,7,1295.804589
-6.3016915,6,1295.879637
-8.171475,12,1295.879671
-5.4521437,6,1295.995426
-7.751683,7,1295.995463
-5.671853,7,1296.071341
-4.780387,5,1296.128105
-6.1750426,6,1296.164748
-6.522789,6,1296.278849
-5.211804,6,1296.335715
-7.4661713,9,1296.335759
-5.690827,5,1296.43192
-7.329256,7,1296.508684
-17.85952,24,1296.545531
-6.5480227,6,1296.602145
-9.365869,11,1296.639948
-5.136792,5,1296.697549
-5.541443,7,1296.815434
-6.6088657,14,1296.89273
4.7622886,10,1296.969151
-8.9412,13,1296.969185
-6.0796323,6,1297.007211
-4.983129,6,1297.144329
-5.4506207,5,1297.144365
-6.638618,9,1297.182192
-5.9615793,9,1297.239396
-5.794876,7,1297.337272
-6.108742,7,1297.374833
-6.4652567,10,1297.449553
-7.094256,7,1297.449589
-6.5305204,6,1297.546581
-4.7150126,5,1297.546616
-5.852974,7,1297.644461
-6.4787555,6,1297.701184
-5.0740356,8,1297.761514
-7.7875233,12,1297.799092
-6.1362514,7,1297.854954
-8.421328,10,1297.971205
-6.5516257,8,1298.028364
-6.309918,6,1298.028402
-10.647541,11,1298.08674
-7.2807846,7,1298.182502
-6.896719,7,1298.238796
-5.853718,7,1298.238826
-4.9741387,4,1298.336387
-5.951891,7,1298.394635
-7.978366,9,1298.474943
-7.121969,7,1298.549709
-4.717241,5,1298.549742
-12.369638,18,1298.606522
-6.407362,7,1298.683192
-5.9619074,7,1298.740987
-7.445207,8,1298.796035
-5.27816,6,1298.796066
-6.570192,6,1298.875808
-5.8262634,6,1298.933593
-5.6820335,7,1298.990965
-5.7231445,9,1299.048497
-7.1972847,7,1299.125097
-5.745361,6,1299.162317
-5.677595,5,1299.200206
-7.7082367,12,1299.237473
-6.5601125,7,1299.348279
-6.888951,6,1299.348312
-7.0800934,7,1299.405343
-6.447236,8,1299.462775
-5.737406,5,1299.500701
-6.4084005,6,1299.577249
-5.9186163,10,1299.635098
-5.112247,7,1299.69237
-5.886903,6,1299.692402
-6.3808165,6,1299.769514
-4.8086042,5,1299.827968
-5.8604507,7,1299.883671
-9.0977955,10,1299.94056
-5.5395765,5,1299.977612
-6.597172,9,1300.034538
-4.9831867,5,1300.131281
-7.7109375,8,1300.131316
-5.7659264,7,1300.167252
-6.2569466,9,1300.28236
-6.905661,7,1300.320719
-5.9560695,9,1300.395924
-6.92688,8,1300.508671
-6.12912,7,1300.508708
-6.3699985,6,1300.56543
-9.979773,17,1300.601956
-5.9378576,7,1300.697233
-5.39115,8,1300.734524
-5.618301,6,1300.77135
-7.2246265,9,1300.829403
-6.103341,5,1300.866736
-5.7546673,6,1300.923866
-6.0643053,7,1301.040386
-6.061478,9,1301.04042
-7.064956,7,1301.117739
-5.9779444,5,1301.173352
-5.6072783,5,1301.249156
-5.376667,5,1301.305921
-12.478105,19,1301.385586
-5.2211266,5,1301.443737
-6.2353535,8,1301.48159
-6.7335377,9,1301.621173
-5.3218317,8,1301.679421
-9.660963,11,1301.736881
-10.222702,27,1301.774645
-7.8138323,8,1301.909284
-8.750093,10,1301.909323
-7.673156,8,1301.966999
-4.6559324,5,1302.04674
-9.505985,10,1302.171203
-8.501361,9,1302.211365
-6.986363,8,1302.270758
-6.2704034,6,1302.348523
-6.5312285,9,1302.447681
-4.9475093,6,1302.590588
-12.090348,14,1302.629112
-5.423455,5,1302.754314
-7.879842,8,1302.813722
-6.084141,6,1302.914501
-5.520254,5,1302.954456
-15.623132,24,1302.992607
-6.434125,7,1303.120897
-7.0801964,8,1303.180964
-7.7694325,8,1303.218845
-4.8979115,4,1303.300295
-7.7868185,8,1303.361814
-7.119624,7,1303.504619
-6.2076073,10,1303.504655
-5.897976,7,1303.564419
-5.8808813,5,1303.643963
-5.9608865,6,1303.724217
-9.270317,12,1303.825818
-6.3766985,6,1303.887117
-5.6727266,5,1304.007336
-1.924084,15,1304.04483
-4.8637524,7,1304.207948
-5.3555336,6,1304.344786
-5.98063,7,1304.507898
-6.008694,6,1304.646991
-17.497528,37,1304.724631
-5.5852203,6,1304.866936
-9.999113,12,1304.946388
-5.709238,5,1305.006249
-6.24868,6,1305.108574
-6.5059543,6,1305.167915
-5.9250174,7,1305.304186
9.876603,52,1305.304219
-5.2267065,7,1305.364169
-6.971472,8,1305.508343
-8.150864,9,1305.589777
-8.618242,13,1305.649463
-5.0492387,6,1305.687415
-5.4236865,8,1305.807741
-5.4990635,6,1305.845892
-6.9442644,9,1305.903837
-6.729771,6,1305.985245
-5.855075,6,1306.022628
-6.8364887,9,1306.158499
-6.9875793,6,1306.158535
-6.7517486,7,1306.215065
-7.748545,8,1306.352449
-7.7087355,9,1306.409275
-7.0852294,7,1306.409308
-6.160407,6,1306.523865
5132.6787,180,1306.561786
-5.6989036,5,1306.720688
-6.600772,6,1306.720723
-8.430279,11,1306.720729
-10.435612,13,1306.7779
-4.338495,4,1306.836042
-5.923597,7,1306.959165
-11.288156,13,1307.074255
1.60888,9,1307.074292
-6.0104046,6,1307.131098
2.8843265,16,1307.167798
-5.7581377,5,1307.243139
-5.683675,5,1307.243176
-4.987395,6,1307.321486
-6.6506433,7,1307.380734
-6.349164,6,1307.418402
-5.8678675,6,1307.513978
-9.285036,9,1307.51402
-6.776473,8,1307.632917
-6.518344,7,1307.632951
-4.9958224,5,1307.669987
-5.321765,6,1307.706984
-4.731279,5,1307.822991
-5.4612093,6,1307.823028
-5.9271326,7,1307.86151
-4.827464,6,1307.898611
-6.115288,7,1308.016306
-6.465337,7,1308.075806
-6.858597,11,1308.152169
-6.8498697,10,1308.152202
-6.8371477,6,1308.209419
-5.9922543,6,1308.266722
-5.8945723,6,1308.324759
-5.7293835,7,1308.421579
-7.8933296,9,1308.421613
-5.838198,7,1308.478871
-5.738284,6,1308.516035
-6.4103518,6,1308.594483
-9.561865,10,1308.732063
-9.640547,15,1308.809234
-10.193486,13,1308.926178
-7.4085693,7,1308.926214
-5.671913,6,1308.982755
-14.37227,20,1309.038805
-5.244218,5,1309.07614
-6.056657,6,1309.155936
-6.988987,9,1309.193865
-5.088173,6,1309.230694
-6.8997293,7,1309.288
-5.532664,5,1309.326645
-5.6925898,5,1309.364184
-5.2311773,5,1309.45856
-7.2181387,7,1309.458598
-5.6711745,5,1309.514322
-6.383807,6,1309.629199
-7.6994805,10,1309.629233
-5.9680223,5,1309.666251
-8.5433235,9,1309.72279
-6.1185036,6,1309.798251
-6.1318026,6,1309.835637
-5.5132647,6,1309.892306
-7.833152,10,1309.929284
-6.3922977,7,1310.02985
-7.956894,9,1310.069561
-6.3648157,7,1310.108819
-5.4169803,5,1310.216239
-5.2961607,7,1310.276699
-7.913278,14,1310.381593
-4.833846,4,1310.421786
-5.9726796,10,1310.482288
-6.5404778,6,1310.609832
-6.7286777,10,1310.609869
-5.9389143,7,1310.703779
-5.3015513,5,1310.764392
-6.5534825,8,1310.856034
-6.180895,6,1310.896586
-7.9340796,7,1310.984372
-5.396203,5,1311.078622
-5.9784536,6,1311.078663
-5.1014013,5,1311.21507
-5.946274,6,1311.273248
-6.397991,8,1311.273284
-7.8391466,7,1311.498874
-8.480703,8,1311.498909
-22.58985,33,1311.545432
-8.730352,11,1311.630597
-5.3575587,5,1311.672505
-6.744482,8,1311.798044
-11.0039,10,1311.86175
-5.9517727,6,1311.861783
-5.92455,5,1312.038013
-5.089555,6,1312.038049
-8.38884,8,1312.139117
-5.9258947,5,1312.214386
-5.6181602,7,1312.274122
-6.0407457,7,1312.350651
-6.243232,6,1312.387112
-5.844829,9,1312.504372
-5.5589952,7,1312.545942
-6.103787,7,1312.589062
-7.5713754,7,1312.792378
-6.5687656,9,1312.833841
-6.29523,10,1312.922755
-5.3573704,5,1312.967675
-7.0175076,9,1313.084732
-6.245611,6,1313.124238
-10.093054,11,1313.294655
-5.9898343,5,1313.294691
-6.6857777,6,1313.364088
-4.787679,5,1313.460503
-5.77334,6,1313.554844
-7.3770146,9,1313.607381
-4.5250015,4,1313.722982
-6.105751,6,1313.848284
-7.6955605,10,1313.84832
-5.177412,5,1313.907737
-4.175184,7,1314.058085
-9.966415,11,1314.155127
-4.8738213,6,1314.235673
-7.9824295,11,1314.235704
-5.7003837,6,1314.355802
-5.8935018,6,1314.411891
-5.9488354,5,1314.487369
-11.644194,14,1314.606814
-7.806308,9,1314.65166
-7.165859,7,1314.697817
-5.1422787,5,1314.815754
-7.573146,9,1314.881705
-7.6257067,11,1314.966997
-5.5348134,5,1315.024746
-6.265273,6,1315.142639
-8.472413,13,1315.200472
-7.5604615,7,1315.257535
-4.947419,5,1315.43993
-5.344098,6,1315.439969
-7.763261,9,1315.479378
-5.3338346,5,1315.621384
-5.9928966,5,1315.621419
-5.9790783,6,1315.678455
-73.52705,125,1315.714863
-5.799364,7,1315.855862
-7.217621,7,1315.855898
-5.15399,5,1315.895458
-7.2076006,8,1315.965888
-6.156973,8,1316.102102
-5.3200817,7,1316.102138
-6.9121914,9,1316.139162
-7.599718,8,1316.196079
-5.5224285,5,1316.253542
-5.8452206,7,1316.311204
-6.051773,8,1316.370947
-7.4995728,8,1316.446355
-6.447344,6,1316.446387
-7.057562,7,1316.521963
-5.829835,5,1316.578629
-7.4317245,8,1316.615996
-8.803057,8,1316.672107
-7.639973,8,1316.810685
-8.668976,10,1316.847502
-7.572648,8,1316.884382
-5.7650657,5,1316.965237
-4.254266,17,1317.006877
-5.6378865,6,1317.044868
-6.5538797,7,1317.103625
-7.1644616,8,1317.20305
-5.143167,5,1317.258044
-5.989152,7,1317.258085
-5.769598,7,1317.433511
-7.3139486,8,1317.433548
-7.82802,11,1317.531314
-2.5458376,9,1317.647843
-8.928173,10,1317.764236
-6.675953,6,1317.801421
-10.88345,17,1317.859998
-10.264205,34,1317.918273
-6.894421,6,1317.958139
-6.300921,7,1318.016629
-5.654293,7,1318.074747
-7.7736726,9,1318.188235
-7.6043243,8,1318.188271
-6.5953517,8,1318.286667
-5.4896917,5,1318.325386
-5.164447,13,1318.385235
-7.5904593,8,1318.446913
-5.443711,5,1318.493622
-5.7062435,5,1318.537133
-5.415799,6,1318.731566
-4.3617954,5,1318.731605
-6.9324665,7,1318.731611
-6.295863,10,1318.904677
-6.2637057,7,1318.969595
-6.4026794,7,1318.969634
-7.227432,9,1319.043895
-4.270775,4,1319.083
-6.4423776,7,1319.197875
-7.4115896,8,1319.239431
-6.617036,8,1319.348849
-8.958738,10,1319.390165
-6.7632656,7,1319.476795
-6.319606,12,1319.609432
-5.2267795,7,1319.609471
-6.5829353,7,1319.714989
-5.2816486,5,1319.787136
-7.723412,14,1319.833339
-4.0312767,4,1319.915315
-7.178343,7,1319.915348
-6.186219,6,1320.032061
-5.1142406,6,1320.078302
-6.023342,7,1320.166867
-5.8523116,7,1320.166901
-5.799506,6,1320.279415
-6.6089935,6,1320.382495
-6.620734,7,1320.44156
-9.08079,9,1320.441599
-6.3505573,8,1320.549316
-5.476105,5,1320.607462
-6.8067617,6,1320.607497
-7.348665,7,1320.664425
-5.524111,5,1320.74275
-6.523065,6,1320.800371
-7.1620154,7,1320.800404
-5.6920953,5,1320.838694
-5.8471785,5,1320.916986
-5.0936728,5,1320.956676
-6.172888,6,1321.011576
-7.0613327,10,1321.087381
-5.516552,6,1321.124608
-6.8596573,7,1321.221798
-7.968015,7,1321.338862
-5.4363146,7,1321.377103
-7.7968597,9,1321.549946
-2.9685953,14,1321.608505
-6.3787346,6,1321.705425
-6.1551447,6,1321.781112
-13.081339,30,1321.781151
-5.898699,6,1321.936499
-7.6474223,8,1321.936537
1.9718986,14,1322.110738
-6.856283,10,1322.167573
-7.091314,7,1322.300719
-5.408329,5,1322.300753
-6.192342,6,1322.437298
-6.8786454,8,1322.494391
-6.3580923,7,1322.615241
-6.0904665,6,1322.653541
7.567381,30,1322.690112
-5.169629,5,1322.805483
-5.9908643,6,1322.805519
-7.70087,11,1322.979692
-6.968344,7,1322.979728
-6.6739893,10,1323.057188
-6.8622627,6,1323.134975
-8.792168,9,1323.232155
-6.0159054,6,1323.232193
-5.9513464,6,1323.309076
-7.873726,8,1323.44721
-7.8340783,8,1323.447246
-6.648164,6,1323.585446
-5.966357,7,1323.624338
-12.924185,15,1323.724296
-5.8764744,5,1323.792759
-7.179702,9,1323.91685
-5.029269,5,1323.916884
-5.8384547,7,1324.011233
-10.544196,104,1324.131275
-6.7026877,10,1324.187014
-7.8727136,10,1324.18705
-5.927869,9,1324.264226
-5.2724943,6,1324.325747
-6.6375446,6,1324.367179
-6.350755,8,1324.429088
-6.461137,7,1324.493661
-7.077035,7,1324.554707
-6.002275,7,1324.594233
-5.2236633,4,1324.633685
-8.983062,9,1324.73182
-5.462352,5,1324.731856
-6.5088644,6,1324.81244
-6.2163906,8,1324.85354
-6.2780886,6,1324.913946
-6.404008,7,1324.952331
-4.900935,5,1324.992818
-4.6760015,5,1325.056983
-4.994664,5,1325.136891
-5.2484474,5,1325.197816
-4.6236353,4,1325.19785
-5.726597,6,1325.344757
-6.4882593,6,1325.472842
-4.8732605,5,1325.472878
-7.3072495,8,1325.561687
-5.6607385,6,1325.603253
-7.2673135,10,1325.78813
-7.065691,7,1325.82952
-7.677033,10,1325.907865
-5.4139724,5,1326.050053
-5.7707787,8,1326.090713
-5.376563,6,1326.247312
-5.0244923,5,1326.247345
-5.585638,5,1326.40837
-6.717004,9,1326.523392
-5.222252,5,1326.560982
-4.715316,6,1326.713602
-6.2945886,7,1326.713636
-6.076224,6,1326.850353
-8.144051,9,1326.925681
-6.9100504,6,1327.00422
-6.736967,6,1327.090161
-9.087312,9,1327.270237
-6.975024,7,1327.306725
-6.041334,6,1327.447517
-8.3423195,9,1327.594425
18.451874,61,1327.594462
-4.8443065,5,1327.636372
-5.6838875,5,1327.761909
-6.6794972,9,1327.870761
-5.665077,5,1327.908061
-8.486034,10,1327.944708
-6.4603167,6,1328.058185
-5.9041815,9,1328.114768
-25.501835,91,1328.170896
-5.0023947,6,1328.247462
-7.826649,11,1328.247497
-4.555376,9,1329.893716
-6.8573666,6,1329.94885
-6.033224,6,1329.948884
-8.816128,9,1329.986393
-6.3974285,6,1330.084319
-5.645088,5,1330.124627
-7.5825386,8,1330.18294
-8.961668,12,1330.319119
-5.8210907,6,1330.319162
-6.4865046,7,1330.31917
-6.4709363,6,1330.377083
11.298983,6,1330.476842
-8.108426,8,1330.535787
-7.9531875,9,1330.57396
-7.4278183,8,1330.612305
-7.3084345,7,1330.690321
-7.705782,7,1330.750781
-7.121047,7,1330.790106
-7.416784,8,1330.849868
-5.8219166,5,1330.90887
-5.1166964,6,1330.968346
-5.9896173,10,1331.008206
-4.506786,4,1331.058949
-5.911108,8,1331.12898
-5.85538,5,1331.166432
-5.3060045,7,1331.243248
-5.1615334,7,1331.29813
-4.9173126,4,1331.298167
-6.172491,6,1331.435262
-7.092204,7,1331.490455
-10.964827,12,1331.490489
-5.906687,10,1331.547759
-5.332156,5,1331.606814
-6.6042576,6,1331.665982
-7.1125526,7,1331.703115
-5.6114335,6,1331.740292
-5.521692,5,1331.778014
-6.3387403,6,1331.872424
-5.594982,5,1331.872457
-5.5266056,6,1331.949865
-6.1800327,8,1331.987808
-5.3252287,5,1332.032142
-6.617075,7,1332.201266
-7.821113,8,1332.271075
-7.529951,8,1332.310577
-9.66644,16,1332.394892
-6.593196,6,1332.455058
-6.6135645,9,1332.503746
-5.772786,5,1332.582797
-5.260881,5,1332.651678
-5.5793285,6,1332.727838
-7.043361,6,1332.813119
-5.074235,5,1332.854635
-7.1461,7,1333.093816
-7.210614,10,1333.093853
-7.624569,8,1333.09386
-4.4562798,5,1333.238857
-5.409386,5,1333.238893
-6.388261,7,1333.29692
-6.442356,6,1333.398654
-5.8834763,5,1333.437588
-6.930733,10,1333.517793
-6.0981464,6,1333.597203
-9.652819,9,1333.655316
-6.0635405,6,1333.75102
-7.010731,10,1333.789145
-6.969537,10,1333.923832
-5.3692527,6,1333.923867
-5.892332,6,1333.961887
-6.9989142,7,1334.111541
-6.009946,9,1334.186932
-4.9515796,5,1334.243804
-6.0870605,13,1334.282604
-6.90023,8,1334.40611
-2.5810134,9,1334.502924
-6.6111374,7,1334.579752
-7.8153157,16,1334.691677
-5.402835,5,1334.781458
-8.127186,8,1334.781494
-5.1556215,6,1334.879399
-5.789633,7,1334.956629
-7.068829,9,1335.028398
-6.670045,7,1335.100373
-21.570911,94,1335.137156
-8.568796,9,1335.233698
-7.8915915,8,1335.271842
-6.3150635,8,1335.348185
-6.4973917,6,1335.406901
-6.3511696,6,1335.463952
-8.684831,12,1335.463984
-6.60929,7,1335.562561
-6.126469,6,1335.599636
-6.6977096,7,1335.657035
-5.705349,6,1335.732939
-8.833634,11,1335.770405
-5.8458543,7,1335.814196
-6.374632,6,1335.8518
-5.3921,5,1335.945271
-5.8139296,7,1335.987905
-5.499532,7,1336.047021
-10.256893,10,1336.16301
-6.9663715,7,1336.163071
-5.2892065,6,1336.220546
-7.793965,10,1336.276832
-5.490967,6,1336.373509
-6.093678,6,1336.429224
-8.033192,11,1336.465671
-8.932751,12,1336.502161
-5.293314,5,1336.630455
-6.284054,8,1336.630491
-6.9129667,8,1336.687298
-5.6464148,5,1336.765915
0.88794637,11,1336.823487
-4.731064,8,1336.931783
-8.693499,10,1336.931822
-7.006737,7,1337.030664
-6.729435,11,1337.088469
-6.0275106,7,1337.132275
-5.0920258,4,1337.173266
-9.542291,9,1337.236161
-4.8248005,5,1337.344456
-5.7172036,5,1337.421945
-7.335534,8,1337.421984
-4.9109654,7,1337.42199
-5.7071056,7,1337.599434
-6.687509,7,1337.599472
-6.7609916,8,1337.63921
-7.9368424,12,1337.717768
-5.7099094,5,1337.776464
-6.86397,7,1337.814398
-9.07393,9,1337.873837
-5.8510075,6,1337.961176
-8.213032,10,1338.02851
-7.041551,8,1338.071074
-5.617668,6,1338.158073
-9.236538,10,1338.198135
-6.2103252,7,1338.291371
-6.3087826,9,1338.338611
-6.4943414,6,1338.407105
-5.3856163,5,1338.407143
-6.032149,6,1338.519379
-5.363011,6,1338.585574
-8.4916725,8,1338.643682
-7.6678677,11,1338.702248
-8.744255,10,1338.826495
-6.50708,9,1338.883049
-6.10161,7,1338.883082
-5.796363,5,1338.982408
-8.199638,11,1339.044261
-5.900712,9,1339.123771
-5.620324,5,1339.202637
-7.3312798,7,1339.202671
-5.379589,7,1339.324291
-5.453458,6,1339.36458
-7.7245426,8,1339.455242
-5.635299,7,1339.602128
-5.738406,6,1339.602196
-7.07205,8,1339.704642
-7.7164006,7,1339.78665
-7.526219,8,1339.824563
-5.8203316,6,1339.884384
-6.2627068,6,1339.965664
-6.735605,7,1340.025744
-6.3496265,6,1340.064269
-5.534875,6,1340.149053
-5.6418295,6,1340.230202
-8.18223,9,1340.290551
-5.8247223,6,1340.330559
-6.9107137,8,1340.472653
-5.7131047,7,1340.510241
-7.3278866,9,1340.591036
-6.155009,8,1340.69874
-5.671385,9,1340.769069
-5.255169,5,1340.851985
-5.9327593,6,1340.979222
-9.365857,12,1340.979261
-8.233635,9,1341.140634
-5.038514,6,1341.14067
-7.915676,8,1341.201836
-6.5073214,6,1341.302746
-5.336109,7,1341.341131
-6.520857,8,1341.423165
-5.361852,5,1341.50177
-6.111341,6,1341.501803
-5.8389926,6,1341.602901
-5.7233024,5,1341.641943
-9.310666,9,1341.746193
-6.4195647,6,1341.807091
-7.077073,8,1341.844971
-7.0224414,7,1341.945763
-7.0532093,7,1342.026964
-6.7871943,10,1342.10546
-4.3492584,5,1342.105492
-5.93971,6,1342.207235
-7.2635355,8,1342.310172
-6.838023,9,1342.348801
-8.894629,10,1342.468525
-5.6379976,7,1342.507709
-7.3665977,7,1342.545908
-5.1083746,7,1342.690244
-5.310545,7,1342.728961
-8.453061,11,1342.788823
-5.40499,7,1342.893335
-7.5051894,7,1342.932348
-6.7982807,7,1342.993112
-5.134884,5,1343.052088
-6.4844985,7,1343.133567
-5.0739365,4,1343.173659
-6.8823814,8,1343.23231
-6.5198708,6,1343.350563
-6.303195,7,1343.350596
-12.767033,12,1343.570197
-7.4677744,9,1343.630207
-6.5806985,9,1343.630242
-5.828046,6,1343.771728
-6.6832337,7,1343.809603
-6.7371745,9,1343.84678
-4.880613,5,1343.94626
-5.6482754,5,1343.984538
-7.482129,9,1344.042815
-5.493974,5,1344.101673
-6.655438,6,1344.202583
-6.2772994,6,1344.264365
-6.1008263,11,1344.302603
-6.725625,6,1344.424815
-7.9798503,9,1344.463063
-6.775996,10,1344.562366
-6.8074384,7,1344.621449
-7.1807995,8,1344.680602
-5.5467825,6,1344.739027
-6.9810944,6,1344.796355
-6.517762,7,1344.875082
-10.795731,11,1345.052508
-5.6436806,6,1345.052544
-7.6710944,9,1345.05255
-5.363701,5,1345.171188
-8.06687,10,1345.308569
-7.0391555,10,1345.308604
-7.6101522,8,1345.401278
7399.899,225,1345.401312
-5.3548546,5,1345.458523
-7.6363897,7,1345.514969
-4.754608,5,1345.552183
-4.776628,7,1345.611908
-5.1719537,6,1345.692368
-8.201387,10,1345.770859
-5.6689386,5,1345.770894
-7.5206165,8,1345.808272
-5.760419,5,1345.92687
-5.2477846,7,1345.964745
-7.982821,8,1346.004315
-10.736088,11,1346.042988
-5.3520136,7,1346.179266
-6.2725496,6,1346.179302
-4.769162,4,1346.179307
-6.3326373,9,1346.276228
-5.183823,5,1346.313658
-8.243919,8,1346.390341
-5.032288,4,1346.428428
-7.1463356,12,1346.503902
-6.64454,8,1346.619615
-6.41771,7,1346.619652
-4.9922385,5,1346.658567
-9.276781,14,1346.696822
-5.084131,4,1346.775475
-6.4113197,6,1346.813454
-7.230323,7,1346.851459
-7.049436,6,1346.98854
-6.861387,10,1346.988574
-5.471807,8,1347.026629
-6.3231754,8,1347.085479
-4.564309,4,1347.123925
-4.7123766,6,1347.204953
-7.538853,9,1347.264613
-6.5863137,8,1347.322673
-5.868722,6,1347.380145
-8.061637,11,1347.439185
-7.6276946,7,1347.477115
-7.3018017,9,1347.620335
-6.6824875,9,1347.698623
-9.427993,11,1347.736161
-5.9266005,7,1347.814044
-7.25094,7,1347.919273
-6.4317155,6,1347.919311
-5.30626,5,1348.060076
-6.604068,8,1348.060112
-5.9868426,5,1348.180845
-6.4523244,6,1348.218688
-6.1642914,6,1348.356143
-11.071517,12,1348.477792
-8.990248,9,1348.573514
-7.3484483,8,1348.74787
-6.552265,6,1348.882075
-2.485776,20,1348.939179
-5.829625,8,1349.078589
-6.387627,7,1349.117813
-5.0516796,4,1349.220612
-5.874816,6,1349.258808
-5.5351157,6,1349.381743
-5.1703215,6,1349.4203
14.866192,89,1349.624004
-7.500819,9,1349.624041
-4.805841,4,1349.727857
-7.3991385,14,1349.788029
-5.8253245,7,1349.827411
-6.3174596,6,1349.911211
-6.7284746,7,1349.994963
-7.6134996,8,1350.055469
-6.3959203,6,1350.094682
-6.6419234,7,1350.19856
-5.016203,6,1350.236903
-8.181859,9,1350.336342
1599.2776,94,1350.374022
-6.962511,7,1350.41127
-5.8262963,6,1350.507192
-5.2610807,6,1350.54746
-5.0119658,6,1350.585449
-4.699734,4,1350.663253
-6.4664783,6,1350.718989
-6.3118944,16,1350.719023
-6.3580904,8,1350.837348
-4.9641514,5,1350.837383
-5.8989744,5,1350.875574
-7.325467,7,1350.932964
-4.769435,5,1350.989957
-7.1901464,7,1351.046038
-5.658133,5,1351.100353
-5.717416,7,1351.100387
-8.663265,9,1351.258873
-6.0751095,6,1351.258913
-6.9084973,9,1351.357458
-7.5620728,8,1351.357504
-6.151009,6,1351.464671
-7.579219,8,1351.539267
-6.0686917,6,1351.699051
-9.974268,10,1351.699088
-6.4760933,6,1351.780267
-11.224785,16,1351.901822
15.015461,9,1351.979845
-5.8983135,5,1352.063378
-8.298992,9,1352.063412
-9.96661,12,1352.103994
-6.039485,5,1352.22472
-6.822142,10,1352.331899
-5.6696815,6,1352.39161
-10.430265,15,1352.514919
-9.140181,17,1352.514958
-11.020617,11,1352.726543
-6.722531,9,1352.726581
-6.3035975,6,1352.726587
-5.3420615,9,1352.812084
-5.7298875,7,1352.910129
-7.664766,8,1352.968178
-5.859703,5,1352.968216
-9.390477,13,1353.083298
-5.828762,7,1353.122322
-6.9856477,7,1353.160188
-7.9424753,8,1353.198368
-6.8112698,7,1353.318321
-5.7461863,6,1353.374259
-6.29636,7,1353.374294
-6.700804,10,1353.41149
-5.8238373,5,1353.490927
-5.8061686,5,1353.528352
-5.6950636,6,1353.567904
-6.274517,6,1353.605804
-6.408509,7,1353.731106
-7.5434427,9,1353.76904
-7.5547543,8,1353.807142
-6.0552936,9,1353.866077
-6.5709777,6,1353.944811
-5.6719847,5,1353.944847
-6.8631105,7,1354.023216
-6.914839,7,1354.080059
-6.6381855,7,1354.154942
-6.7626715,7,1354.154979
-6.3875246,6,1354.308151
-6.39999,8,1354.308213
-6.394001,9,1354.384442
-6.2122626,6,1354.462856
-6.3635607,6,1354.561705
-7.7220507,9,1354.561744
-7.0718775,7,1354.660471
-7.2344356,7,1354.75729
-7.5790005,7,1354.757327
-6.3914533,7,1354.858701
-7.6425734,8,1354.963892
-9.978411,9,1355.009228
-6.110772,6,1355.049588
-6.6485596,6,1355.207012
-6.315897,8,1355.248508
-7.469185,8,1355.341097
-6.245055,7,1355.453863
-8.426538,9,1355.535437
-5.927047,8,1355.577227
-6.0964537,7,1355.678519
-6.826229,6,1355.772983
-5.2131624,5,1355.773017
-5.46499,5,1355.868668
-7.240095,7,1355.998645
-7.032104,11,1356.130103
-7.3749833,10,1356.19572
-7.23659,11,1356.326595
-6.4903536,6,1356.37571
-6.2994404,9,1356.41625
-6.830619,7,1356.586725
-7.3634424,13,1356.748918
-6.5077477,7,1356.817866
-9.161913,14,1356.857478
-6.4775567,6,1356.937379
-5.378919,8,1357.04848
-7.2036834,9,1357.107731
-5.653737,5,1357.24497
-7.7031107,9,1357.344191
-5.466772,5,1357.442963
-7.287737,11,1357.702306
-6.3065004,8,1357.702345
-6.6418705,6,1357.885179
-13.257858,32,1357.968177
-5.8728375,8,1357.96821
-6.247591,6,1358.127179
-5.7208085,6,1358.127216
-9.164288,9,1358.165606
-5.8027973,5,1358.264632
-6.4299955,6,1358.34155
-6.1577544,7,1358.341586
-5.890588,7,1358.460465
-6.823848,7,1358.536587
-5.6201153,7,1358.536622
-5.014329,6,1358.635072
-5.886056,7,1358.712017
-8.352983,9,1358.769161
-5.617463,8,1358.855345
-6.520669,6,1358.933738
-8.127426,10,1358.991518
-7.833397,8,1359.093386
-5.3879576,5,1359.093424
-5.296137,6,1359.193243
-6.6708937,6,1359.27212
-7.4438915,7,1359.311053
-6.1130743,6,1359.372329
-4.9142413,5,1359.433025
-7.2558365,7,1359.585211
-7.4131994,7,1359.652488
-5.5551243,7,1359.8115
-5.63373,5,1359.811534
3.5207963,22,1359.951715
-7.730005,9,1360.049127
-7.0844564,9,1360.049169
-6.1510596,6,1360.178137
-4.9757833,5,1360.238471
-7.241803,7,1360.310419
-5.04256,5,1360.358989
-7.0077925,7,1360.455858
-5.7270393,6,1360.512243
-6.7762165,8,1360.54855
-5.6136937,6,1360.623041
-6.4349103,8,1360.738636
-7.9946203,10,1360.873918
6791.0024,226,1360.873952
-6.3547935,6,1360.912024
-13.493724,17,1360.968537
-5.748047,6,1361.045603
-6.689098,7,1361.082902
-6.3958683,7,1361.160814
-10.053278,10,1361.199102
-6.4257517,6,1361.255387
-7.7822423,9,1361.314477
-5.660535,5,1361.353099
-5.472808,7,1361.390973
-5.8909264,7,1361.47856
-4.920843,6,1361.54813
-5.900135,8,1361.665238
-5.335826,5,1361.665273
-8.951572,11,1361.722547
-6.6802135,6,1361.840797
-5.7478437,6,1361.840834
-8.533181,14,1361.982268
-4.9307213,5,1362.038529
-7.1898556,9,1362.038559
-7.8041306,9,1362.134869
-5.545889,6,1362.173729
-5.470261,6,1362.211208
-8.13818,9,1362.28911
-5.410593,6,1362.327283
-5.96002,6,1362.385631
-7.002056,9,1362.443402
-5.9032993,7,1362.500387
-7.1370597,8,1362.596111
-9.02891,12,1362.654697
-6.1046987,7,1362.712595
-7.594121,9,1362.712629
-7.1647334,7,1362.811225
-5.2413063,8,1362.913627
-6.7840595,10,1362.95223
-7.4872613,10,1362.990334
-6.357493,7,1363.028156
-7.1093254,6,1363.11082
-6.426364,7,1363.180265
-8.986977,9,1363.268526
-6.3564377,6,1363.308506
-6.9944487,7,1363.435642
-8.900503,12,1363.435678
-5.8252535,6,1363.532672
-5.108243,6,1363.576185
-5.9858203,6,1363.67057
-4.6049376,5,1363.731563
-5.624072,7,1363.73161
-5.175858,5,1363.799145
-6.669192,6,1363.933785
-7.8772984,9,1364.075258
-8.410769,9,1364.075295
-7.595573,9,1364.117162
-5.951534,6,1364.289245
-10.282419,10,1364.289283
-5.7983823,6,1364.335089
-6.777501,9,1364.415306
-5.67029,6,1364.567672
-7.772147,8,1364.612501
-8.570791,10,1364.675103
-7.7093635,8,1364.71552
-5.4412723,6,1364.781084
-5.8672,6,1364.879686
-5.944189,5,1364.966684
-6.759302,7,1364.966718
-5.5096292,5,1365.105801
-5.8275175,6,1365.167332
-6.2334423,9,1365.22466
-6.100142,5,1365.330201
-6.122859,7,1365.424463
-5.477853,5,1365.481625
4.467844,27,1365.537029
-7.3889976,7,1365.62997
-5.5696373,5,1365.630005
10.454581,15,1365.707132
-5.0184484,6,1365.749134
-5.0822563,4,1365.84553
-5.462058,6,1365.845566
-7.1217337,7,1365.882382
-6.840792,7,1365.958029
-5.4406443,6,1366.055431
-7.0243134,7,1366.055465
-6.6698647,8,1366.091682
-7.0253363,8,1366.185623
-7.0311937,7,1366.263539
-6.158181,5,1366.322477
-6.422415,11,1366.360272
-4.583446,5,1366.415841
-3.8109207,9,1366.570843
-11.014646,21,1366.607848
-7.264573,9,1366.644778
-11.06364,13,1366.68143
-6.750351,6,1366.779133
-6.5593004,7,1366.836778
-7.673247,7,1366.873818
-5.7930784,6,1366.949904
-6.582608,6,1367.120578
-7.8345776,10,1367.120614
-8.371474,9,1367.120621
-5.1888857,6,1367.253115
-7.146874,7,1367.290346
-6.6642704,9,1367.346133
-5.064926,6,1367.422269
-6.3974533,7,1367.478131
-6.184636,7,1367.533908
-6.4494205,7,1367.651692
-5.839534,7,1367.726042
-8.315964,11,1367.726073
1.445394,44,1367.782585
-5.9414334,5,1367.860651
-8.110691,10,1367.940507
-7.418489,9,1367.97963
0.19209957,10,1368.07546
-6.9632645,7,1368.075493
-4.7752743,5,1368.112255
-5.4103556,5,1368.210957
-5.713104,5,1368.248364
-6.3012295,7,1368.285319
-7.612911,11,1368.324721
-6.267585,6,1368.472591
-5.6248894,7,1368.472625
-7.7573047,13,1368.587218
-8.540892,12,1368.663391
-5.592709,7,1368.663425
-6.0371127,8,1368.70034
-5.556406,5,1368.798177
-5.904478,6,1368.874684
-6.0920916,8,1368.87473
9.526737,10,1369.043175
-5.5392942,5,1369.04321
-6.4551773,6,1369.043216
-5.500808,6,1369.079553
-5.592753,7,1369.238544
-7.2663155,7,1369.238582
-6.211044,7,1369.292156
-8.620258,10,1369.360608
-5.8239765,5,1369.419421
-5.2767057,6,1369.458377
-6.121608,5,1369.5757
-9.292957,9,1369.613702
-6.668441,8,1369.650993
-7.696431,9,1369.803436
-8.875204,9,1369.84227
-5.5193477,5,1370.018251
-6.248996,6,1370.018287
-9.296084,13,1370.018293
-5.2441826,5,1370.154611
-5.212323,5,1370.154644
58.550877,32,1370.214577
-7.2972097,9,1370.279108
-6.312169,7,1370.362153
-6.772277,6,1370.40161
-5.112626,5,1370.451459
-6.9312835,7,1370.566565
-7.701598,8,1370.623103
-7.7358103,9,1370.67916
-6.3809414,6,1370.735777
-4.2783494,4,1370.866694
-10.795441,12,1370.971458
-8.352695,8,1371.078681
-5.856624,8,1371.171246
-5.163379,7,1371.256778
-5.108077,4,1371.294101
-6.639475,7,1371.486025
-8.246237,8,1371.486059
-5.7789288,5,1371.59789
-5.9071755,7,1371.65421
-6.091707,6,1371.787004
-7.6347704,10,1371.841221
-5.9334636,6,1371.945494
-5.3261027,5,1372.005134
28.84089,70,1372.078376
-4.995982,4,1372.193457
-7.550064,9,1372.233274
-4.728075,5,1372.35002
-6.893766,12,1372.350058
-5.6708374,7,1372.426507
-5.404333,5,1372.48472
-6.0724983,5,1372.559262
-10.544947,11,1372.635344
-7.0653114,7,1372.730346
-8.555325,16,1373.031422
-9.399769,17,1373.143685
4.0254865,28,1373.180017
-53.774757,96,1373.23961
-4.374132,4,1373.279496
-6.8393574,7,1373.428138
-10.0128355,13,1373.428188
-5.6041403,5,1373.466192
-5.4305344,7,1373.503416
-5.11851,6,1373.641927
-6.6935463,6,1373.641963
-8.765479,10,1373.772018
-6.9995213,6,1373.814142
-11.100623,13,1373.904905
-7.897885,11,1373.981038
-6.183506,5,1373.981073
-6.013033,7,1374.020184
-5.4346213,7,1374.163134
-7.0166845,6,1374.225105
-5.740895,6,1374.225139
-6.5666513,7,1374.302752
-5.966992,5,1374.408783
-7.288233,7,1374.450749
-6.4097824,8,1374.522455
-7.6707463,8,1374.58047
-5.735316,5,1374.61929
-7.45732,7,1374.65646
-5.7895126,6,1374.714116
-6.910538,6,1374.772136
-5.2928085,6,1374.82958
-6.8788376,7,1374.908263
-6.5727077,7,1375.024005
-6.4274173,9,1375.024039
-7.677951,8,1375.125113
-6.6552954,6,1375.18481
-5.4181843,7,1375.223279
-7.1055317,7,1375.322679
-6.248352,6,1375.360162
-7.7161407,8,1375.434184
-5.8316307,6,1375.512933
-4.6988263,4,1375.549577
-7.8782916,10,1375.605129
-6.417135,6,1375.683053
-5.7136803,6,1375.763769
-7.194118,9,1375.80187
-6.1660233,8,1375.895641
-5.782902,5,1375.933184
-8.390106,8,1375.989423
-6.5204334,6,1376.123046
-9.441103,10,1376.160532
-3.6949954,12,1376.236004
-5.9284115,6,1376.295851
-5.812829,7,1376.353542
-6.6221614,7,1376.487758
-6.38231,6,1376.547339
-6.583088,10,1376.547373
-5.66531,7,1376.725235
-6.9204936,9,1376.763113
-7.9168983,9,1376.81786
-6.098614,6,1376.969203
-7.1944876,7,1376.969237
-7.861257,8,1377.046569
-6.6318526,6,1377.133827
-6.77861,7,1377.172811
-4.854847,6,1377.231055
-9.297806,10,1377.406317
-6.5935917,7,1377.406355
-7.320443,10,1377.444284
-7.3932734,8,1377.597876
-7.690951,9,1377.633997
-9.0727625,12,1377.732734
-5.6122828,6,1377.789724
-9.277345,12,1377.909184
-5.4254093,6,1377.964946
-8.258249,8,1377.964982
-6.3137765,6,1378.082267
-7.7080545,8,1378.177617
-8.060534,8,1378.177653
-4.7844925,6,1378.258538
-5.183494,5,1378.316114
-6.819527,8,1378.394158
-8.254064,8,1378.515968
-5.743802,6,1378.556179
-6.009222,5,1378.678231
38.22037,17,1378.716124
-5.3863277,5,1378.813654
-6.3969173,7,1378.911218
-10.350735,14,1378.911254
-6.1568155,6,1378.98894
-6.0398693,6,1379.069252
-5.6038446,5,1379.127881
-6.5491657,10,1379.183982
-6.2129445,6,1379.242516
-6.439386,6,1379.3037
-6.6086364,6,1379.363436
-5.623393,6,1379.424783
-6.849793,7,1379.50321
-5.830152,6,1379.540576
-6.87183,7,1379.622196
-6.6605043,7,1379.721317
-4.7698736,6,1379.779753
-9.466788,13,1379.858715
-6.1031137,7,1379.918042
-8.638957,9,1380.02142
-6.2848225,6,1380.099709
-5.7034054,8,1380.099746
-6.225531,5,1380.215234
-7.1383634,9,1380.313059
-6.284226,7,1380.391179
-10.287659,19,1380.508858
-6.9414434,9,1380.546335
-6.6650443,7,1380.583887
-5.9960804,5,1380.663682
-46.952797,221,1380.722244
-5.7710867,6,1380.779354
-6.5994253,7,1380.779387
-5.785801,5,1380.84641
-7.368086,8,1380.983655
-5.551434,7,1380.983698
-6.3488812,6,1381.022984
-5.536588,5,1381.14232
-9.328323,12,1381.142356
-5.7141643,6,1381.18275
-4.739533,5,1381.307144
-6.4161897,6,1381.355324
-10.749715,13,1381.471923
-6.2478228,8,1381.471961
-7.3149967,7,1381.572195
-7.1891513,8,1381.666783
-5.912294,5,1381.666819
-5.813569,5,1381.666825
-5.448092,6,1381.761596
-6.257305,6,1381.818803
-4.396101,10,1381.933677
-5.88647,6,1381.933713
-5.167207,5,1381.971012
-5.3777323,5,1382.066583
-6.0245767,8,1382.157705
-7.4511266,9,1382.250048
-7.791449,9,1382.36621
-5.0982943,6,1382.366247
-6.42591,6,1382.423234
-5.756712,6,1382.577332
-21.22641,32,1382.577369
-5.779192,5,1382.695009
-8.097363,7,1382.752137
-6.5695696,11,1382.970962
-8.794363,9,1382.971003
-4.538172,5,1383.085847
-6.017524,7,1383.141223
-4.5384445,33,1383.198
-7.08866,7,1383.277064
-7.0319796,7,1383.378138
-7.1250777,7,1383.459155
-6.9381704,7,1383.554292
-7.1029277,9,1383.669298
-8.16321,10,1383.780409
0.29042935,9,1383.872552
-6.657823,7,1383.948197
-5.86016,5,1384.005332
-5.253598,6,1384.101456
12.166962,40,1384.137161
-6.4015017,8,1384.21616
81.21605,76,1384.271982
-7.958587,8,1384.329162
-6.0261087,6,1384.389736
-6.2962456,6,1384.467796
-7.289392,11,1384.467834
-6.1258955,5,1384.545746
-4.519966,5,1384.622419
-5.911943,9,1384.622454
-6.8320875,7,1384.68053
-4.9432964,5,1384.759652
-4.707115,6,1384.797322
-7.853197,9,1384.852051
-5.0961046,5,1384.852089
-4.1555567,5,1384.964546
-5.895626,6,1384.964582
-6.5695267,7,1385.043221
-8.351661,9,1385.100468
-5.2730613,6,1385.140232
-5.9136467,7,1385.18008
-6.061372,6,1385.238612
-6.3525286,7,1385.338814
-5.989053,5,1385.338856
-5.703146,5,1385.399988
-8.69689,10,1385.458409
-9.199405,10,1385.593934
-7.9214325,8,1385.652052
-6.4945383,15,1385.747914
-6.595876,13,1385.747944
-7.28709,7,1385.804349
-7.208225,9,1385.90039
-7.814185,7,1385.957234
-6.923731,7,1385.957265
-9.191594,9,1386.053807
-6.181059,7,1386.131196
-6.8247066,8,1386.169214
-6.767628,11,1386.227538
-6.2676454,8,1386.284036
-5.317997,5,1386.362823
-8.318567,8,1386.422096
-7.569421,9,1386.422132
-8.297053,9,1386.557097
-5.4086223,5,1386.557134
-5.5492644,6,1386.594951
-7.075309,8,1386.633371
-5.9223266,7,1386.831888
-6.3728456,7,1386.831928
-4.5974903,5,1386.831935
-7.7015853,9,1386.99029
-5.4410863,5,1387.073715
-5.59032,5,1387.203896
-6.694648,8,1387.203929
-6.546974,9,1387.258888
-5.5762477,7,1387.346815
-5.5968328,5,1387.400774
-4.94895,7,1387.480237
-7.7197385,9,1387.558135
-7.5661464,8,1387.648848
-6.3626666,6,1387.700255
-7.4827185,9,1387.753232
-5.4060254,7,1387.891701
-6.8095407,9,1387.891737
-6.822979,7,1387.949274
-8.143555,10,1388.006212
-8.229208,8,1388.119459
-6.1422377,6,1388.119494
-7.3801594,12,1388.214758
-8.02865,9,1388.25876
-6.7280083,7,1388.3163
-6.831706,6,1388.428693
-6.075652,5,1388.428732
-9.037575,12,1388.496213
-7.8995223,9,1388.628761
-7.1973467,7,1388.688042
-6.1236076,7,1388.688073
-5.814741,5,1388.8157
-6.3741903,6,1388.890478
-6.206735,7,1388.940751
-9.0553875,13,1388.983065
-6.142321,6,1389.049503
-6.253231,6,1389.174453
-6.3904414,7,1389.174489
-6.1188784,5,1389.261173
-6.125001,6,1389.375306
-7.983756,8,1389.492649
-10.58796,11,1389.532383
-5.6696963,6,1389.574326
-6.739701,6,1389.734786
-5.5398874,5,1389.734818
-6.949497,11,1389.88008
-5.5771503,5,1389.919845
-6.469699,6,1389.960722
-13.641633,30,1390.03428
-6.0740376,7,1390.121932
-5.525054,7,1390.211304
-7.122187,8,1390.21134
-6.5157337,6,1390.258322
-5.0591516,5,1390.355647
-9.083628,11,1390.455534
-5.4442964,5,1390.493948
-9.262953,10,1390.531836
-5.677792,5,1390.629014
-8.590085,9,1390.724539
-6.3560596,7,1390.724571
-11.634157,21,1390.802028
-7.004729,7,1390.901137
-8.238887,8,1390.938267
-8.8186245,9,1391.03272
-6.6227427,6,1392.630734
-5.8307652,7,1392.749701
-9.740173,15,1392.826617
-8.991764,10,1392.902256
-4.8291855,5,1392.902289
-4.806794,5,1393.020657
-6.0214796,6,1393.058886
-7.5672913,7,1393.194292
-7.946601,9,1393.270446
-6.0631742,7,1393.364764
-6.788116,8,1393.461449
-7.5549183,8,1393.558807
-5.7395573,7,1393.656003
24.44198,32,1393.656038
-6.430972,6,1393.789823
-10.160673,11,1393.906132
-9.462577,17,1394.000092
-8.448965,8,1394.000129
-5.7926617,6,1394.157159
-7.9846325,9,1394.1572
-6.095437,7,1394.195143
-6.0221677,7,1394.351018
-9.623566,12,1394.466397
-8.828482,12,1394.466432
-7.053155,6,1394.524528
-5.2426023,5,1394.640798
-5.6026,8,1394.697649
-5.525779,8,1394.697687
-7.323412,7,1394.852051
-5.6668625,9,1394.889069
-6.059288,5,1394.985226
-7.272699,7,1395.061689
-10.829599,17,1395.118554
-6.3765335,7,1395.233173
-6.4880705,7,1395.290469
-9.35165,16,1395.387199
-6.800331,11,1395.500994
-8.183873,12,1395.578154
-6.742753,10,1395.636249
-7.853545,8,1395.71333
-5.7250733,7,1395.771072
-6.509527,6,1395.808906
-5.7368913,6,1395.886973
-5.5178747,7,1395.965591
-7.6198854,10,1396.084765
-5.5908775,7,1396.084802
-5.3259907,5,1396.122705
-4.612635,5,1396.237039
-5.7079372,5,1396.237075
-7.391739,7,1396.32519
-8.637817,12,1396.526039
-9.288068,13,1396.563888
-9.942016,11,1396.607588
-6.5325074,6,1396.726959
-6.3343687,7,1396.796979
-6.2093487,7,1396.834376
-5.3228106,6,1396.912435
-5.212544,5,1396.950658
-6.0650373,6,1397.008287
-5.747245,6,1397.107025
-7.2921557,8,1397.144915
-6.6172667,8,1397.222545
-166.8638,193,1397.280918
-7.5021286,7,1397.336832
-5.550478,6,1397.336861
-6.5869474,6,1397.476106
-6.520413,8,1397.531861
-5.1794434,7,1397.531894
-10.663479,13,1397.611666
-5.8432574,7,1397.712321
-6.759802,9,1397.749062
-5.2580853,9,1397.785675
-4.3476934,9,1397.862366
-5.8253136,6,1397.919075
-6.8202405,9,1397.974271
-5.1288366,5,1398.012667
-6.711909,7,1398.156665
-7.343976,7,1398.198266
25.45658,19,1398.310019
-8.055714,15,1398.349432
-5.969011,7,1398.38764
-7.872553,8,1398.448394
-6.748271,6,1398.547803
-7.197943,7,1398.547844
-5.728957,8,1398.677142
-6.2108965,9,1398.778026
-10.791658,11,1398.83541
-5.9667625,8,1398.892576
-5.6505184,6,1398.949563
-4.9512854,6,1399.044159
-4.8049307,5,1399.081833
-5.228034,5,1399.176539
-7.9492774,14,1399.214505
-7.74693,8,1399.293733
-5.8681593,6,1399.35094
65.7674,36,1399.387407
-6.8763857,7,1399.42537
-4.899708,5,1399.541122
-6.387244,8,1399.54116
-6.1405945,7,1399.578046
-5.745869,5,1399.699013
-7.1766486,9,1399.699048
-4.58722,6,1399.73619
-5.5937376,5,1399.831893
-9.338712,13,1399.92965
-4.64544,5,1399.967081
-7.732878,11,1400.003974
-6.7961807,11,1400.041345
-7.215434,7,1400.143155
-5.0780764,6,1400.183808
-6.5282526,6,1400.221722
-8.185726,9,1400.259694
-6.310947,6,1400.359972
-7.5450273,8,1400.39867
-7.667878,10,1400.521646
-10.5640335,12,1400.635137
-8.346414,8,1400.635178
-6.483815,7,1400.635185
-6.946709,8,1400.751844
-6.5168056,6,1400.789138
-6.0069532,9,1400.864182
-5.49234,10,1400.901272
-5.9128065,5,1400.937803
-7.9882,10,1401.065753
-4.701459,5,1401.065789
-5.7342687,7,1401.108244
-6.8669877,9,1401.239383
-6.6170435,6,1401.29446
-6.1531157,7,1401.375341
-4.545515,4,1401.417007
-7.4630175,10,1401.462712
-6.0682483,6,1401.535946
-5.7149034,6,1401.599431
-9.327944,9,1401.729919
-8.2279,8,1401.796973
-8.565058,14,1401.952047
-5.478812,7,1402.037241
-8.271647,13,1402.146724
-4.6650505,5,1402.186482
-5.2119694,5,1402.322815
-6.023091,5,1402.365777
-5.081478,4,1402.441534
-8.05667,9,1402.603306
-5.496052,7,1402.811448
-6.045312,8,1402.987603
-15.898237,23,1403.042704
-6.557041,6,1403.135621
-5.5999045,7,1403.210132
-6.615711,7,1403.361447
-1.1398056,12,1403.417214
-2.1198177,61,1403.551375
-6.7040462,12,1403.645667
-7.1137466,11,1403.682899
-6.0866714,6,1403.720462
-6.426809,6,1403.851945
-5.877282,5,1403.851979
-5.1918974,8,1403.889449
-5.996479,6,1404.041532
-6.262274,6,1404.0791
-6.1019506,8,1404.119626
-4.9643,7,1404.286337
-6.6906476,6,1404.286373
-6.0954094,6,1404.326334
-5.6373835,5,1404.463597
-7.573721,8,1404.538403
-7.766445,8,1404.538435
-6.601922,6,1404.663277
-5.835915,6,1404.728809
-6.1680703,6,1404.824256
-7.2996936,8,1404.930966
-5.434092,6,1404.988252
-5.555586,6,1405.08569
-6.223875,6,1405.14226
-7.9695687,8,1405.334076
-8.286797,10,1405.334111
-5.969565,6,1405.467204
-48.60032,141,1405.524447
-9.21521,9,1405.561419
-4.8020887,5,1405.616673
-5.014146,6,1405.694516
-6.0477314,6,1405.732047
-6.8042703,6,1405.787754
72.35072,49,1405.843296
-5.512887,5,1405.881023
-4.8139915,4,1405.917192
-6.4274225,7,1406.03608
-6.1258183,6,1406.074759
-8.979984,14,1406.112119
-9.039607,10,1406.178851
-5.6494837,5,1406.23544
-6.2281013,6,1406.292582
-5.412948,9,1406.332341
-6.3611574,7,1406.389248
-7.028412,7,1406.447284
-5.4552712,6,1406.503479
-6.520304,6,1406.559767
-8.713236,11,1406.617371
-5.6195946,5,1406.654743
-7.6019506,8,1406.692424
-5.1130223,6,1406.748069
-6.918353,7,1406.843794
-4.874828,5,1406.882319
-7.436067,10,1406.986357
-7.868252,12,1406.986392
-6.5352182,6,1407.081343
-6.7685366,7,1407.081377
-5.39831,7,1407.186233
-5.8293114,5,1407.225776
-7.627351,10,1407.283397
-7.1618385,8,1407.3204
-6.8416605,8,1407.417757
-5.3837833,6,1407.477103
-8.459019,12,1407.609967
-8.034678,10,1407.699061
-7.1700997,9,1407.742493
-6.814543,6,1407.825852
-9.83854,20,1407.825887
-5.2118287,8,1407.985809
-4.7788954,6,1408.026666
-7.1819024,7,1408.06789
-8.120723,11,1408.130145
-6.550371,6,1408.208331
-5.9933968,6,1408.246289
-5.750621,6,1408.303509
-6.30752,6,1408.383804
-6.518403,7,1408.442671
-12.35745,18,1408.541022
-7.9769206,8,1408.54106
-8.851347,9,1408.639259
-6.294036,6,1408.696911
-9.806783,12,1408.792737
-6.1849594,9,1408.792773
-5.041088,6,1408.830558
-4.866349,5,1408.868948
-5.683358,5,1408.949009
-5.352851,5,1408.987535
-6.380642,6,1409.067731
-8.264108,8,1409.067767
-5.71591,7,1409.21061
-5.1472597,5,1409.210645
-6.520005,6,1409.24866
-8.085794,11,1409.305837
-6.2007904,6,1409.383779
-6.6928844,6,1409.462312
-6.1274776,6,1409.559901
-7.481267,11,1409.55994
-8.516777,13,1409.599064
-6.51167,6,1409.657169
-4.969977,5,1409.714658
-6.085019,7,1409.792206
-5.1564407,5,1409.848458
-7.0338845,10,1409.926612
-5.9603677,6,1409.96496
-7.0686812,8,1410.062263
-10.367162,19,1410.100161
-6.997614,7,1410.157801
-8.861553,10,1410.220581
-7.180108,7,1410.293503
-7.363339,8,1410.351726
-5.41967,6,1410.41815
-6.3850317,9,1410.460461
-8.498632,9,1410.585032
-6.188927,6,1410.658902
-6.6866693,8,1410.712651
-9.934856,11,1410.766292
-5.3021507,6,1410.826463
-8.143585,8,1410.92613
-8.00458,8,1410.964962
-7.6690464,9,1411.032588
-6.426444,9,1411.155903
-5.6725492,7,1411.217178
-5.8514214,5,1411.254001
-5.789019,5,1411.313535
-6.8284626,11,1411.392805
-6.3078737,6,1411.600174
-5.026923,4,1411.600209
-6.919362,8,1411.600216
-5.9221115,6,1411.75631
-5.812248,7,1411.819656
-7.8540716,7,1411.81969
-6.944081,7,1411.963317
-8.234201,8,1412.019102
-8.731781,10,1412.075177
-2.3153613,28,1412.151293
-5.632183,6,1412.151326
-6.3414845,6,1412.211118
-6.3208485,6,1412.282256
-4.9863296,5,1412.391737
-6.3137493,7,1412.391772
-7.0522614,7,1412.535004
-6.7173758,9,1412.672243
-7.5620494,9,1412.672281
-5.5690594,6,1412.816713
-7.439893,12,1412.873413
-6.2573233,7,1412.873446
-18.078585,25,1412.949673
-7.0379057,7,1413.07084
-7.4834447,10,1413.204292
-11.172767,11,1413.204329
-5.6262703,5,1413.279606
-10.314946,12,1413.338352
-5.88914,6,1413.396762
-7.8308845,8,1413.455932
-5.29947,7,1413.495791
-7.386384,7,1413.556601
-6.852705,7,1413.658885
-7.350539,12,1413.75446
-7.2063627,7,1413.754498
-5.0060606,6,1413.909757
-6.0767937,6,1413.909796
-6.858458,10,1413.947924
-6.5929613,6,1414.091134
-6.1033325,10,1414.186564
-7.7568026,10,1414.223029
-7.3216295,8,1414.298908
-6.67746,6,1414.356962
-6.7529545,6,1414.395073
-5.9374523,6,1414.473087
-5.1860404,7,1414.549896
-6.4331846,10,1414.647331
-6.1433783,8,1414.685608
-6.180791,7,1414.741843
-6.1607637,6,1414.893611
-7.8470087,8,1414.893648
-6.6024656,6,1415.027333
-8.485948,9,1415.103271
-5.483526,6,1415.17921
-5.599755,6,1415.253539
-6.462373,6,1415.328307
-6.2425356,7,1415.4236
-26.163486,75,1415.483599
-7.1332307,9,1415.560101
-6.661821,6,1415.59793
-6.481938,6,1415.656645
-6.9047174,7,1415.776311
-8.090818,9,1415.816332
-7.54021,9,1415.894606
-6.4809856,7,1415.973102
-4.923621,4,1416.01071
-8.834175,10,1416.086727
-35.67068,56,1416.123819
-5.3058224,6,1416.161071
-7.07795,7,1416.299738
-6.33988,9,1416.354713
-5.3229713,7,1416.354745
-9.633038,15,1416.432582
-6.191965,6,1416.511732
-4.9269896,7,1416.567401
-6.980509,8,1416.567435
-6.5715528,6,1416.623221
-6.060651,6,1416.700352
-5.6552634,6,1416.736685
-7.5449557,9,1416.813257
-6.077796,5,1416.850988
-5.8941793,5,1416.888107
-7.004204,10,1416.925396
-4.9698706,5,1417.005187
-5.8131123,7,1417.043318
-6.4436445,9,1417.150431
-7.248109,9,1417.187394
-4.956672,6,1417.224744
-6.9209366,8,1417.264024
-5.8710847,5,1417.348258
-7.382771,9,1417.446012
-5.5678196,6,1417.446049
-8.526346,8,1417.483841
-7.205696,7,1417.560142
-7.0638876,7,1417.6362
-7.7368693,8,1417.69582
-6.378936,6,1417.797369
-8.984845,10,1417.852976
-5.2315083,5,1417.853007
-5.7827578,5,1417.949784
-6.379298,7,1418.044519
-5.9654703,7,1418.044553
-6.992889,7,1418.140942
28.327534,27,1418.198685
-5.738303,5,1418.314676
0.39956856,11,1418.414952
-5.7192497,6,1418.473403
37.956955,21,1418.570284
-6.7632904,8,1418.666262
-7.2664275,11,1418.703124
-8.184499,8,1418.780538
-5.634391,5,1418.839514
-8.509457,9,1418.914726
-6.363141,7,1419.030836
-6.520273,9,1419.03087
-5.513446,5,1419.068548
-4.885388,5,1419.202846
-6.2335587,6,1419.202879
-13.094447,45,1419.239747
-8.573273,9,1419.296438
-5.064514,6,1419.396622
-7.818227,9,1419.474876
-6.606312,6,1419.474912
-7.733583,11,1419.533004
-5.3969564,5,1419.571571
-4.9394746,6,1419.668927
-4.9623604,6,1419.668965
-4.9464946,6,1419.727719
-6.7465453,6,1419.766883
-4.806387,4,1419.804624
-6.597191,7,1419.883262
-5.936137,7,1419.977376
-4.824093,6,1419.977408
-5.361316,5,1419.977415
-5.6493444,5,1420.114029
-6.719178,7,1420.114071
-6.7886,7,1420.190869
-5.754711,7,1420.190907
-5.5495157,5,1420.268494
-5.403433,6,1420.307333
-7.046859,7,1420.385027
-7.9419594,10,1420.466327
-7.098802,7,1420.505865
-5.845702,9,1420.557546
-5.064745,6,1420.618403
-5.827537,6,1420.703471
-6.8362455,8,1420.790508
-5.4852247,5,1420.867393
-7.637691,8,1420.867424
-8.535431,10,1420.903953
-6.8077464,6,1420.99563
-5.899085,5,1421.052054
-7.126567,7,1421.128866
-5.5310946,6,1421.195638
-5.4769754,11,1421.233397
-5.892494,7,1421.271694
-5.97334,6,1421.329796
-7.9938293,8,1421.471039
-7.5726213,8,1421.526159
-9.095209,10,1421.52619
-6.5034533,8,1421.580492
-5.131194,6,1421.657304
-6.0729322,6,1421.695586
-5.798251,5,1421.733394
-5.9253225,10,1421.825866
-5.700816,6,1421.878558
-6.828371,7,1421.958758
-7.6540895,8,1422.022417
-6.112035,6,1422.081554
-6.806512,8,1422.118308
-5.667927,5,1422.175259
-8.404671,12,1422.315487
-7.298197,8,1422.315524
-8.445498,8,1422.429252
-7.137829,6,1422.511965
-6.0439153,8,1422.595431
-5.561492,5,1422.679457
-7.7469163,8,1422.806448
-9.718949,14,1422.844016
-9.299269,9,1422.938292
-4.9332476,7,1423.01908
-6.3892827,7,1423.057669
-6.239665,6,1423.119571
-7.7338147,8,1423.245266
-6.249482,8,1423.299195
-5.893857,6,1423.299229
-5.285104,5,1423.437084
-5.697895,5,1423.437119
-7.364278,8,1423.496336
-6.3156166,10,1423.697841
-6.673959,8,1423.697881
-7.3990364,14,1423.797588
-6.4378495,6,1423.855015
-7.0516334,8,1423.913565
-5.496111,6,1423.973445
-4.7289667,6,1424.031753
-6.4735146,6,1424.092285
-5.359149,6,1424.152131
-7.707281,7,1424.229874
-5.516781,6,1424.267391
-5.733963,6,1424.325174
-7.772587,8,1424.462772
-6.8243284,7,1424.462807
-8.433997,8,1424.542457
-7.1089873,7,1424.643243
-6.957767,8,1424.681789
-7.8284354,8,1424.762389
-5.4367514,5,1424.822381
-6.2637367,7,1424.858984
-5.8760643,5,1424.999954
-6.0345592,8,1424.999991
16.633492,11,1425.122967
-6.305428,7,1425.1828
-4.395562,9,1425.240769
-4.69468,6,1425.341196
-7.067962,8,1425.463216
-9.512864,12,1425.463253
-5.782431,5,1425.627831
-5.5016527,7,1425.686158
-8.53845,12,1425.723802
-5.7535505,5,1425.781335
-7.8321075,9,1425.917861
-8.505126,9,1425.994559
-8.244747,12,1426.031051
-5.897993,7,1426.107789
-5.536106,5,1426.144695
-5.545565,6,1426.202041
-4.939838,6,1426.298026
-7.779452,8,1426.335271
4302.4062,149,1426.371905
-4.761732,5,1426.487603
-7.0947566,10,1426.487636
-6.465929,8,1426.558938
-6.7314157,7,1426.601325
-6.75502,7,1426.732389
-6.1134114,10,1426.846087
-8.124355,8,1426.889026
-7.7180777,8,1427.001152
-5.969331,7,1427.09485
-5.67505,8,1427.214077
-6.622943,8,1427.29086
-5.388256,5,1427.448175
-6.5952225,9,1427.488856
-7.0504794,7,1427.685763
-5.213765,6,1427.685801
5.5575047,43,1427.879554
-6.871467,7,1427.87959
-10.134312,11,1428.007229
-6.2549777,6,1428.065527
-6.23178,7,1428.111116
-7.359606,7,1428.23162
-5.615897,6,1428.26975
-6.5825305,7,1428.327059
-4.8376536,4,1428.391479
-6.23425,7,1428.460053
-6.8305516,11,1428.632641
-5.5831947,8,1428.684261
-6.8433113,7,1428.81826
-24.827917,68,1428.855925
-8.800918,18,1428.913435
-8.30721,8,1428.913465
-8.153801,8,1429.073406
-6.376183,6,1429.073443
-6.792183,7,1429.128896
-6.690957,8,1429.128929
-6.709766,6,1429.268018
-7.2896085,8,1429.311538
-6.8219776,8,1429.348429
-7.923243,10,1429.385009
-8.331236,9,1429.517847
-6.171916,7,1429.573034
-6.0033994,9,1429.573069
-8.186532,12,1429.670389
-7.1680546,7,1429.72676
-8.005743,8,1429.781452
-8.337172,9,1429.817615
-7.4385815,8,1429.89289
-7.0503407,7,1429.968833
-6.315668,7,1430.006081
-5.59807,7,1430.083222
-6.331139,6,1430.141333
-12.453578,17,1430.205373
-8.4749975,8,1430.24291
-5.8000383,6,1430.280248
-7.346764,9,1430.41498
-5.291508,7,1430.415016
-5.811684,6,1430.452484
-8.421122,8,1430.489787
-4.9597793,6,1430.585606
-5.7374496,6,1430.62329
-7.0123644,8,1430.660303
-5.2526255,7,1430.702428
-5.38064,5,1430.816403
-7.683177,8,1430.852938
-7.520114,8,1430.90611
-7.473393,10,1430.906144
-5.399993,6,1431.020962
-5.7633047,6,1431.058406
-7.310647,9,1431.096258
-9.2879505,11,1431.193675
-8.655363,9,1431.321573
-6.240245,6,1431.394023
-9.231712,11,1431.394057
-6.9207125,12,1431.394063
-6.371375,6,1431.546399
-7.2149568,7,1431.546436
-7.130102,7,1431.583299
-5.6541004,5,1431.683924
-5.1629133,5,1431.743241
-6.64069,12,1431.743276
-8.865983,10,1431.859709
-6.150551,10,1431.997946
-8.709416,10,1432.041728
-6.700315,7,1432.097867
-9.666918,11,1432.097902
-5.527936,6,1432.220299
-6.2229853,6,1432.25883
-9.934216,12,1432.374062
-8.993287,10,1432.374099
-6.1922846,7,1432.432474
-5.1373215,5,1432.551277
-6.4844046,6,1432.651466
-8.471561,12,1432.651498
-9.438458,11,1432.729739
-5.9811254,6,1432.822038
-6.4874578,6,1432.822073
-5.4881353,5,1432.878351
-5.0528784,7,1432.993949
-6.84698,6,1433.030866
-8.134254,9,1433.067708
-5.050906,7,1433.203038
-6.5632124,7,1433.239773
-4.943369,6,1433.375428
-10.819528,12,1433.496582
-5.59334,6,1433.552107
-9.252229,21,1433.55214
-4.9168963,4,1433.647227
-5.4479547,6,1433.704948
-4.997857,4,1433.762157
-8.485758,12,1433.838316
-6.186857,8,1433.932709
-6.643076,6,1433.932741
-5.0855346,5,1433.991524
-6.42009,7,1434.10967
-8.37809,9,1434.190196
-6.6376905,7,1434.19024
-6.152777,7,1434.345526
-4.863287,5,1434.345561
-6.1528187,8,1434.421541
-5.7173624,5,1434.478116
-5.997283,7,1434.535479
-7.2916155,8,1434.633322
-5.4286737,6,1434.702574
-9.268143,10,1434.771298
-5.2696958,6,1434.829405
-5.313635,7,1434.92919
-6.6057677,7,1434.985401
-7.456657,8,1435.059559
-5.8284636,6,1435.135687
-8.117238,9,1435.173521
-19.854633,97,1435.249248
-6.7590394,8,1435.303642
-5.578419,5,1435.303673
-6.4977665,6,1435.360183
-5.036257,4,1435.418042
-7.7254395,8,1435.508197
-9.124195,9,1435.564903
-7.4152966,8,1435.641977
-5.539565,7,1435.699777
-5.3686066,6,1435.737023
-9.593476,14,1435.773378
-5.4519024,7,1435.850344
-6.9061112,7,1435.909304
-7.1115346,7,1435.970433
-6.019299,5,1436.028205
-7.99441,9,1436.028236
-5.137259,5,1436.085859
-5.142765,6,1436.185559
-6.3949814,7,1436.223095
-8.218195,9,1436.262559
-6.641364,6,1436.418913
-7.942646,11,1436.418948
-6.0675783,5,1436.418954
-6.0297356,9,1436.485404
-6.271615,6,1436.58173
-5.699357,6,1436.655385
-5.6441407,8,1436.655416
-5.3514724,5,1436.789385
-8.351685,13,1436.789421
-6.9512815,7,1436.846452
-9.199785,11,1436.903347
-6.2640867,6,1436.960752
-6.9701624,7,1437.138514
-8.515696,9,1437.138549
-7.311499,12,1437.176689
-5.9925137,7,1437.214724
-5.489354,7,1437.347322
-7.2810354,7,1437.347355
-7.3615303,7,1437.385053
-5.8112297,7,1437.423075
-5.4113436,6,1437.519042
-6.6389155,7,1437.574228
-7.0548687,6,1437.574265
-5.470222,6,1437.611218
-6.496108,7,1437.749813
-7.0696,7,1437.788845
-5.4201355,5,1437.926065
-6.245431,6,1438.023331
-9.6491585,15,1438.023369
-5.669194,5,1438.143578
-7.7312617,11,1438.266412
-9.397231,10,1438.308726
-6.4666195,6,1438.35332
-6.8997245,7,1438.54921
-6.8641443,8,1438.549249
-7.106443,8,1438.608555
-5.9066,5,1438.686912
-7.802007,8,1438.764315
-6.462883,7,1438.802863
550.4718,43,1438.879913
-6.484775,6,1438.959422
-10.177738,11,1439.015995
-7.455353,8,1439.01603
-5.362832,5,1439.05392
-6.359537,8,1439.234946
-5.8811846,9,1439.23498
-6.3079424,8,1439.272661
-5.957879,5,1439.373283
-5.389243,5,1439.415936
-6.500665,7,1439.461796
-6.148873,6,1439.58199
-8.371329,8,1439.680529
-6.3401976,10,1439.680568
-5.4012904,5,1439.738703
-5.67492,5,1439.818285
-5.9043765,6,1439.857045
-5.405587,5,1439.89351
-6.7847557,6,1440.029866
-7.859584,9,1440.104438
-7.5781555,10,1440.104473
-6.48753,8,1440.259123
-5.6178975,6,1440.259163
-5.8932123,7,1440.298218
-6.4278564,10,1440.510903
-8.199459,13,1440.588418
-5.5856752,5,1440.646016
10.480258,15,1440.684159
-6.262488,6,1440.762959
-4.466475,5,1440.801187
-6.423783,7,1440.937323
-7.459289,7,1440.974988
-7.6874294,10,1441.188258
-5.9175124,6,1441.344834
-12.042343,27,1441.344875
22.702358,19,1441.403052
-5.628751,5,1441.498745
-4.929291,5,1441.498781
-4.382006,5,1441.558125
-4.744066,5,1441.637493
-6.039203,6,1441.677253
-6.267108,6,1441.734118
-4.5072074,4,1441.812301
-5.5411353,5,1441.812337
-8.198817,7,1441.950829
-5.574793,5,1441.950866
-5.3804874,7,1442.00844
-5.127848,6,1442.11282
-6.555382,6,1442.169324
-9.9284315,13,1442.305414
-5.481148,5,1442.305448
-5.829138,8,1442.34304
-5.176654,6,1442.506713
-6.1428633,6,1442.506755
-19.086662,127,1442.553908
-8.085441,9,1442.635643
-6.180004,6,1442.717785
-5.9908743,8,1442.757866
-6.6219935,6,1442.81683
-5.953745,5,1442.894423
-7.437194,8,1443.012326
-7.094508,9,1443.114366
8.004788,23,1443.150776
-9.044633,10,1443.268618
-5.24953,6,1443.306222
-5.2125044,7,1443.446328
-5.9701967,14,1443.488014
-6.0231276,8,1443.52965
-6.400653,7,1443.645283
-7.089488,8,1443.701694
-6.025048,6,1443.79596
-5.8899536,8,1443.908714
-10.28516,15,1443.908749
-5.41133,5,1443.945097
-4.518152,4,1444.020423
-7.2147193,7,1444.116574
-6.202217,7,1444.193347
-5.434851,5,1444.268276
6.790387,58,1444.268313
-10.164768,14,1444.306163
-5.3068457,5,1444.423986
-6.5597444,7,1444.424024
-6.0275207,6,1444.462251
-6.2168727,9,1444.557855
-5.748089,6,1444.596977
-5.8040876,7,1444.637453
-7.501641,8,1444.703054
-5.499323,5,1444.783591
-6.092074,8,1444.820976
-9.285047,10,1444.918373
-6.492918,7,1444.91841
-6.8044906,6,1444.975141
-5.517132,5,1445.05244
-6.9958115,7,1445.107199
-7.7032557,8,1445.181292
-6.680356,11,1445.311842
-7.1941285,9,1445.386909
-6.891331,7,1445.490184
-7.440176,10,1445.624561
-5.0405636,7,1445.661356
-4.91569,5,1445.754884
-7.144271,12,1445.926713
-6.2264338,8,1446.142877
-10.867309,16,1446.142913
-5.4945593,7,1446.304117
-8.751164,10,1446.379404
-0.41434288,56,1446.459034
-6.329747,6,1446.537096
-4.66048,5,1446.611296
-7.5362935,11,1446.611334
-42.66054,73,1446.669875
-5.3814445,5,1446.707445
-5.9258213,6,1446.802605
-5.7987437,6,1446.802637
-6.082679,6,1446.859929
-6.2191696,7,1446.997669
-6.2233343,7,1446.997705
-7.9982967,12,1447.073815
-6.4352274,7,1447.073848
-5.563957,5,1447.15217
-6.6722164,6,1447.190044
-6.0217156,7,1447.286917
-4.960837,7,1447.286955
-5.1626205,6,1447.371254
-7.2641344,9,1447.429987
-7.336467,10,1447.563348
-7.696804,7,1447.563387
-5.2217674,5,1447.681937
-5.6597424,6,1447.738205
-9.049905,11,1447.738238
-6.0785427,6,1447.857435
-6.23192,6,1447.913836
44.154526,22,1447.913872
-7.7464333,8,1447.976065
-6.686937,5,1448.036553
-6.1040735,6,1448.137021
-6.8653393,9,1448.194319
-5.272111,5,1448.194347
-5.970256,6,1448.347095
-10.4739895,16,1448.386569
-7.865511,8,1448.425038
-5.693473,6,1448.543365
-7.710808,8,1448.598945
-5.5303855,6,1448.598979
27.42689,18,1448.691746
-6.687192,7,1448.812518
-5.401186,5,1448.862406
-6.038616,10,1448.953843
-7.792255,11,1448.953888
-6.0267353,5,1449.054695
-4.89489,4,1449.112271
-7.0500493,7,1449.112302
-5.4563885,6,1449.176285
-7.3380914,7,1449.330799
-7.1878934,8,1449.330835
-7.4537563,7,1449.406067
-8.240072,15,1449.56583
-5.932837,6,1449.565868
-7.962642,9,1449.604104
-4.9052167,11,1449.666309
-6.008591,6,1449.745605
-5.9615827,6,1449.783925
-5.894098,8,1449.821225
-5.2416244,9,1449.921468
-5.811352,5,1449.959294
-7.3791475,7,1450.015488
-6.1627293,8,1450.015522
-6.7424145,7,1450.135005
-6.9817057,9,1450.212031
-5.698991,6,1450.290422
-8.259474,12,1450.327347
-5.363451,7,1450.416805
-5.8175635,6,1450.501325
-5.440546,5,1450.501364
-13.823217,21,1450.599236
-7.6039457,8,1450.657582
-5.5687137,8,1450.716651
-7.0907764,7,1450.854973
-5.443737,5,1450.855008
-8.447254,11,1450.911968
-5.126188,6,1451.009897
-7.030728,7,1451.047366
-5.860624,8,1451.205078
-8.564782,13,1451.242032
17.720402,9,1451.279133
-5.853026,5,1451.375396
-6.8061194,8,1451.474228
-5.675111,7,1451.551183
-4.499213,5,1451.60751
-8.146106,10,1451.783035
